{"name": "Gambela Peoples", "bounding_box": [32.99993896484375, 7.007599830627498, 35.3666610717776, 8.611229896545403], "lat_idx": [206, 223], "lon_idx": [138, 163], "line": [[[34.357200622558594, 34.39788818359398, 34.43955993652361, 34.488639831543026, 34.548858642578296, 34.60533142089861, 34.637241363525334, 34.67073059082048, 34.73052978515648, 34.79138946533209, 34.826831817626896, 34.88346099853521, 34.93484878540039, 34.99562072753912, 35.04893875122076, 35.034969329834155, 34.987228393554744, 34.93180847167997, 34.88751983642584, 34.93476104736328, 34.92871856689459, 34.88854980468767, 34.86996078491228, 34.88233947753912, 34.92201995849632, 34.97129058837919, 35.0046501159668, 35.01239013671875, 35.059558868408374, 35.12400054931646, 35.11849975585943, 35.16453933715843, 35.231288909912166, 35.263488769531534, 35.26165008544939, 35.31349945068354, 35.35842132568382, 35.35829925537121, 35.34415054321306, 35.33919906616211, 35.324550628662166, 35.33308029174822, 35.281448364257756, 35.2236213684082, 35.17586898803722, 35.121158599853686, 35.07072067260748, 35.026191711426065, 34.977340698242415, 34.919799804687614, 34.855258941650334, 34.800518035888615, 34.752510070801065, 34.71136093139671, 34.65541839599638, 34.59130859375006, 34.547760009765625, 34.49774169921892, 34.447257995605526, 34.39039993286161, 34.32841873168974, 34.249679565429915, 34.19874191284174, 34.16381072998047, 34.11767196655285, 34.07145690917986, 34.02818679809599, 34.03430938720709, 34.03205108642601, 33.999889373779354, 33.95829391479492, 33.94420242309576, 33.898368835449276, 33.84888076782255, 33.80316925048851, 33.754669189453125, 33.71556091308611, 33.671291351318416, 33.619403839111555, 33.56721878051752, 33.524284362793026, 33.47914123535185, 33.42472076416021, 33.37663650512724, 33.32810974121122, 33.29203414917009, 33.24267959594732, 33.19311904907232, 33.14226913452143, 33.09252166748075, 33.026119232177905, 33.000820159912166, 33.003471374512, 33.03555679321312, 33.06678771972685, 33.082824707031534, 33.118827819824276, 33.16849136352545, 33.17399978637701, 33.20198059082054, 33.17488098144537, 33.19157028198248, 33.18867111206055, 33.2174606323245, 33.268184661865405, 33.32027816772461, 33.37023162841825, 33.42190933227556, 33.47306823730497, 33.52406692504911, 33.573520660400334, 33.621379852295036, 33.66888046264643, 33.689678192138615, 33.72742843627941, 33.777721405029354, 33.81803131103521, 33.86474990844738, 33.89751815795927, 33.946479797363395, 34.001308441162394, 34.053749084472656, 34.097648620605526, 34.13140869140631, 34.17298126220709, 34.219718933105526, 34.2868080139163, 34.33666992187506], [8.560850143432617, 8.511038780212346, 8.471550941467399, 8.435918807983398, 8.408040046691895, 8.375129699707031, 8.33428955078125, 8.287251472473088, 8.273370742797908, 8.245691299438533, 8.181859016418514, 8.182209968566895, 8.195449829101562, 8.192549705505371, 8.183479309082088, 8.133740425109863, 8.11221981048584, 8.082700729370174, 8.056791305542049, 8.037439346313533, 7.981980800628719, 7.924368858337402, 7.861351013183651, 7.8063488006592365, 7.753139972686768, 7.720499992370719, 7.67507982254034, 7.619600772857723, 7.586238861084098, 7.565188884735051, 7.515389919281006, 7.4748802185058025, 7.488618850708008, 7.539650917053336, 7.487310886383057, 7.456480979919434, 7.426050186157227, 7.37555122375494, 7.323119163513297, 7.2719101905822185, 7.2144207954407875, 7.159399986267147, 7.132390022277832, 7.135631084442252, 7.11322021484375, 7.1300110816955, 7.15852880477911, 7.13447999954235, 7.110489845275993, 7.10404014587408, 7.108089923858643, 7.097980022430477, 7.053939819335994, 7.016390800476074, 7.011981010437012, 7.020131111145076, 7.0475201606751625, 7.076909065246582, 7.078959941864127, 7.067200183868465, 7.048810005187931, 7.089590072631893, 7.106059074401912, 7.144378185272217, 7.166114807128963, 7.210569858551082, 7.238694190978947, 7.290803909301758, 7.353745937347469, 7.415459156036377, 7.445980072021541, 7.495471954345817, 7.516387939453125, 7.551083087921256, 7.592819213867301, 7.61809682846075, 7.654613018036002, 7.693246841430664, 7.701808929443473, 7.688945770263672, 7.717647075653076, 7.740340232849121, 7.749362945556584, 7.7280659675598145, 7.7068281173706055, 7.7420501708984375, 7.770312786102352, 7.780123233795109, 7.785298824310416, 7.794521808624268, 7.829465866088981, 7.873694896697941, 7.930071830749569, 7.969951152801514, 8.01711368560791, 8.068273544311637, 8.10461521148676, 8.124200820922908, 8.183815002441406, 8.232626914978027, 8.28448581695551, 8.332427978515682, 8.385183334350586, 8.42988586425787, 8.451081275939998, 8.447079658508244, 8.434198379516715, 8.445892333984375, 8.45106124877924, 8.466163635253963, 8.446295738220272, 8.46674633026123, 8.444746017456112, 8.397444725036678, 8.363299369811955, 8.372274398803768, 8.40273475646984, 8.434309959411735, 8.478925704956168, 8.495684623718205, 8.493931770324764, 8.52485275268566, 8.549574851989746, 8.588873863220215, 8.558260917663574, 8.60536956787115, 8.600009918213004, 8.574741363525447]]]}