{"name": "Southern Nations, Nationalities and Peoples", "bounding_box": [34.187561035156534, 4.441779136657772, 39.13500976562526, 8.460498809814517], "lat_idx": [180, 222], "lon_idx": [150, 200], "line": [[[38.580211639404354, 38.64239883422874, 38.669990539551065, 38.653709411621094, 38.704811096191406, 38.68481826782238, 38.68727111816406, 38.63832092285162, 38.616031646728516, 38.603908538818644, 38.55215835571295, 38.55435180664068, 38.58422088623041, 38.587310791015796, 38.62461090087919, 38.61251831054693, 38.591430664062784, 38.569358825683764, 38.53557968139654, 38.50271987915056, 38.44749832153349, 38.428688049316634, 38.420978546142635, 38.402221679687784, 38.432300567626896, 38.38153839111334, 38.328720092773494, 38.31204986572283, 38.27951049804693, 38.268390655517635, 38.2232093811038, 38.16696929931646, 38.10750961303728, 38.07915115356451, 38.069221496582145, 38.07611846923845, 38.11986923217768, 38.17282867431658, 38.240760803222656, 38.27465057373041, 38.30830001831066, 38.34495162963884, 38.403388977050895, 38.46277999877958, 38.507858276367244, 38.56911849975586, 38.633098602295206, 38.65626907348633, 38.68035125732416, 38.697528839111555, 38.70251846313505, 38.70153045654314, 38.65087890625006, 38.64625167846708, 38.69129943847662, 38.730121612548885, 38.78205871582031, 38.836299896240405, 38.90452957153349, 38.95275878906267, 38.986019134521655, 39.06206893920927, 39.05532836914057, 39.099380493164176, 39.10272979736334, 39.11941909790045, 39.130149841308594, 39.11264038085943, 39.09674835205095, 39.11597061157232, 39.058811187744425, 38.99132156372082, 38.95323944091825, 38.9241104125976, 38.88877105712919, 38.83736038208036, 38.79740905761747, 38.75999069213884, 38.710350036621094, 38.66463851928728, 38.60810089111345, 38.54328918457037, 38.47846984863304, 38.429969787597656, 38.426300048828296, 38.43574142456072, 38.437599182128906, 38.37995147705095, 38.35786819458036, 38.323051452637, 38.28242111206072, 38.324028015137, 38.37644195556646, 38.35260009765631, 38.30693054199236, 38.25640106201172, 38.201511383056584, 38.21496963500999, 38.1733283996582, 38.14200973510759, 38.1081619262697, 38.08303833007818, 38.10411834716808, 38.161151885986385, 38.20109939575224, 38.17509078979498, 38.19160079956072, 38.24998092651384, 38.296409606933764, 38.28604125976591, 38.2246284484865, 38.173801422119425, 38.15193176269554, 38.10337829589838, 38.054138183594034, 38.01821899414085, 37.97129058837896, 37.9208717346192, 37.8576011657716, 37.816841125488565, 37.79904174804693, 37.8223495483399, 37.85095977783209, 37.85079956054716, 37.82857131958036, 37.79346084594732, 37.77745056152361, 37.78789138793951, 37.78593063354509, 37.84571838378923, 37.89773941040045, 37.94924926757824, 37.98175048828125, 38.00989151000982, 38.022628784179744, 38.07553100585932, 38.083221435546875, 38.027248382568416, 37.966911315918196, 37.93986129760759, 37.950569152832315, 37.949569702148494, 37.93798065185575, 37.903888702392635, 37.90753173828142, 37.90378952026384, 37.830299377441406, 37.77600097656256, 37.70405197143566, 37.64986038208036, 37.603378295898665, 37.55451965332037, 37.494438171386776, 37.444679260254134, 37.37033843994169, 37.32041168212885, 37.266330718994084, 37.20032119750988, 37.14847183227556, 37.08528137207031, 37.025711059570426, 36.97151947021513, 36.94414138793974, 36.90943145751953, 36.895210266113565, 36.8782501220706, 36.8769607543947, 36.900390625000114, 36.90581130981474, 36.87879943847685, 36.84095001220703, 36.794128417969034, 36.76771926879911, 36.734519958496094, 36.71688079834013, 36.670078277588004, 36.616950988769815, 36.52798080444347, 36.44306945800798, 36.34627914428711, 36.26515960693365, 36.196079254150675, 36.113220214844034, 36.05545043945307, 36.00143051147461, 35.961189270019815, 35.96142959594749, 35.864326477050895, 35.81710815429693, 35.815788269043026, 35.81618118286127, 35.81628036499046, 35.81629943847673, 35.81475067138666, 35.84465026855497, 35.85937118530279, 35.82921981811529, 35.84984970092796, 35.83489990234381, 35.78351974487333, 35.73933410644537, 35.6884307861331, 35.637779235840014, 35.59402847290039, 35.54278564453142, 35.491550445556584, 35.44580078125006, 35.39997100830084, 35.35324096679693, 35.30231475830084, 35.297504425048885, 35.318611145019815, 35.29326629638683, 35.245983123779524, 35.199611663818416, 35.137290954590014, 35.130111694336165, 35.058406829834155, 35.01023101806635, 34.99486923217768, 35.00702667236345, 34.99438858032232, 34.96934127807634, 34.96405410766607, 34.972049713134766, 34.95228195190458, 34.982189178466854, 34.99657821655285, 35.00216293334978, 35.019538879394815, 34.98329544067383, 34.950767517089844, 34.908351898193416, 34.85865020751953, 34.80476760864258, 34.744407653808594, 34.70774841308611, 34.649631500244254, 34.596820831299, 34.54590988159197, 34.53121948242193, 34.526420593261776, 34.49235916137701, 34.46162033081072, 34.40668869018572, 34.35196685791044, 34.28897094726585, 34.25362014770536, 34.211360931396655, 34.18977737426752, 34.2431907653808, 34.283508300781364, 34.34323120117182, 34.39963912963867, 34.45510101318382, 34.50608062744169, 34.559349060058764, 34.61164093017578, 34.669231414795206, 34.73101043701189, 34.770549774170036, 34.8180007934572, 34.87046051025408, 34.93244171142595, 34.98588943481457, 35.042591094970874, 35.10726928710966, 35.15719985961931, 35.21281814575201, 35.267360687255916, 35.33351898193354, 35.324630737304744, 35.3269805908206, 35.34133911132807, 35.35401916503912, 35.36587142944353, 35.32413101196289, 35.27717971801775, 35.270118713379134, 35.254791259765796, 35.2493782043457, 35.24861907959013, 35.29576873779314, 35.344001770019645, 35.352729797363565, 35.40320968627958, 35.431430816650675, 35.48765945434576, 35.538951873779524, 35.59236145019548, 35.644329071044865, 35.69646835327154, 35.764888763427905, 35.802860260009936, 35.74164962768555, 35.73075103759771, 35.76850891113304, 35.819091796875284, 35.87139892578119, 35.89078140258806, 35.907871246338175, 35.88978958129894, 35.85387039184576, 35.90053176879883, 35.94437026977556, 35.991161346435604, 36.01491165161144, 36.05464935302763, 36.035228729248104, 36.08969116210943, 36.15930175781256, 36.203338623046875, 36.268161773681925, 36.32645034790039, 36.377380371094034, 36.4298210144043, 36.484378814697266, 36.543979644775675, 36.60108184814459, 36.65449142456072, 36.69681930542009, 36.74214172363298, 36.78710937499994, 36.83411026000988, 36.90177154541033, 36.967529296875114, 37.04225921630888, 37.10757827758795, 37.156929016113395, 37.203178405761776, 37.265018463134936, 37.33378982543951, 37.38262939453142, 37.399890899658374, 37.410308837890625, 37.441818237304915, 37.4311714172365, 37.410140991210994, 37.4048118591308, 37.40525817871122, 37.40800857543974, 37.42741012573248, 37.432018280029354, 37.392978668212834, 37.427291870117244, 37.48038864135742, 37.523090362549, 37.56026840209978, 37.60412979125971, 37.60046005249052, 37.59529113769548, 37.60892868042009, 37.62628173828131, 37.5766792297365, 37.52043151855497, 37.47518920898443, 37.46931838989275, 37.48899078369169, 37.53528976440447, 37.59003829956072, 37.63341140747093, 37.68626022338873, 37.73363876342768, 37.79933929443354, 37.86569976806652, 37.91273880004877, 37.97610855102539, 38.03034973144548, 38.07984924316412, 38.12530136108404, 38.18127822875988, 38.24108886718744, 38.292011260986385, 38.3106307983399, 38.32463836669939, 38.37755966186518, 38.424388885498274, 38.44390869140631, 38.45489120483404, 38.47095870971708, 38.529598236084155, 38.580211639404354], [8.447050094604549, 8.414979934692326, 8.353370666503906, 8.287968635559196, 8.247359275817928, 8.193229675293026, 8.125349998474235, 8.135800361633244, 8.198108673095817, 8.253080368042106, 8.26605033874523, 8.21588039398199, 8.174771308898926, 8.113341331481877, 8.071310043335075, 8.01442909240717, 7.9639692306518555, 7.908268928527775, 7.864769935607967, 7.814129829406795, 7.762619018554631, 7.699780941009578, 7.645401000976619, 