{"name": "Central", "bounding_box": [38.695835, 15.168501, 39.046215, 15.570337], "lat_idx": [288, 293], "lon_idx": [195, 199], "line": [[[38.742186, 38.79131, 38.838122, 38.884391, 38.91458, 38.935033, 38.980305, 39.020418, 39.010249, 39.035766, 39.04131, 39.026599, 38.984267, 38.938488, 38.888408, 38.841066, 38.795044, 38.743345, 38.700092, 38.730388, 38.753908, 38.753687, 38.761982, 38.746574], [15.512219, 15.527754, 15.547205, 15.567213, 15.527319, 15.480598, 15.456671, 15.426476, 15.376426, 15.3321, 15.28033, 15.226618, 15.197284, 15.175789, 15.187212, 15.206409, 15.22636, 15.232758, 15.260985, 15.301713, 15.346689, 15.397205, 15.447509, 15.495818]]]}