{"name": "Debubawi Keyih Bahri", "bounding_box": [40.477716, 12.387868, 43.137048, 15.022083], "lat_idx": [260, 287], "lon_idx": [213, 240], "line": [[[40.510398, 40.525417, 40.575359, 40.610779, 40.627083, 40.675861, 40.715416, 40.74789, 40.732056, 40.77253, 40.812889, 40.866611, 40.916611, 40.963722, 41.011665, 41.074165, 41.125, 41.174168, 41.207085, 41.246639, 41.287472, 41.319138, 41.336224, 41.372471, 41.405388, 41.421223, 41.461193, 41.497082, 41.522888, 41.545444, 41.584972, 41.622917, 41.645363, 41.671223, 41.699165, 41.748306, 41.804111, 41.839138, 41.887474, 41.936638, 41.977055, 42.009167, 42.043724, 42.081223, 42.099972, 42.147026, 42.182056, 42.210415, 42.228722, 42.19289, 42.237083, 42.26786, 42.301224, 42.303696, 42.334141, 42.356251, 42.362888, 42.373695, 42.381248, 42.405834, 42.458332, 42.508335, 42.545807, 42.568748, 42.603279, 42.644585, 42.669582, 42.725861, 42.752056, 42.749554, 42.77039, 42.779945, 42.828304, 42.867085, 42.915001, 42.968304, 42.992054, 43.042, 43.078251, 43.091999, 43.117027, 43.047348, 42.97261, 42.927917, 42.88208, 42.861878, 42.819885, 42.796081, 42.662763, 42.62345, 42.587466, 42.541366, 42.483886, 42.40428, 42.32881, 42.278724, 42.249094, 42.218334, 42.131943, 42.056393, 42.027063, 41.966284, 41.928084, 41.891084, 41.815143, 41.735583, 41.669447, 41.643783, 41.575536, 41.504333, 41.447034, 41.307363, 41.249363, 41.197334, 41.130928, 41.070313, 41.033266, 40.994613, 40.942174, 40.873144, 40.808723, 40.687424, 40.573113, 40.477716, 40.489636, 40.496576, 40.482742, 40.482982, 40.489748, 40.485025, 40.524902, 40.55555, 40.569143, 40.553889, 40.539598, 40.528666, 40.520615], [14.96303, 15.012472, 14.994139, 14.952917, 14.904972, 14.893723, 14.858306, 14.819167, 14.770778, 14.741195, 14.711611, 14.719584, 14.70625, 14.686639, 14.669583, 14.65875, 14.643723, 14.627889, 14.589139, 14.55125, 14.518723, 14.477083, 14.427472, 14.387917, 14.349139, 14.301666, 14.270833, 14.233306, 14.185, 14.139973, 14.106222, 14.068277, 14.023306, 13.9775, 13.935389, 13.918722, 13.927028, 13.890445, 13.86875, 13.857111, 13.827473, 13.788722, 13.746639, 13.713305, 13.666223, 13.649138, 13.609972, 13.566639, 13.614972, 13.654139, 13.622528, 13.582472, 13.542528, 13.487473, 13.444555, 13.399111, 13.349112, 13.297472, 13.245, 13.201195, 13.187056, 13.191195, 13.227083, 13.1825, 13.146277, 13.106667, 13.063278, 13.047083, 13.0025, 12.950806, 12.899167, 12.847917, 12.862083, 12.828305, 12.812056, 12.814584, 12.859138, 12.861667, 12.827084, 12.771639, 12.7225, 12.67694, 12.6458, 12.622681, 12.601929, 12.556091, 12.528931, 12.48468, 12.387868, 12.42107, 12.460131, 12.495885, 12.51656, 12.46864, 12.57061, 12.63531, 12.698941, 12.765, 12.7775, 12.80122, 12.86744, 12.92456, 13.00944, 13.07342, 13.16153, 13.23664, 13.321913, 13.38553, 13.415614, 13.447, 13.4885, 13.57956, 13.61044, 13.70114, 13.800186, 13.89072, 13.951758, 14.01544, 14.08164, 14.13478, 14.17242, 14.22472, 14.269, 14.299216, 14.348711, 14.400265, 14.451299, 14.503983, 14.558734, 14.611531, 14.642147, 14.68281, 14.731019, 14.779923, 14.830443, 14.880237, 14.930774]], [[42.830387, 42.858723, 42.829529], [12.987473, 12.944167, 12.985806]], [[42.928307, 42.964584, 42.928307], [12.907084, 12.87, 12.907084]], [[42.888332, 42.939167, 42.888721], [12.95875, 12.952056, 12.9475]], [[42.960388, 42.994583, 42.960388], [12.948305, 12.91, 12.947445]]]}