{"name": "Dodoma", "bounding_box": [35.05273, -7.377303, 36.963997, -4.312735], "lat_idx": [62, 94], "lon_idx": [159, 179], "line": [[[35.667243, 35.709347, 35.745342, 35.790404, 35.813796, 35.863565, 35.913409, 35.961343, 36.005451, 36.060941, 36.110782, 36.16328, 36.214484, 36.296189, 36.345285, 36.324432, 36.30516, 36.292947, 36.292519, 36.292862, 36.302045, 36.306472, 36.334192, 36.334385, 36.324906, 36.31799, 36.316322, 36.31575, 36.296493, 36.291826, 36.285589, 36.293674, 36.296601, 36.246409, 36.257812, 36.295383, 36.333277, 36.373172, 36.413861, 36.441785, 36.477353, 36.522535, 36.564444, 36.593892, 36.629024, 36.668422, 36.697085, 36.714788, 36.764997, 36.815269, 36.864316, 36.917563, 36.931745, 36.886709, 36.842964, 36.821992, 36.830469, 36.837866, 36.844231, 36.85013, 36.850856, 36.822101, 36.778156, 36.73455, 36.744707, 36.74773, 36.718512, 36.693921, 36.670561, 36.640461, 36.643529, 36.642785, 36.64359, 36.639739, 36.645948, 36.634393, 36.584345, 36.55003, 36.53486, 36.512787, 36.509233, 36.522507, 36.532231, 36.496179, 36.45045, 36.401334, 36.349771, 36.322194, 36.298129, 36.261341, 36.220539, 36.171959, 36.126855, 36.076846, 36.024685, 35.974991, 35.928587, 35.881342, 35.829784, 35.779285, 35.729014, 35.681481, 35.638097, 35.590653, 35.539995, 35.507182, 35.463714, 35.417399, 35.363221, 35.310872, 35.274118, 35.228266, 35.178031, 35.133578, 35.088731, 35.082056, 35.076809, 35.065366, 35.123866, 35.178183, 35.189866, 35.1986, 35.20309, 35.228361, 35.201749, 35.242789, 35.243948, 35.217577, 35.208032, 35.174439, 35.164818, 35.192697, 35.206668, 35.208995, 35.210856, 35.227953, 35.240667, 35.259912, 35.278304, 35.312274, 35.3407, 35.322282, 35.283506, 35.248648, 35.220447, 35.197209, 35.167559, 35.135389, 35.123734, 35.108493, 35.088976, 35.091352, 35.07378, 35.101052, 35.134556, 35.166622, 35.214983, 35.264589, 35.304313, 35.331501, 35.358704, 35.408691, 35.459831, 35.50278, 35.522105, 35.553658, 35.598234, 35.617726, 35.650367, 35.654888, 35.651629], [-4.485035, -4.457187, -4.421854, -4.396421, -4.35005, -4.341739, -4.352685, -4.371708, -4.395276, -4.396937, -4.401257, -4.402253, -4.408952, -4.422854, -4.435128, -4.481002, -4.527188, -4.576823, -4.647616, -4.697672, -4.750193, -4.801802, -4.843902, -4.895442, -4.944556, -4.995341, -5.048914, -5.103684, -5.157806, -5.210742, -5.276333, -5.331367, -5.385009, -5.408685, -5.462164, -5.505653, -5.538843, -5.569802, -5.600227, -5.641721, -5.676869, -5.700665, -5.737618, -5.77836, -5.815919, -5.852399, -5.895028, -5.943593, -5.937693, -5.937871, -5.950083, -5.93011, -5.978655, -6.001376, -6.029344, -6.077398, -6.128599, -6.179643, -6.238732, -6.290081, -6.34224, -6.384295, -6.410184, -6.448733, -6.498272, -6.548956, -6.594322, -6.644574, -6.689244, -6.730109, -6.780181, -6.83106, -6.881243, -6.931184, -6.981266, -7.030165, -7.043631, -7.080305, -7.128466, -7.17356, -7.223881, -7.27256, -7.321869, -7.365054, -7.33946, -7.32225, -7.330331, -7.287758, -7.240841, -7.201982, -7.169754, -7.152777, -7.129751, -7.129752, -7.121638, -7.132179, -7.113336, -7.093863, -7.092731, -7.092266, -7.078154, -7.058868, -7.031173, -7.011665, -7.012456, -6.972003, -6.945992, -6.926516, -6.93702, -6.933916, -6.967962, -6.989964, -6.980364, -6.953904, -6.929554, -6.865601, -6.805908, -6.752527, -6.734113, -6.72783, -6.67654, -6.623123, -6.565658, -6.520823, -6.465912, -6.435757, -6.383233, -6.339894, -6.284359, -6.242619, -6.19135, -6.140012, -6.069725, -6.018343, -5.963277, -5.914617, -5.864554, -5.818213, -5.770093, -5.733394, -5.6917, -5.637826, -5.606012, -5.569507, -5.528156, -5.481547, -5.441024, -5.402147, -5.353292, -5.304948, -5.257838, -5.206584, -5.15962, -5.11475, -5.07706, -5.037502, -5.012711, -4.981033, -4.94955, -4.899272, -4.856506, -4.865479, -4.847193, -4.82076, -4.769965, -4.726416, -4.69782, -4.650051, -4.61005, -4.559797, -4.508808]]]}