{"name": "Geita", "bounding_box": [31.149676, -4.469112, 32.792927, -2.237867], "lat_idx": [91, 115], "lon_idx": [119, 137], "line": [[[32.189171, 32.224982, 32.264019, 32.307525, 32.358433, 32.40918, 32.460754, 32.511947, 32.473906, 32.427526, 32.40816, 32.43132, 32.49166, 32.540448, 32.553595, 32.580793, 32.596688, 32.641921, 32.681554, 32.727721, 32.776227, 32.778896, 32.771681, 32.779587, 32.781032, 32.775553, 32.747631, 32.704828, 32.689846, 32.698039, 32.652156, 32.604376, 32.557897, 32.508324, 32.527893, 32.544224, 32.533653, 32.516756, 32.466278, 32.419755, 32.372617, 32.35185, 32.304344, 32.310158, 32.320977, 32.328708, 32.322011, 32.312458, 32.363444, 32.407393, 32.406404, 32.369433, 32.370555, 32.317941, 32.275544, 32.233832, 32.195152, 32.151215, 32.108812, 32.054242, 32.010432, 31.960217, 31.909831, 31.880881, 31.864057, 31.844757, 31.814867, 31.764737, 31.714437, 31.691992, 31.669709, 31.649882, 31.666691, 31.68055, 31.672619, 31.670242, 31.656168, 31.623028, 31.568361, 31.515877, 31.469847, 31.422143, 31.41996, 31.398752, 31.367563, 31.367476, 31.348541, 31.33608, 31.343165, 31.35758, 31.375538, 31.374561, 31.35758, 31.347075, 31.326918, 31.307739, 31.272923, 31.233099, 31.220516, 31.212209, 31.213112, 31.212225, 31.19596, 31.167335, 31.182144, 31.219454, 31.267603, 31.312513, 31.368535, 31.420465, 31.470493, 31.514683, 31.554368, 31.561759, 31.549847, 31.528947, 31.504646, 31.481731, 31.46271, 31.482064, 31.530083, 31.567492, 31.578746, 31.615123, 31.665065, 31.707056, 31.699726, 31.648751, 31.598622, 31.552074, 31.506292, 31.45642, 31.421668, 31.403152, 31.418976, 31.455462, 31.503972, 31.554413, 31.597326, 31.624706, 31.608055, 31.655684, 31.655062, 31.695298, 31.745813, 31.75334, 31.755914, 31.791789, 31.796991, 31.749487, 31.714941, 31.745476, 31.754139, 31.801411, 31.851203, 31.815798, 31.768671, 31.768353, 31.784656, 31.778572, 31.830083, 31.826979, 31.821596, 31.870473, 31.867756, 31.913706, 31.90029, 31.948203, 31.977109, 31.981336, 32.031378, 32.002348, 32.000719, 31.971533, 31.932825, 31.98478, 32.009829, 31.99634, 32.030066, 32.063477, 32.105795, 32.155441], [-2.504776, -2.542035, -2.573902, -2.602679, -2.60452, -2.612019, -2.620488, -2.62598, -2.65852, -2.677793, -2.7245, -2.768865, -2.778092, -2.791883, -2.841306, -2.884245, -2.931764, -2.956785, -2.987536, -3.009382, -2.992966, -3.043209, -3.09472, -3.144539, -3.195619, -3.246794, -3.288377, -3.318682, -3.366709, -3.418605, -3.442372, -3.426753, -3.400971, -3.392058, -3.344823, -3.29742, -3.244851, -3.197668, -3.214504, -3.239659, -3.265178, -3.312019, -3.329007, -3.380234, -3.432703, -3.486794, -3.537658, -3.588137, -3.614182, -3.638117, -3.693958, -3.730856, -3.785727, -3.79135, -3.764839, -3.737014, -3.7703, -3.746367, -3.774058, -3.774485, -3.74989, -3.75211, -3.772264, -3.813513, -3.861763, -3.908989, -3.951091, -3.958094, -3.97637, -4.024129, -4.069661, -4.115565, -4.165358, -4.216249, -4.266593, -4.318168, -4.371098, -4.421121, -4.425483, -4.414139, -4.458232, -4.440418, -4.389113, -4.341082, -4.299602, -4.248536, -4.200771, -4.152151, -4.102309, -4.053933, -4.004703, -3.954494, -3.906607, -3.856766, -3.809489, -3.762702, -3.721778, -3.68855, -3.639442, -3.589722, -3.539433, -3.487517, -3.440201, -3.39788, -3.333874, -3.298802, -3.285187, -3.313315, -3.319948, -3.304659, -3.298132, -3.268958, -3.236995, -3.183511, -3.130315, -3.083969, -3.038767, -2.994153, -2.94323, -2.894996, -2.90948, -2.943404, -2.894352, -2.85823, -2.850044, -2.820108, -2.770473, -2.756732, -2.765676, -2.746467, -2.720636, -2.714054, -2.67774, -2.630975, -2.583277, -2.546779, -2.53053, -2.523604, -2.494644, -2.451894, -2.404208, -2.388364, -2.336443, -2.304988, -2.297811, -2.34765, -2.398485, -2.433885, -2.484543, -2.503157, -2.540261, -2.580029, -2.629325, -2.610312, -2.603101, -2.638681, -2.655706, -2.706027, -2.754247, -2.80475, -2.801971, -2.751877, -2.701784, -2.690566, -2.741735, -2.721958, -2.673601, -2.688716, -2.729868, -2.78069, -2.776304, -2.734592, -2.683775, -2.642374, -2.606771, -2.598698, -2.553572, -2.504837, -2.467119, -2.505702, -2.532538, -2.520401]], [[31.775981, 31.811842, 31.852187, 31.887746, 31.906034, 31.909081, 31.866832, 31.840967, 31.835569, 31.793863], [-2.288865, -2.253665, -2.284899, -2.32503, -2.373543, -2.427263, -2.455342, -2.407997, -2.354023, -2.32213]]]}