{"name": "Iringa", "bounding_box": [34.193339, -9.040651, 36.844811, -6.886497], "lat_idx": [46, 68], "lon_idx": [150, 177], "line": [[[34.193799, 34.231477, 34.28292, 34.334312, 34.385004, 34.434953, 34.469005, 34.505946, 34.548351, 34.590975, 34.622013, 34.657228, 34.684987, 34.730032, 34.772804, 34.814101, 34.858073, 34.902364, 34.949462, 34.99872, 35.054936, 35.104122, 35.143955, 35.192836, 35.240896, 35.278392, 35.325059, 35.375403, 35.427879, 35.478691, 35.51221, 35.556683, 35.606977, 35.655435, 35.697313, 35.744338, 35.794263, 35.844316, 35.891071, 35.942054, 35.989133, 36.039174, 36.090566, 36.142342, 36.190889, 36.235064, 36.265729, 36.301422, 36.321506, 36.363608, 36.418087, 36.466352, 36.478698, 36.507294, 36.518802, 36.565, 36.616134, 36.671519, 36.731958, 36.785506, 36.781017, 36.832465, 36.835437, 36.830625, 36.814679, 36.785948, 36.7564, 36.723037, 36.701207, 36.664812, 36.607813, 36.549794, 36.497719, 36.463392, 36.416214, 36.37073, 36.32352, 36.273006, 36.234146, 36.189315, 36.142629, 36.117772, 36.08431, 36.044352, 36.006346, 35.966439, 35.916201, 35.886666, 35.871892, 35.842958, 35.785354, 35.737861, 35.691629, 35.695838, 35.654776, 35.61295, 35.581694, 35.531504, 35.48473, 35.430675, 35.381412, 35.349664, 35.344829, 35.356963, 35.328773, 35.353021, 35.382682, 35.398539, 35.36027, 35.310514, 35.259262, 35.209563, 35.157512, 35.128748, 35.110304, 35.139692, 35.141242, 35.129994, 35.083197, 35.034854, 34.991615, 34.940107, 34.894559, 34.865571, 34.88063, 34.831877, 34.781777, 34.72996, 34.717106, 34.714691, 34.724286, 34.708667, 34.69418, 34.72881, 34.757586, 34.790608, 34.823618, 34.856013, 34.88936, 34.92489, 34.955559, 34.929972, 34.906129, 34.882574, 34.857121, 34.830485, 34.786523, 34.747686, 34.716055, 34.681024, 34.629112, 34.568209, 34.509093, 34.458396, 34.406862, 34.356661, 34.324519, 34.296399, 34.267627, 34.199235, 34.193736], [-7.370769, -7.334656, -7.331726, -7.328557, -7.321771, -7.31265, -7.275718, -7.241429, -7.213248, -7.184334, -7.142373, -7.092623, -7.046512, -7.022107, -6.991396, -6.959454, -6.93413, -6.908304, -6.888033, -6.899374, -6.915315, -6.93355, -6.964099, -6.980295, -6.994538, -6.960207, -6.935701, -6.93373, -6.934391, -6.946841, -6.985397, -7.010049, -7.021964, -7.035223, -7.063175, -7.081583, -7.08694, -7.08605, -7.105117, -7.114926, -7.13387, -7.119239, -7.124649, -7.132577, -7.145769, -7.170304, -7.210975, -7.247516, -7.294594, -7.328276, -7.328428, -7.348885, -7.39919, -7.445314, -7.494558, -7.515739, -7.534046, -7.55231, -7.581825, -7.591959, -7.642013, -7.647817, -7.70593, -7.757818, -7.810579, -7.854885, -7.899447, -7.944346, -7.99011, -8.025284, -8.026133, -8.026808, -8.02716, -7.979716, -8.014789, -8.040297, -8.072622, -8.107205, -8.140752, -8.178537, -8.227233, -8.270801, -8.308185, -8.33875, -8.37186, -8.413586, -8.435564, -8.477118, -8.526997, -8.570382, -8.604836, -8.633597, -8.662123, -8.714499, -8.751657, -8.724233, -8.684686, -8.676606, -8.658006, -8.660739, -8.674697, -8.714473, -8.765287, -8.814185, -8.855785, -8.900099, -8.941203, -8.98867, -9.024416, -9.031424, -9.034259, -9.040651, -9.031426, -8.98846, -8.940941, -8.899595, -8.848779, -8.799441, -8.779662, -8.794077, -8.819338, -8.820761, -8.796231, -8.755051, -8.706866, -8.681442, -8.67635, -8.673666, -8.624784, -8.572444, -8.522265, -8.473045, -8.42507, -8.388628, -8.347408, -8.30707, -8.269496, -8.230346, -8.190458, -8.153958, -8.112545, -8.067232, -8.020039, -7.974451, -7.928936, -7.884257, -7.853943, -7.819479, -7.778154, -7.739654, -7.723316, -7.720236, -7.711427, -7.72185, -7.728878, -7.73107, -7.691107, -7.64772, -7.589981, -7.494469, -7.380097]]]}