{"name": "Kaskazini-Pemba", "bounding_box": [39.630091, -5.208608, 39.876199, -4.864378], "lat_idx": [84, 88], "lon_idx": [204, 208], "line": [[[39.712652, 39.673918, 39.677553, 39.727893, 39.771475, 39.807879, 39.855929, 39.860551, 39.873366, 39.872641, 39.836561, 39.835403, 39.823963, 39.852442, 39.808212, 39.776913, 39.726639, 39.687385, 39.695089, 39.684268, 39.678755], [-4.984702, -4.952965, -4.901888, -4.903368, -4.930927, -4.967686, -4.953746, -4.903924, -4.952273, -5.00236, -5.037484, -5.087532, -5.136276, -5.177543, -5.200878, -5.161517, -5.160534, -5.129219, -5.079571, -5.030626, -4.98079]], [[39.834579, 39.849896, 39.865723], [-5.103671, -5.05602, -5.103701]], [[39.633508, 39.646882, 39.643603], [-5.084054, -5.035537, -5.085545]]]}