{"name": "Kaskazini-Unguja", "bounding_box": [39.181401, -6.040009, 39.401207, -5.721897], "lat_idx": [76, 80], "lon_idx": [200, 203], "line": [[[39.401207, 39.347276, 39.296978, 39.246931, 39.195562, 39.183776, 39.185996, 39.2244, 39.268989, 39.289852, 39.291212, 39.302075, 39.33493, 39.358919, 39.356538, 39.35662, 39.370355, 39.387376], [-6.021609, -6.030773, -6.027037, -6.035999, -6.025026, -5.975061, -5.924883, -5.890596, -5.867571, -5.821433, -5.77137, -5.722526, -5.761567, -5.805932, -5.85615, -5.909888, -5.958444, -6.006368]], [[39.211576, 39.217001, 39.235071], [-5.844674, -5.789537, -5.836439]]]}