{"name": "Katavi", "bounding_box": [29.903001, -7.611911, 32.758813, -5.133377], "lat_idx": [60, 86], "lon_idx": [107, 137], "line": [[[30.505192, 30.470493, 30.446407, 30.398333, 30.407194, 30.37497, 30.349592, 30.323309, 30.278417, 30.257795, 30.279518, 30.266102, 30.258658, 30.26155, 30.256221, 30.258325, 30.25662, 30.253742, 30.228666, 30.21425, 30.185193, 30.188568, 30.180819, 30.168881, 30.148773, 30.126731, 30.090082, 30.089185, 30.051396, 30.021765, 30.042708, 30.012997, 29.964734, 29.937814, 29.905884, 29.964605, 30.020574, 30.074717, 30.094083, 30.101007, 30.117468, 30.168616, 30.178481, 30.226867, 30.255202, 30.307712, 30.361153, 30.413545, 30.468345, 30.523734, 30.559152, 30.6098, 30.65241, 30.695224, 30.719484, 30.751981, 30.792087, 30.826123, 30.872996, 30.941956, 30.990571, 31.037235, 31.096295, 31.147945, 31.183926, 31.186918, 31.184127, 31.138294, 31.088562, 31.066314, 31.045864, 31.086486, 31.125896, 31.157557, 31.157414, 31.211557, 31.253017, 31.30536, 31.359263, 31.408927, 31.463905, 31.516938, 31.565778, 31.613376, 31.665389, 31.700907, 31.746648, 31.782517, 31.835915, 31.886382, 31.935081, 31.995592, 32.030927, 32.067069, 32.087031, 32.093131, 32.115231, 32.133792, 32.167128, 32.178339, 32.200698, 32.240039, 32.280118, 32.330143, 32.377493, 32.41879, 32.463486, 32.513631, 32.565202, 32.613738, 32.659934, 32.697336, 32.747625, 32.75355, 32.755979, 32.758408, 32.756789, 32.746364, 32.746803, 32.746485, 32.746744, 32.746715, 32.696084, 32.641546, 32.586637, 32.58058, 32.563741, 32.517081, 32.472483, 32.402085, 32.324607, 32.27895, 32.268682, 32.25447, 32.223741, 32.199286, 32.154352, 32.09826, 32.082417, 32.047247, 31.980172, 31.936677, 31.889853, 31.850568, 31.806707, 31.757155, 31.728991, 31.677849, 31.621727, 31.577066, 31.527613, 31.490034, 31.490675, 31.456531, 31.430168, 31.375326, 31.353499, 31.343283, 31.33841, 31.343396, 31.306691, 31.259689, 31.20165, 31.149697, 31.122322, 31.079498, 31.029428, 30.980029, 30.954567, 30.966335, 30.960414, 30.904629, 30.855009, 30.804836, 30.754576, 30.705043, 30.651466, 30.600662, 30.550224], [-6.912829, -6.876469, -6.831991, -6.80249, -6.751138, -6.712618, -6.6695, -6.626775, -6.603138, -6.556074, -6.50941, -6.460867, -6.410896, -6.35048, -6.296195, -6.230243, -6.172947, -6.117509, -6.044725, -5.994316, -5.952753, -5.895044, -5.844621, -5.795292, -5.749308, -5.703248, -5.665929, -5.613472, -5.578122, -5.537634, -5.491396, -5.440989, -5.415207, -5.369601, -5.330862, -5.341341, -5.343292, -5.336329, -5.289161, -5.232241, -5.183404, -5.18763, -5.236733, -5.219597, -5.177033, -5.162771, -5.15898, -5.149206, -5.148251, -5.147098, -5.183476, -5.197874, -5.167471, -5.133929, -5.179765, -5.21799, -5.254043, -5.292974, -5.311226, -5.292649, -5.273968, -5.253717, -5.263285, -5.273607, -5.322914, -5.377995, -5.432531, -5.461113, -5.474394, -5.525175, -5.574422, -5.607114, -5.6405, -5.683135, -5.736262, -5.750136, -5.78373, -5.786788, -5.79696, -5.818975, -5.823607, -5.823994, -5.812804, -5.830901, -5.825331, -5.785559, -5.761578, -5.726601, -5.728557, -5.731467, -5.744565, -5.758322, -5.793954, -5.831746, -5.880837, -5.931137, -5.977537, -6.025833, -6.065069, -6.115811, -6.161561, -6.196693, -6.229686, -6.229954, -6.249122, -6.280858, -6.303403, -6.313937, -6.316968, -6.330886, -6.35142, -6.388364, -6.402729, -6.499641, -6.569272, -6.625544, -6.712987, -6.775072, -6.827681, -6.883929, -6.93872, -6.992473, -6.997837, -6.999101, -6.998683, -7.050836, -7.100651, -7.123416, -7.147641, -7.189954, -7.229555, -7.269555, -7.340514, -7.390305, -7.442405, -7.487674, -7.515781, -7.510391, -7.562234, -7.60129, -7.568637, -7.531309, -7.487696, -7.4487, -7.423736, -7.444232, -7.489679, -7.506557, -7.515559, -7.551407, -7.540342, -7.502924, -7.451147, -7.41451, -7.457264, -7.470737, -7.424875, -7.37296, -7.322562, -7.268194, -7.23183, -7.212507, -7.213336, -7.202648, -7.16009, -7.127128, -7.114239, -7.104283, -7.057806, -7.006107, -6.952809, -6.930437, -6.919093, -6.914474, -6.900231, -6.888835, -6.887521, -6.894116, -6.908109]]]}