{"name": "Kilimanjaro", "bounding_box": [36.889585, -4.61371, 38.403605, -2.849522], "lat_idx": [90, 109], "lon_idx": [177, 193], "line": [[[37.429372, 37.475901, 37.519146, 37.566346, 37.622766, 37.670614, 37.680336, 37.689202, 37.697815, 37.70552, 37.688556, 37.654599, 37.615587, 37.584746, 37.624534, 37.668234, 37.714999, 37.750024, 37.767181, 37.803611, 37.887562, 37.952809, 38.027608, 38.074016, 38.247213, 38.389405, 38.368773, 38.34192, 38.315095, 38.286037, 38.255547, 38.22392, 38.192552, 38.155219, 38.120216, 38.11546, 38.072783, 38.023201, 37.972598, 37.928236, 37.878447, 37.827752, 37.784142, 37.7378, 37.694942, 37.659455, 37.611884, 37.570292, 37.529876, 37.502184, 37.490946, 37.502514, 37.502491, 37.498108, 37.508901, 37.50978, 37.492148, 37.471013, 37.459497, 37.465238, 37.459395, 37.463564, 37.432855, 37.415598, 37.416468, 37.444288, 37.399745, 37.348949, 37.328151, 37.304583, 37.294821, 37.244785, 37.213739, 37.16319, 37.120032, 37.069225, 37.05565, 37.055194, 37.060088, 37.044769, 37.011405, 36.980231, 36.937245, 36.901183, 36.909419, 36.927018, 36.933783, 36.972327, 37.021876, 37.063003, 37.089569, 37.125575, 37.175635, 37.225912, 37.289286, 37.343903, 37.394355], [-2.906425, -2.932119, -2.957387, -2.987223, -3.025113, -3.058554, -3.115757, -3.169345, -3.220309, -3.269721, -3.319788, -3.365183, -3.403258, -3.447731, -3.478898, -3.504703, -3.528982, -3.567389, -3.630868, -3.687754, -3.746281, -3.792515, -3.843903, -3.876453, -3.998332, -4.098116, -4.162348, -4.205813, -4.248013, -4.293286, -4.339432, -4.385882, -4.43276, -4.484082, -4.530623, -4.582098, -4.613253, -4.598245, -4.598928, -4.574521, -4.579898, -4.577326, -4.605877, -4.581674, -4.554929, -4.517296, -4.501507, -4.473228, -4.443697, -4.401775, -4.352958, -4.303133, -4.251877, -4.19999, -4.150436, -4.09966, -4.05173, -4.005309, -3.955608, -3.905754, -3.855609, -3.804567, -3.757672, -3.710711, -3.660439, -3.618391, -3.641343, -3.636246, -3.590765, -3.545065, -3.495942, -3.49276, -3.453461, -3.453051, -3.478996, -3.486638, -3.437989, -3.387642, -3.337774, -3.289984, -3.252598, -3.213244, -3.187625, -3.152486, -3.102979, -3.055564, -3.005654, -2.973573, -2.963908, -2.935249, -2.89286, -2.858097, -2.854793, -2.851117, -2.858136, -2.874082, -2.892834]]]}