{"name": "Lindi", "bounding_box": [36.868123, -10.735825, 39.979933, -7.932525], "lat_idx": [29, 58], "lon_idx": [177, 209], "line": [[[39.191553, 39.241094, 39.2577, 39.284399, 39.297743, 39.2816, 39.285724, 39.278476, 39.328605, 39.355563, 39.35685, 39.367538, 39.405583, 39.446348, 39.472105, 39.507693, 39.520837, 39.474594, 39.426622, 39.380434, 39.359693, 39.362694, 39.381608, 39.404896, 39.451354, 39.501807, 39.550547, 39.514168, 39.469826, 39.447107, 39.486778, 39.534517, 39.581609, 39.611059, 39.637842, 39.633297, 39.65122, 39.656379, 39.619156, 39.568157, 39.604883, 39.648456, 39.680189, 39.695741, 39.719349, 39.721657, 39.73704, 39.717401, 39.760656, 39.779079, 39.806247, 39.789254, 39.739229, 39.785253, 39.744391, 39.706177, 39.70558, 39.657798, 39.659792, 39.66943, 39.687971, 39.725804, 39.755637, 39.805634, 39.843186, 39.893488, 39.918743, 39.962512, 39.972585, 39.976748, 39.935431, 39.89275, 39.848118, 39.7969, 39.750396, 39.707683, 39.690624, 39.703528, 39.710028, 39.723701, 39.692103, 39.655049, 39.600185, 39.57095, 39.539327, 39.500001, 39.485875, 39.470331, 39.425444, 39.375104, 39.328532, 39.280718, 39.231375, 39.190732, 39.141537, 39.095759, 39.05286, 39.005035, 38.957377, 38.909367, 38.876595, 38.825704, 38.775624, 38.734608, 38.704844, 38.661965, 38.610433, 38.566495, 38.518264, 38.471153, 38.424348, 38.371325, 38.320353, 38.277109, 38.264241, 38.211297, 38.159026, 38.101898, 38.05037, 37.999574, 37.950143, 37.885597, 37.882174, 37.881573, 37.865054, 37.836443, 37.785989, 37.731589, 37.678807, 37.62666, 37.586661, 37.541339, 37.49432, 37.446206, 37.396998, 37.34708, 37.297065, 37.242457, 37.196496, 37.149158, 37.097698, 37.046674, 36.993694, 36.968535, 36.944038, 36.90684, 36.873581, 36.878317, 36.886262, 36.933532, 36.975069, 37.002863, 37.038733, 37.074676, 37.100904, 37.122727, 37.141159, 37.250744, 37.272023, 37.281734, 37.281683, 37.309632, 37.320263, 37.339312, 37.362974, 37.380495, 37.380891, 37.393441, 37.403532, 37.411609, 37.406593, 37.400777, 37.418396, 37.434657, 37.468075, 37.521192, 37.557104, 37.573303, 37.59935, 37.632818, 37.645346, 37.660292, 37.697262, 37.719702, 37.762847, 37.815232, 37.840763, 37.879302, 37.925865, 37.971212, 38.023611, 38.087073, 38.200502, 38.24901, 38.294032, 38.339583, 38.388334, 38.434411, 38.482506, 38.511391, 38.509977, 38.513018, 38.564648, 38.62555, 38.680076, 38.731544, 38.765, 38.798653, 38.842922, 38.891375, 38.940688, 38.985898, 39.033112, 39.086069, 39.130243, 39.166817], [-8.262484, -8.271506, -8.3204, -8.363524, -8.412004, -8.459744, -8.511235, -8.56194, -8.559523, -8.604282, -8.654907, -8.705523, -8.739314, -8.770227, -8.813897, -8.850919, -8.899745, -8.879738, -8.861757, -8.887052, -8.936124, -8.986469, -8.938968, -8.983331, -8.963646, -8.953137, -8.976401, -9.011077, -9.036151, -9.081533, -9.119083, -9.10411, -9.121048, -9.161725, -9.204686, -9.25476, -9.302867, -9.353238, -9.389734, -9.385611, -9.420033, -9.44824, -9.488566, -9.536544, -9.583072, -9.633244, -9.681664, -9.727874, -9.753733, -9.800531, -9.843069, -9.89062, -9.885857, -9.906637, -9.937551, -9.970289, -10.021137, -10.004696, -10.055185, -10.104381, -10.056979, -10.023738, -9.9816, -9.969381, -10.003193, -10.010933, -10.054202, -10.078984, -10.130072, -10.180314, -10.211286, -10.238044, -10.261027, -10.264761, -10.286021, -10.316066, -10.364891, -10.418516, -10.469602, -10.519768, -10.559737, -10.596065, -10.59745, -10.549618, -10.502988, -10.468553, -10.418575, -10.369877, -10.343566, -10.344322, -10.325924, -10.340999, -10.351892, -10.381573, -10.397933, -10.420994, -10.446753, -10.462682, -10.482643, -10.501093, -10.540212, -10.550582, -10.545897, -10.516074, -10.475737, -10.504724, -10.511586, -10.543446, -10.562193, -10.585214, -10.604592, -10.604382, -10.604382, -10.63516, -10.683887, -10.692311, -10.689196, -10.687309, -10.706719, -10.723751, -10.734694, -10.734541, -10.683177, -10.633173, -10.583666, -10.542148, -10.546703, -10.539175, -10.527692, -10.509286, -10.47788, -10.454945, -10.433676, -10.413088, -10.393279, -10.376918, -10.361142, -10.347014, -10.322452, -10.298422, -10.292835, -10.284034, -10.253872, -10.210539, -10.166644, -10.118601, -10.076614, -10.02206, -9.9545, -9.911459, -9.879011, -9.825032, -9.787401, -9.735497, -9.692165, -9.640227, -9.584492, -9.522234, -9.472526, -9.419266, -9.368639, -9.322069, -9.272087, -9.206919, -9.15799, -9.101676, -9.013409, -8.9632, -8.910527, -8.82896, -8.772005, -8.691066, -8.601643, -8.540409, -8.497631, -8.452473, -8.396207, -8.342318, -8.28601, -8.216237, -8.150068, -8.09494, -8.029203, -7.978644, -7.944441, -7.94712, -7.991986, -8.023964, -8.049133, -8.07114, -8.092418, -8.111994, -8.163791, -8.189446, -8.214015, -8.238022, -8.26471, -8.286474, -8.31444, -8.355478, -8.411852, -8.481657, -8.505933, -8.511294, -8.510548, -8.499255, -8.461343, -8.423433, -8.396196, -8.383343, -8.370976, -8.348153, -8.330513, -8.330162, -8.306714, -8.27234]], [[39.547744, 39.595821, 39.612328, 39.574777], [-9.036042, -9.052146, -9.1003, -9.066938]]]}