{"name": "Manyara", "bounding_box": [34.86441, -5.951309, 38.000054, -3.448487], "lat_idx": [76, 103], "lon_idx": [157, 189], "line": [[[35.777819, 35.744807, 35.7523, 35.743271, 35.736515, 35.750958, 35.792725, 35.827503, 35.860149, 35.872603, 35.922605, 35.97488, 36.009169, 36.042061, 36.076744, 36.127786, 36.158375, 36.185175, 36.206588, 36.229238, 36.252261, 36.274602, 36.294849, 36.295971, 36.29779, 36.293113, 36.293, 36.295476, 36.34139, 36.39193, 36.44295, 36.491046, 36.528465, 36.571857, 36.611111, 36.636447, 36.682188, 36.710532, 36.758077, 36.789163, 36.835955, 36.855962, 36.90383, 36.952155, 36.98836, 37.023702, 37.074469, 37.124488, 37.167474, 37.215749, 37.256301, 37.304428, 37.305512, 37.333236, 37.362701, 37.403193, 37.422302, 37.443961, 37.468179, 37.451658, 37.46657, 37.464346, 37.479499, 37.502081, 37.512263, 37.498356, 37.494631, 37.508778, 37.495922, 37.495714, 37.510473, 37.543255, 37.583692, 37.622292, 37.672428, 37.706582, 37.746297, 37.795956, 37.839286, 37.889898, 37.940008, 37.987267, 37.995086, 37.993615, 37.986072, 37.994167, 37.998214, 37.996006, 37.99895, 37.950351, 37.900461, 37.851211, 37.822234, 37.771877, 37.704765, 37.647444, 37.596883, 37.489886, 37.380805, 37.386665, 37.353904, 37.333579, 37.288947, 37.2507, 37.255137, 37.223536, 37.193732, 37.165263, 37.204572, 37.152956, 37.109144, 37.072899, 37.039176, 37.023764, 36.963986, 36.909121, 36.859744, 36.811356, 36.760456, 36.71117, 36.687667, 36.656853, 36.617241, 36.585802, 36.546988, 36.513858, 36.465617, 36.437108, 36.398242, 36.359061, 36.317368, 36.281714, 36.254387, 36.297017, 36.296153, 36.293179, 36.274994, 36.273593, 36.301764, 36.319074, 36.315384, 36.321325, 36.325618, 36.336519, 36.330141, 36.305437, 36.302761, 36.294409, 36.287898, 36.296208, 36.307819, 36.323638, 36.30536, 36.249671, 36.19967, 36.140686, 36.08719, 36.029707, 35.98143, 35.934121, 35.887547, 35.839186, 35.817108, 35.771901, 35.737352, 35.696102, 35.657306, 35.653836, 35.652785, 35.62135, 35.604542, 35.561858, 35.527258, 35.507644, 35.467277, 35.420288, 35.36908, 35.318715, 35.291844, 35.243058, 35.194908, 35.149672, 35.145454, 35.128792, 35.079768, 35.052539, 35.02454, 34.985554, 34.944822, 34.899277, 34.866988, 34.877094, 34.899105, 34.934374, 34.967387, 34.965557, 34.969683, 34.974641, 34.990251, 34.936109, 34.90586, 34.90058, 34.947318, 34.994463, 35.044896, 35.092956, 35.139995, 35.180641, 35.222652, 35.263374, 35.314555, 35.362258, 35.409298, 35.452513, 35.499601, 35.546627, 35.596887, 35.604938, 35.651532, 35.688118, 35.700956, 35.71253, 35.714741, 35.762919], [-3.558933, -3.598969, -3.649516, -3.69908, -3.748915, -3.79777, -3.767725, -3.725729, -3.686521, -3.635989, -3.638839, -3.656584, -3.697835, -3.738401, -3.780523, -3.842746, -3.890253, -3.946402, -3.992897, -4.040022, -4.087332, -4.134471, -4.08556, -4.033376, -3.980717, -3.93, -3.876599, -3.82544, -3.800976, -3.795884, -3.785342, -3.771081, -3.736464, -3.70987, -3.678418, -3.633612, -3.609513, -3.564407, -3.586673, -3.626473, -3.646696, -3.599581, -3.583662, -3.570659, -3.534961, -3.498978, -3.48572, -3.479102, -3.451296, -3.465585, -3.495042, -3.509629, -3.559662, -3.601561, -3.642987, -3.677858, -3.72699, -3.777773, -3.822472, -3.870212, -3.919352, -3.969549, -4.018037, -4.063899, -4.115305, -4.166464, -4.217622, -4.268353, -4.317156, -4.367169, -4.415316, -4.45351, -4.483582, -4.516003, -4.523119, -4.56056, -4.591051, -4.601001, -4.57432, -4.578344, -4.584357, -4.60383, -4.656866, -4.708012, -4.762101, -4.817846, -4.872303, -4.92768, -4.979194, -4.963464, -4.968975, -4.97909, -5.021003, -5.015233, -5.028857, -5.022569, -5.004935, -5.059062, -5.193215, -5.252916, -5.370202, -5.437502, -5.500551, -5.536397, -5.5867, -5.627709, -5.673318, -5.716034, -5.747505, -5.744042, -5.76981, -5.806672, -5.844247, -5.893821, -5.925185, -5.934331, -5.950647, -5.937827, -5.937527, -5.927952, -5.880679, -5.839683, -5.80804, -5.764509, -5.731506, -5.690972, -5.674348, -5.632604, -5.588753, -5.557325, -5.526922, -5.491715, -5.4461, -5.415325, -5.362595, -5.30014, -5.242317, -5.189871, -5.143858, -5.094663, -5.040888, -4.99013, -4.939581, -4.889693, -4.839657, -4.79324, -4.739528, -4.686457, -4.622074, -4.570766, -4.52021, -4.472616, -4.425475, -4.412554, -4.406668, -4.399928, -4.398931, -4.395276, -4.381912, -4.362568, -4.343434, -4.329556, -4.375289, -4.399574, -4.438956, -4.46745, -4.499451, -4.550756, -4.601535, -4.64506, -4.692668, -4.72158, -4.762154, -4.811565, -4.844873, -4.865479, -4.861389, -4.863453, -4.818596, -4.787996, -4.7659, -4.743466, -4.680433, -4.631224, -4.620148, -4.568955, -4.524354, -4.483139, -4.443819, -4.422231, -4.382984, -4.333237, -4.287053, -4.25156, -4.212978, -4.161502, -4.110929, -4.058551, -3.988383, -3.992303, -3.951143, -3.90136, -3.880734, -3.862435, -3.853952, -3.825366, -3.801257, -3.771935, -3.740889, -3.708768, -3.690179, -3.646382, -3.624511, -3.649701, -3.670013, -3.691386, -3.690694, -3.744274, -3.766137, -3.731165, -3.681872, -3.629594, -3.570989, -3.557545]]]}