{"name": "Mbeya", "bounding_box": [32.020008, -9.718722, 34.968066, -6.86511], "lat_idx": [39, 68], "lon_idx": [128, 159], "line": [[[32.746619, 32.788937, 32.837801, 32.888813, 32.917849, 32.968516, 33.018664, 33.071941, 33.110208, 33.158992, 33.204006, 33.254675, 33.305, 33.355163, 33.408747, 33.462506, 33.5125, 33.561207, 33.600286, 33.647467, 33.686655, 33.728453, 33.780963, 33.801656, 33.795119, 33.785132, 33.795868, 33.80988, 33.817024, 33.798168, 33.853181, 33.908439, 33.963482, 34.001924, 34.006162, 34.044814, 34.099795, 34.151095, 34.199235, 34.240188, 34.269985, 34.304157, 34.333216, 34.374142, 34.423966, 34.477266, 34.537444, 34.595639, 34.654457, 34.700403, 34.734166, 34.768103, 34.813769, 34.85067, 34.870962, 34.89661, 34.917955, 34.94589, 34.94299, 34.904178, 34.872987, 34.83666, 34.806216, 34.771947, 34.743028, 34.70578, 34.683445, 34.716265, 34.720692, 34.714405, 34.709693, 34.667471, 34.618832, 34.578094, 34.552509, 34.511728, 34.457816, 34.407741, 34.341778, 34.292024, 34.289128, 34.236517, 34.188472, 34.164062, 34.125213, 34.074066, 34.044656, 33.994565, 33.943154, 33.898785, 33.847775, 33.831799, 33.8225, 33.825755, 33.82536, 33.835128, 33.847331, 33.83776, 33.870853, 33.918577, 33.951484, 33.98249, 33.984058, 34.018928, 34.045441, 34.080756, 34.025737, 33.978309, 33.949709, 33.954826, 33.951691, 33.93798, 33.891877, 33.851741, 33.813797, 33.777134, 33.72712, 33.67102, 33.621728, 33.572224, 33.529979, 33.479418, 33.431869, 33.412022, 33.373224, 33.333517, 33.283197, 33.233057, 33.182816, 33.133887, 33.095806, 33.054366, 33.018466, 32.965325, 32.914841, 32.832247, 32.787535, 32.753278, 32.698283, 32.646166, 32.594632, 32.543737, 32.513693, 32.483685, 32.446756, 32.365905, 32.314458, 32.249507, 32.190794, 32.142057, 32.109239, 32.116382, 32.115608, 32.076537, 32.057352, 32.05122, 32.079678, 32.115825, 32.165238, 32.216911, 32.243856, 32.253971, 32.28697, 32.297542, 32.297322, 32.277257, 32.269395, 32.295357, 32.339461, 32.389635, 32.419094, 32.457407, 32.493251, 32.537824, 32.575193, 32.601847, 32.636496, 32.685034, 32.734763, 32.779399, 32.829986, 32.884456, 32.915257, 32.899051, 32.866088, 32.820077, 32.785491, 32.751308, 32.714729, 32.682203, 32.651061, 32.603993, 32.574363, 32.544714, 32.505853, 32.466783, 32.419973, 32.384554, 32.344216, 32.30472, 32.261146, 32.222877, 32.186291, 32.14687, 32.110944, 32.075286, 32.057208, 32.088773, 32.137957, 32.190206, 32.210927, 32.238741, 32.26732, 32.276268, 32.319165, 32.369637, 32.432452, 32.480115, 32.522293, 32.566035, 32.580079, 32.592407, 32.650109, 32.701109], [-6.981805, -6.949959, -6.932418, -6.936553, -6.894991, -6.878689, -6.870965, -6.867623, -6.900478, -6.922608, -6.952802, -6.948658, -6.944165, -6.955975, -6.947177, -6.945239, -6.95583, -6.971792, -7.007082, -7.027005, -7.063156, -7.095822, -7.116012, -7.180704, -7.242276, -7.296989, -7.349439, -7.397987, -7.449636, -7.502095, -7.525561, -7.525221, -7.531968, -7.497786, -7.446288, -7.408441, -7.39618, -7.380033, -7.494469, -7.551662, -7.617102, -7.658456, -7.704187, -7.733498, -7.726536, -7.716968, -7.715536, -7.719834, -7.729533, -7.761228, -7.800469, -7.837845, -7.872088, -7.907006, -7.952871, -7.997866, -8.044127, -8.087848, -8.137947, -8.169885, -8.209949, -8.246329, -8.28852, -8.327831, -8.368657, -8.402937, -8.448149, -8.486538, -8.538938, -8.588997, -8.639853, -8.666731, -8.681034, -8.713263, -8.760211, -8.80991, -8.810624, -8.826269, -8.824871, -8.831923, -8.883323, -8.936089, -8.920487, -8.874527, -8.841053, -8.840202, -8.884723, -8.886603, -8.871453, -8.847021, -8.84267, -8.890422, -8.9406, -8.991965, -9.043838, -9.093845, -9.144547, -9.194835, -9.234454, -9.249568, -9.289857, -9.334402, -9.386204, -9.423083, -9.465549, -9.503146, -9.500126, -9.516248, -9.560139, -9.610164, -9.661166, -9.709728, -9.689323, -9.658641, -9.625509, -9.589887, -9.587715, -9.581364, -9.595268, -9.585224, -9.614216, -9.619751, -9.601242, -9.554872, -9.522414, -9.491257, -9.492154, -9.4933, -9.495586, -9.483672, -9.451262, -9.422541, -9.387477, -9.391173, -9.385827, -9.34434, -9.321342, -9.283985, -9.275743, -9.272793, -9.25337, -9.254567, -9.211789, -9.17179, -9.129297, -9.125392, -9.127191, -9.129223, -9.087677, -9.060932, -9.021022, -8.970955, -8.917055, -8.88203, -8.8353, -8.783747, -8.741772, -8.705123, -8.695059, -8.705455, -8.662579, -8.611857, -8.573992, -8.524563, -8.473975, -8.427648, -8.378237, -8.334211, -8.309572, -8.301186, -8.257601, -8.289892, -8.326574, -8.351199, -8.385131, -8.427853, -8.464237, -8.48132, -8.475579, -8.498675, -8.488539, -8.499537, -8.458318, -8.410785, -8.369698, -8.347305, -8.310647, -8.272475, -8.233124, -8.189501, -8.147251, -8.127689, -8.087131, -8.046244, -8.012799, -7.978591, -7.956749, -7.918807, -7.882943, -7.843403, -7.813464, -7.779026, -7.744845, -7.712458, -7.676857, -7.639581, -7.588568, -7.545256, -7.523472, -7.516235, -7.468772, -7.418359, -7.362994, -7.290711, -7.240521, -7.201405, -7.168048, -7.151125, -7.12398, -7.096991, -7.047407, -6.998875, -6.997991, -6.998584]]]}