{"name": "Mtwara", "bounding_box": [37.999048, -11.417696, 40.444735, -10.125081], "lat_idx": [22, 36], "lon_idx": [188, 213], "line": [[[39.510665, 39.469551, 39.428626, 39.382392, 39.338845, 39.30506, 39.262132, 39.205914, 39.157377, 39.105476, 39.053574, 39.003678, 38.95229, 38.901951, 38.854199, 38.814492, 38.768556, 38.720275, 38.664167, 38.613703, 38.573852, 38.532734, 38.497439, 38.438541, 38.388835, 38.345894, 38.298108, 38.264006, 38.213432, 38.163382, 38.112979, 38.087189, 38.07003, 38.049671, 38.040329, 38.019073, 38.020546, 38.012115, 38.007586, 38.025422, 38.043685, 38.042334, 38.094452, 38.148735, 38.204661, 38.259369, 38.277109, 38.320353, 38.371325, 38.423814, 38.471153, 38.51625, 38.566495, 38.607377, 38.657538, 38.702216, 38.731466, 38.772665, 38.823799, 38.873959, 38.901436, 38.951697, 38.993397, 39.04275, 39.086366, 39.131251, 39.178727, 39.220162, 39.269793, 39.316132, 39.365448, 39.416618, 39.461381, 39.484497, 39.493544, 39.532406, 39.565795, 39.578038, 39.621956, 39.664763, 39.705897, 39.701392, 39.712021, 39.698243, 39.68913, 39.719754, 39.760871, 39.809192, 39.861059, 39.899616, 39.946411, 39.999408, 39.984343, 40.033898, 40.083401, 40.130143, 40.124275, 40.147081, 40.196336, 40.246624, 40.201978, 40.230643, 40.253173, 40.303812, 40.328854, 40.365804, 40.392061, 40.43184, 40.400689, 40.355717, 40.352835, 40.395516, 40.376887, 40.346882, 40.291827, 40.244801, 40.205829, 40.17, 40.130808, 40.091466, 40.051762, 40.010882, 39.96213, 39.880827, 39.838325, 39.795869, 39.745337, 39.695544, 39.643531, 39.592351, 39.543483], [-10.993945, -11.022746, -11.053915, -11.072994, -11.098104, -11.135123, -11.162283, -11.168843, -11.151643, -11.154158, -11.161908, -11.169353, -11.171086, -11.168791, -11.193359, -11.22485, -11.251519, -11.266869, -11.276035, -11.301632, -11.337875, -11.367225, -11.405897, -11.401341, -11.382885, -11.347294, -11.324837, -11.281994, -11.274641, -11.272235, -11.256232, -11.211744, -11.163155, -11.115345, -11.066088, -11.020647, -10.968953, -10.91861, -10.867885, -10.820635, -10.772412, -10.720362, -10.68917, -10.68879, -10.694072, -10.686353, -10.63516, -10.604382, -10.604382, -10.604784, -10.585214, -10.563482, -10.543446, -10.514384, -10.504724, -10.476536, -10.517502, -10.546096, -10.550372, -10.544646, -10.502224, -10.490274, -10.461696, -10.45266, -10.427898, -10.404263, -10.386295, -10.358241, -10.350628, -10.331759, -10.345809, -10.339725, -10.362691, -10.408428, -10.458824, -10.497073, -10.534495, -10.583269, -10.60843, -10.577111, -10.547673, -10.49629, -10.446077, -10.396902, -10.347492, -10.307788, -10.277456, -10.264543, -10.259351, -10.226152, -10.206038, -10.208404, -10.155777, -10.142131, -10.159724, -10.177535, -10.227925, -10.274683, -10.265447, -10.274149, -10.246754, -10.204673, -10.250345, -10.264054, -10.309363, -10.344031, -10.300156, -10.333105, -10.373543, -10.397738, -10.449819, -10.477675, -10.52784, -10.568681, -10.571349, -10.593337, -10.624939, -10.661357, -10.696998, -10.728513, -10.764106, -10.801128, -10.819835, -10.846013, -10.872455, -10.899063, -10.916961, -10.933756, -10.941816, -10.957097, -10.974424]]]}