{"name": "Pwani", "bounding_box": [37.794138, -8.512519, 39.90845, -5.841273], "lat_idx": [51, 79], "lon_idx": [186, 208], "line": [[[39.582011, 39.627578, 39.671085, 39.714455, 39.73497, 39.78378, 39.828908, 39.778261, 39.732592, 39.78443, 39.820991, 39.850336, 39.885616, 39.904662, 39.895355, 39.883018, 39.860075, 39.843684, 39.809977, 39.760371, 39.741669, 39.723224, 39.673884, 39.647652, 39.619204, 39.59679], [-7.92835, -7.9063, -7.876133, -7.849623, -7.803684, -7.789301, -7.767544, -7.764621, -7.740916, -7.741565, -7.706008, -7.66547, -7.628559, -7.67716, -7.727386, -7.778261, -7.825347, -7.875024, -7.912802, -7.906229, -7.952944, -7.999596, -7.99068, -8.034656, -7.992528, -7.947812]], [[39.722669, 39.746222, 39.793606, 39.788479, 39.757028], [-8.004696, -7.960212, -7.941781, -7.992224, -8.032204]], [[39.653532, 39.691841, 39.700154, 39.738186, 39.705696, 39.657135], [-8.097059, -8.063592, -8.013288, -8.046616, -8.085973, -8.098861]], [[38.502126, 38.55295, 38.599527, 38.648538, 38.699291, 38.75571, 38.78963, 38.779086, 38.796921, 38.8275, 38.85963, 38.861969, 38.84907, 38.838645, 38.855982, 38.891251, 38.916157, 38.961702, 39.008659, 39.05758, 39.087872, 39.104795, 39.074678, 39.058844, 39.051075, 39.027383, 39.053764, 39.067571, 39.115069, 39.092427, 39.065044, 39.063275, 39.079213, 39.126181, 39.148588, 39.176682, 39.224528, 39.26299, 39.311867, 39.36227, 39.400659, 39.407023, 39.408312, 39.404532, 39.430096, 39.418045, 39.380977, 39.35648, 39.352233, 39.339751, 39.305432, 39.296571, 39.281152, 39.273009, 39.288028, 39.28687, 39.283695, 39.251357, 39.216539, 39.213046, 39.248979, 39.20223, 39.155541, 39.192352, 39.154993, 39.193429, 39.238721, 39.248322, 39.27871, 39.314465, 39.263709, 39.28313, 39.27118, 39.270903, 39.221641, 39.172466, 39.135063, 39.092848, 39.040317, 38.990673, 38.946479, 38.897915, 38.849492, 38.804891, 38.768572, 38.736207, 38.684864, 38.62555, 38.571295, 38.516247, 38.512321, 38.511856, 38.503223, 38.450931, 38.400005, 38.342014, 38.294903, 38.24901, 38.200502, 38.129381, 38.05291, 37.998931, 37.953705, 37.908237, 37.864348, 37.838939, 37.801909, 37.814612, 37.833292, 37.823354, 37.820589, 37.848684, 37.883354, 37.911972, 37.953068, 38.001389, 38.045392, 38.075096, 38.118914, 38.167161, 38.217575, 38.304161, 38.305258, 38.306594, 38.303033, 38.30557, 38.305255, 38.309127, 38.339016, 38.37449, 38.424689, 38.449289, 38.479274, 38.498662, 38.457256, 38.40608, 38.355848, 38.316935, 38.270477, 38.263038, 38.263112, 38.263554, 38.25317, 38.212261, 38.165251, 38.117155, 38.06959, 38.023822, 38.001122, 38.001345, 38.001592, 38.001591, 38.034862, 38.000863, 37.960321, 37.925914, 37.883347, 37.867005, 37.846116, 37.848849, 37.810249, 37.860913, 37.905554, 37.955811, 38.001671, 38.052141, 38.102612, 38.15257, 38.199673, 38.227604, 38.278581, 38.323107, 38.355753, 38.406447, 38.448067, 38.497943], [-6.002848, -6.002148, -5.980312, -5.959706, -5.958635, -5.95299, -5.990242, -6.039246, -6.086125, -6.126171, -6.164522, -6.215136, -6.266423, -6.31645, -6.363823, -6.40109, -6.444656, -6.465859, -6.483633, -6.494469, -6.537819, -6.58502, -6.625111, -6.672644, -6.722082, -6.766217, -6.809226, -6.857912, -6.875634, -6.920596, -6.962511, -7.013047, -7.060615, -7.07823, -7.033441, -6.991803, -6.976987, -6.944997, -6.956316, -6.96894, -7.001724, -7.053956, -7.105238, -7.15634, -7.199633, -7.248308, -7.282015, -7.325774, -7.375836, -7.424432, -7.461831, -7.51131, -7.559682, -7.609186, -7.657436, -7.707565, -7.757688, -7.795957, -7.831942, -7.881914, -7.916772, -7.934854, -7.916623, -7.950484, -7.983783, -7.951536, -7.972997, -8.023737, -8.063888, -8.099041, -8.099738, -8.146555, -8.196089, -8.246701, -8.26005, -8.269495, -8.302903, -8.33014, -8.331186, -8.3443, -8.369482, -8.381383, -8.39426, -8.417828, -8.456848, -8.49643, -8.510287, -8.511294, -8.507265, -8.501109, -8.450786, -8.397023, -8.347356, -8.29608, -8.269816, -8.239298, -8.214437, -8.189446, -8.163791, -8.125247, -8.101659, -8.08415, -8.06275, -8.039527, -8.012413, -7.969006, -7.934576, -7.885703, -7.838325, -7.788706, -7.719059, -7.669215, -7.625275, -7.583576, -7.551144, -7.537792, -7.562011, -7.602513, -7.631621, -7.615245, -7.601314, -7.578887, -7.528022, -7.473251, -7.420261, -7.368844, -7.314376, -7.263601, -7.223356, -7.18771, -7.187529, -7.143299, -7.102456, -7.055491, -7.023972, -7.026803, -7.014772, -6.983163, -6.959575, -6.907369, -6.854841, -6.78445, -6.73503, -6.706076, -6.688897, -6.674435, -6.654812, -6.633574, -6.545854, -6.482797, -6.396693, -6.24763, -6.210079, -6.173024, -6.143659, -6.106436, -6.078055, -6.029564, -5.982752, -5.93219, -5.899735, -5.891799, -5.866255, -5.850241, -5.873557, -5.859721, -5.857159, -5.854597, -5.874366, -5.916845, -5.921244, -5.944024, -5.98378, -5.980193, -6.008133, -6.002366]], [[39.405842, 39.424608, 39.406852], [-8.018406, -7.972004, -8.018877]], [[39.36387, 39.397755, 39.383959], [-7.988428, -7.951205, -7.999579]], [[39.314501, 39.360293, 39.389214, 39.339445], [-8.085314, -8.06394, -8.104766, -8.110536]], [[39.345766, 39.368284, 39.359795], [-8.199337, -8.154377, -8.203964]], [[39.233577, 39.26486, 39.245586], [-7.953422, -7.913429, -7.960882]]]}