{"name": "Rukwa", "bounding_box": [30.49938, -9.073342, 32.453776, -6.884823], "lat_idx": [45, 68], "lon_idx": [113, 134], "line": [[[31.570518, 31.603878, 31.619084, 31.65954, 31.712299, 31.7638, 31.807248, 31.838813, 31.869025, 31.876784, 31.907489, 31.925076, 31.958534, 31.993816, 32.015003, 32.029676, 32.056184, 32.107345, 32.160898, 32.21165, 32.255956, 32.253261, 32.276014, 32.325828, 32.371867, 32.393558, 32.43004, 32.417768, 32.384846, 32.334519, 32.292572, 32.268032, 32.274802, 32.296949, 32.298236, 32.28626, 32.254063, 32.242209, 32.213223, 32.162921, 32.113922, 32.078892, 32.042465, 32.058753, 32.081772, 32.124074, 32.112641, 32.110823, 32.060772, 32.009026, 31.95822, 31.933605, 31.948278, 31.876297, 31.795878, 31.746986, 31.696752, 31.648764, 31.60013, 31.568198, 31.584139, 31.57469, 31.52655, 31.478029, 31.431228, 31.385977, 31.334531, 31.283773, 31.248422, 31.1977, 31.164872, 31.141209, 31.128152, 31.130217, 31.089897, 31.049245, 31.027, 30.978955, 30.965485, 30.946075, 30.963007, 30.917939, 30.907618, 30.887741, 30.862499, 30.840208, 30.805038, 30.791141, 30.765697, 30.754137, 30.724441, 30.689192, 30.654523, 30.625416, 30.601453, 30.586636, 30.589379, 30.613318, 30.602923, 30.580526, 30.552533, 30.537198, 30.53664, 30.502241, 30.550713, 30.556092, 30.572215, 30.559072, 30.515136, 30.561146, 30.612863, 30.665003, 30.717447, 30.773291, 30.823217, 30.877288, 30.931116, 30.96987, 30.961781, 30.958685, 30.997035, 31.051301, 31.098136, 31.140725, 31.161126, 31.211371, 31.265371, 31.311609, 31.342059, 31.338004, 31.344552, 31.354827, 31.383419, 31.430868, 31.463589, 31.490655, 31.491523, 31.528082, 31.56767], [-7.582389, -7.623472, -7.672155, -7.702292, -7.701519, -7.711309, -7.739413, -7.790086, -7.831732, -7.88551, -7.930336, -7.984442, -8.023619, -8.062115, -8.10988, -8.158262, -8.201931, -8.20225, -8.18434, -8.169078, -8.194425, -8.139099, -8.093057, -8.101119, -8.126968, -8.17239, -8.215633, -8.265694, -8.305762, -8.311686, -8.340222, -8.384163, -8.433883, -8.478893, -8.529069, -8.578107, -8.617993, -8.666848, -8.70847, -8.695208, -8.706646, -8.743712, -8.7892, -8.837064, -8.886861, -8.922294, -8.975666, -9.026548, -9.047805, -9.067342, -9.039499, -8.987437, -8.939604, -8.903275, -8.887691, -8.9107, -8.917729, -8.877515, -8.850841, -8.811582, -8.758052, -8.696297, -8.675702, -8.658592, -8.635344, -8.606557, -8.613563, -8.631408, -8.594817, -8.590132, -8.549276, -8.502808, -8.452176, -8.39981, -8.362894, -8.333499, -8.286291, -8.270244, -8.221967, -8.175658, -8.128133, -8.104242, -8.054539, -8.007948, -7.964522, -7.91947, -7.88326, -7.834175, -7.790811, -7.739191, -7.698139, -7.660926, -7.619846, -7.57548, -7.531545, -7.483434, -7.433191, -7.388866, -7.339546, -7.294574, -7.252845, -7.204779, -7.153829, -7.116723, -7.101569, -7.05155, -7.004014, -6.955119, -6.927977, -6.904532, -6.891472, -6.885597, -6.891668, -6.909294, -6.916432, -6.923799, -6.936051, -6.97451, -7.029328, -7.08089, -7.114953, -7.11495, -7.140905, -7.170079, -7.217741, -7.213797, -7.213641, -7.235627, -7.275641, -7.325806, -7.378586, -7.429125, -7.470337, -7.454512, -7.412316, -7.456793, -7.508446, -7.54468, -7.578415]]]}