{"name": "Ruvuma", "bounding_box": [34.568596, -11.762349, 38.112979, -9.248488], "lat_idx": [18, 45], "lon_idx": [154, 190], "line": [[[36.93965, 36.968535, 36.993694, 37.046674, 37.097698, 37.148845, 37.196496, 37.242457, 37.293971, 37.34708, 37.396998, 37.446206, 37.49432, 37.541339, 37.586661, 37.62666, 37.678807, 37.731589, 37.782595, 37.833745, 37.865054, 37.881573, 37.882174, 37.885597, 37.936527, 37.989866, 38.04014, 38.047894, 38.026051, 38.000945, 38.009946, 38.021281, 38.020311, 38.040461, 38.048598, 38.074971, 38.077707, 38.106204, 38.06318, 38.01293, 37.959086, 37.907019, 37.862464, 37.828058, 37.814037, 37.784715, 37.778289, 37.770308, 37.728059, 37.67857, 37.633477, 37.589953, 37.53646, 37.484446, 37.429821, 37.388772, 37.337202, 37.298451, 37.247119, 37.189466, 37.136003, 37.085758, 37.041521, 36.992571, 36.94086, 36.888299, 36.837253, 36.788618, 36.757591, 36.713459, 36.674865, 36.627762, 36.584698, 36.545237, 36.508208, 36.455339, 36.404354, 36.35725, 36.306922, 36.264404, 36.214584, 36.18443, 36.186911, 36.185544, 36.135378, 36.114922, 36.072698, 36.041764, 35.996473, 35.953522, 35.90507, 35.855624, 35.803525, 35.762091, 35.721874, 35.675404, 35.644881, 35.597736, 35.547041, 35.497283, 35.445679, 35.397705, 35.299316, 35.24408, 35.193298, 35.131531, 35.07312, 35.016303, 34.964916, 34.958666, 34.946594, 34.923306, 34.907883, 34.864242, 34.820549, 34.785645, 34.771353, 34.743314, 34.703777, 34.665101, 34.637846, 34.625011, 34.626013, 34.652969, 34.677858, 34.675826, 34.678, 34.680999, 34.651031, 34.64921, 34.61954, 34.589582, 34.568596, 34.618589, 34.670303, 34.71355, 34.764836, 34.779415, 34.816099, 34.862643, 34.893311, 34.930418, 34.955259, 34.996252, 35.004791, 34.981471, 35.021262, 35.073081, 35.123989, 35.168438, 35.192485, 35.212361, 35.211405, 35.184504, 35.168695, 35.173325, 35.135315, 35.158883, 35.201336, 35.238242, 35.285267, 35.33114, 35.375556, 35.41728, 35.451086, 35.495865, 35.539535, 35.598685, 35.631397, 35.677459, 35.713061, 35.761829, 35.811266, 35.854844, 35.910812, 35.913029, 35.922675, 35.943796, 35.934352, 35.889544, 35.867568, 35.842522, 35.822697, 35.804807, 35.770434, 35.729583, 35.698835, 35.673953, 35.709369, 35.749479, 35.806629, 35.862736, 35.896214, 35.936179, 35.981813, 36.027839, 36.07519, 36.100588, 36.149612, 36.198987, 36.249312, 36.299351, 36.333021, 36.389533, 36.424926, 36.4477, 36.454056, 36.49523, 36.499812, 36.509714, 36.560655, 36.604538, 36.662966, 36.715515, 36.766766, 36.812793, 36.872983, 36.934433, 36.993373, 37.042222, 37.103617, 37.119515, 37.095489, 37.057109, 37.033687, 36.995921, 36.969339, 36.920349, 36.884258, 36.873206, 36.874105, 36.923088], [-10.161588, -10.210539, -10.253872, -10.284034, -10.292835, -10.29827, -10.322452, -10.347014, -10.361125, -10.376918, -10.393279, -10.413088, -10.433676, -10.454945, -10.47788, -10.509286, -10.527692, -10.539175, -10.546195, -10.542434, -10.583666, -10.633173, -10.683177, -10.734541, -10.734113, -10.725633, -10.718972, -10.768866, -10.816246, -10.859509, -10.90941, -10.958576, -11.009283, -11.0565, -11.107039, -11.151407, -11.203312, -11.24453, -11.272263, -11.268444, -11.262428, -11.264119, -11.290143, -11.330234, -11.3792, -11.420886, -11.471065, -11.522403, -11.550957, -11.568227, -11.59238, -11.618094, -11.61002, -11.621931, -11.647248, -11.68567, -11.673508, -11.637993, -11.640808, -11.641388, -11.631367, -11.623413, -11.59192, -11.581381, -11.594756, -11.586377, -11.580172, -11.607144, -11.647469, -11.671995, -11.707969, -11.730992, -11.698445, -11.72971, -11.688191, -11.679733, -11.686064, -11.708232, -11.716247, -11.689175, -11.705753, -11.664717, -11.61339, -11.561615, -11.555376, -11.509438, -11.538345, -11.499059, -11.475873, -11.447555, -11.433573, -11.418274, -11.418985, -11.447305, -11.477681, -11.497995, -11.538241, -11.5565, -11.550623, -11.558009, -11.557922, -11.576904, -11.570618, -11.570801, -11.570984, -11.571594, -11.572205, -11.57282, -11.573244, -11.523014, -11.473421, -11.428822, -11.380178, -11.353458, -11.327994, -11.291458, -11.24331, -11.201377, -11.169682, -11.137027, -11.095026, -11.046393, -10.995906, -10.95326, -10.909053, -10.857685, -10.806473, -10.755497, -10.713224, -10.662418, -10.62067, -10.575512, -10.529804, -10.527889, -10.533873, -10.508019, -10.491451, -10.441653, -10.477622, -10.456942, -10.416461, -10.382421, -10.338566, -10.308055, -10.257716, -10.213278, -10.178088, -10.170991, -10.162405, -10.127327, -10.078113, -10.024674, -9.974148, -9.930824, -9.883098, -9.832499, -9.798196, -9.751591, -9.719615, -9.684299, -9.659346, -9.634635, -9.604337, -9.56625, -9.523488, -9.492326, -9.466024, -9.352095, -9.272632, -9.252914, -9.289608, -9.304952, -9.29514, -9.264813, -9.252172, -9.30431, -9.355081, -9.402102, -9.452784, -9.478515, -9.524326, -9.568032, -9.631324, -9.67949, -9.716694, -9.747991, -9.788436, -9.832029, -9.872382, -9.909262, -9.897647, -9.866548, -9.827931, -9.797449, -9.776509, -9.756724, -9.740465, -9.783587, -9.772859, -9.764345, -9.766987, -9.762881, -9.72305, -9.70419, -9.668756, -9.62344, -9.673044, -9.708846, -9.759492, -9.809475, -9.802425, -9.757716, -9.751965, -9.757061, -9.750834, -9.729578, -9.695222, -9.664582, -9.633915, -9.617446, -9.599048, -9.655719, -9.703975, -9.745943, -9.794816, -9.835537, -9.886865, -9.918821, -9.974336, -10.038154, -10.092124, -10.139938]]]}