{"name": "Shinyanga", "bounding_box": [31.682261, -4.3243, 34.233575, -3.195402], "lat_idx": [93, 105], "lon_idx": [125, 151], "line": [[[33.423074, 33.475083, 33.523735, 33.570609, 33.604536, 33.637484, 33.66702, 33.701419, 33.721818, 33.753054, 33.797958, 33.838832, 33.892638, 33.933646, 33.977418, 34.008297, 34.060141, 34.074087, 34.082282, 34.089316, 34.113982, 34.151022, 34.182467, 34.2078, 34.228849, 34.207912, 34.200448, 34.148972, 34.10402, 34.053217, 34.003948, 33.956627, 33.927009, 33.876913, 33.827424, 33.777387, 33.727344, 33.676431, 33.651648, 33.602721, 33.552933, 33.503478, 33.453279, 33.405565, 33.355466, 33.305624, 33.258439, 33.218463, 33.168414, 33.117838, 33.06732, 33.026436, 32.982845, 32.933318, 32.882379, 32.83469, 32.784857, 32.729717, 32.701691, 32.687852, 32.681117, 32.638463, 32.670843, 32.730074, 32.746537, 32.696677, 32.649024, 32.599963, 32.586329, 32.549718, 32.502609, 32.449949, 32.419705, 32.408914, 32.358507, 32.316595, 32.264792, 32.215651, 32.163915, 32.113206, 32.067942, 32.024296, 31.984097, 31.947958, 31.898687, 31.848424, 31.797846, 31.746049, 31.689834, 31.698282, 31.735445, 31.782756, 31.83263, 31.853638, 31.871999, 31.877038, 31.918963, 31.96889, 32.018289, 32.063362, 32.113424, 32.155446, 32.20633, 32.256282, 32.300817, 32.346073, 32.369242, 32.395558, 32.414037, 32.399684, 32.348243, 32.307643, 32.325343, 32.329158, 32.318093, 32.312421, 32.306429, 32.353657, 32.375887, 32.421138, 32.472137, 32.520975, 32.533223, 32.544472, 32.527754, 32.502138, 32.553995, 32.601099, 32.652156, 32.69758, 32.690637, 32.69851, 32.744803, 32.769039, 32.818388, 32.862297, 32.904685, 32.940801, 32.98357, 33.028324, 33.075017, 33.11744, 33.156213, 33.209349, 33.273083, 33.310141, 33.342847, 33.395693], [-3.301559, -3.295192, -3.283467, -3.311577, -3.348889, -3.387821, -3.428959, -3.465987, -3.512372, -3.553479, -3.531422, -3.502591, -3.499139, -3.52855, -3.555721, -3.595112, -3.599625, -3.649726, -3.700818, -3.750614, -3.795892, -3.830147, -3.869404, -3.912566, -3.959217, -4.006177, -4.056713, -4.064087, -4.036051, -4.036266, -4.024556, -3.999691, -3.959324, -3.956883, -3.94921, -3.939607, -3.942432, -3.935537, -3.89198, -3.880167, -3.891144, -3.904884, -3.907055, -3.889744, -3.893029, -3.905862, -3.924161, -3.955145, -3.96175, -3.962389, -3.961077, -3.932101, -3.907026, -3.914209, -3.919904, -3.935524, -3.951769, -3.946053, -3.987639, -4.041623, -4.094379, -4.129737, -4.168727, -4.186465, -4.234825, -4.253491, -4.269536, -4.282951, -4.229406, -4.1939, -4.210675, -4.214312, -4.259587, -4.308543, -4.29684, -4.268154, -4.270262, -4.260754, -4.250154, -4.24572, -4.224114, -4.198586, -4.166054, -4.130541, -4.110031, -4.093838, -4.087916, -4.074549, -4.056091, -4.005455, -3.970221, -3.953568, -3.944516, -3.898314, -3.851686, -3.79703, -3.769576, -3.74774, -3.756124, -3.779933, -3.77235, -3.74336, -3.746812, -3.754934, -3.780953, -3.80456, -3.759526, -3.716528, -3.665086, -3.612227, -3.620059, -3.584126, -3.531389, -3.480007, -3.428076, -3.377395, -3.327044, -3.307258, -3.259571, -3.235879, -3.209348, -3.198332, -3.249154, -3.299303, -3.347173, -3.390233, -3.399859, -3.425514, -3.442372, -3.420093, -3.368266, -3.318827, -3.298512, -3.254312, -3.242212, -3.266193, -3.299619, -3.335296, -3.363232, -3.38641, -3.405987, -3.435407, -3.403677, -3.394576, -3.393892, -3.359904, -3.31182, -3.310069]]]}