{"name": "Simiyu", "bounding_box": [33.423074, -4.084633, 35.223437, -2.178633], "lat_idx": [95, 115], "lon_idx": [142, 161], "line": [[[35.21749, 35.211685, 35.204959, 35.195449, 35.184632, 35.172118, 35.156489, 35.142815, 35.110411, 35.064403, 35.020035, 34.881685, 34.880811, 34.882903, 34.883498, 34.885326, 34.88645, 34.887956, 34.887514, 34.888159, 34.888896, 34.889937, 34.889498, 34.886267, 34.837064, 34.814457, 34.776553, 34.748235, 34.79902, 34.787173, 34.737743, 34.705118, 34.653536, 34.628072, 34.581274, 34.529058, 34.480878, 34.433674, 34.396129, 34.391303, 34.345244, 34.299286, 34.244254, 34.200133, 34.208439, 34.228852, 34.2081, 34.183265, 34.153836, 34.116884, 34.090126, 34.084846, 34.075917, 34.066626, 34.01146, 33.979296, 33.939355, 33.904287, 33.854777, 33.806366, 33.77432, 33.729664, 33.719066, 33.680781, 33.660958, 33.620579, 33.589935, 33.561395, 33.511157, 33.463239, 33.438848, 33.43871, 33.478975, 33.483117, 33.481177, 33.494557, 33.523513, 33.515354, 33.510538, 33.546509, 33.589895, 33.639976, 33.689552, 33.739594, 33.788609, 33.783144, 33.772578, 33.729552, 33.681174, 33.63867, 33.628708, 33.58519, 33.570878, 33.58748, 33.537395, 33.56608, 33.559298, 33.604407, 33.646372, 33.692309, 33.740779, 33.78814, 33.833921, 33.83484, 33.887794, 33.937944, 33.989041, 34.032168, 34.071368, 34.116019, 34.165623, 34.201384, 34.24991, 34.297975, 34.324891, 34.369595, 34.410543, 34.453014, 34.488483, 34.540265, 34.596856, 34.649985, 34.709127, 34.766378, 34.833682, 34.891597, 34.943937, 35.006591, 35.07761, 35.129866, 35.218146], [-2.497555, -2.564536, -2.615567, -2.667699, -2.719574, -2.769773, -2.831273, -2.884881, -2.923564, -2.94542, -2.968587, -2.904221, -2.966326, -3.020041, -3.072384, -3.133694, -3.207306, -3.271419, -3.331793, -3.400298, -3.451444, -3.501447, -3.57514, -3.62529, -3.616286, -3.661325, -3.695267, -3.736938, -3.744748, -3.793866, -3.804744, -3.845304, -3.858531, -3.901704, -3.921048, -3.91856, -3.932077, -3.95059, -3.984825, -4.037426, -4.058362, -4.083835, -4.081177, -4.057062, -4.007495, -3.961781, -3.915819, -3.87198, -3.830384, -3.796034, -3.753517, -3.703061, -3.651905, -3.602463, -3.599847, -3.561364, -3.530146, -3.494184, -3.509388, -3.524471, -3.563597, -3.538423, -3.488782, -3.456392, -3.408787, -3.376483, -3.335695, -3.292551, -3.286508, -3.302549, -3.258741, -3.206174, -3.174882, -3.123876, -3.071639, -3.021843, -2.980609, -2.930695, -2.880605, -2.845131, -2.819481, -2.816184, -2.829607, -2.825739, -2.812261, -2.762108, -2.712867, -2.685588, -2.669773, -2.642708, -2.588132, -2.563064, -2.513895, -2.464623, -2.463249, -2.421745, -2.369495, -2.345724, -2.315821, -2.295341, -2.281431, -2.264298, -2.243986, -2.193784, -2.186596, -2.189719, -2.181871, -2.209989, -2.24245, -2.267717, -2.256743, -2.291865, -2.307007, -2.321467, -2.364753, -2.388192, -2.419252, -2.446819, -2.484671, -2.486014, -2.487967, -2.48981, -2.481539, -2.480116, -2.486311, -2.483983, -2.485703, -2.487229, -2.497523, -2.497556, -2.498291]]]}