{"name": "Tabora", "bounding_box": [31.038017, -6.976729, 34.242038, -3.876684], "lat_idx": [66, 98], "lon_idx": [118, 151], "line": [[[34.17373, 34.127028, 34.102554, 34.0983, 34.092841, 34.080237, 34.064078, 34.041631, 33.998291, 33.962921, 33.939953, 33.931437, 33.914169, 33.920718, 33.930119, 33.930713, 33.926402, 33.91861, 33.914504, 33.924523, 33.924884, 33.927537, 33.92593, 33.949463, 33.994355, 34.04588, 34.097928, 34.148155, 34.184962, 34.17744, 34.195677, 34.22673, 34.207858, 34.170524, 34.149838, 34.129524, 34.10176, 34.070736, 34.026559, 34.047143, 34.083647, 34.11004, 34.087368, 34.030806, 34.012286, 34.000336, 33.978011, 33.968205, 33.942952, 33.927121, 33.912784, 33.901031, 33.876244, 33.83378, 33.786231, 33.750331, 33.709531, 33.681431, 33.643031, 33.595631, 33.562531, 33.536031, 33.521231, 33.524031, 33.524631, 33.524731, 33.520231, 33.49301, 33.441379, 33.388478, 33.337834, 33.285074, 33.234753, 33.184251, 33.141127, 33.096465, 33.048356, 32.99651, 32.950825, 32.901874, 32.868199, 32.818391, 32.78343, 32.746744, 32.746485, 32.74688, 32.746364, 32.756789, 32.756384, 32.755979, 32.755979, 32.75355, 32.736142, 32.688229, 32.655896, 32.607092, 32.559331, 32.507834, 32.456013, 32.413231, 32.371937, 32.32289, 32.27259, 32.227016, 32.190139, 32.178044, 32.160258, 32.134184, 32.111991, 32.091031, 32.085031, 32.062731, 32.027875, 31.97829, 31.925076, 31.874763, 31.823004, 31.775384, 31.733348, 31.699638, 31.656507, 31.601784, 31.554466, 31.50815, 31.45364, 31.403162, 31.346377, 31.296532, 31.251907, 31.206052, 31.159955, 31.154334, 31.138201, 31.109918, 31.063566, 31.042844, 31.06718, 31.10305, 31.152515, 31.182397, 31.183926, 31.181452, 31.22543, 31.267268, 31.311408, 31.361495, 31.411172, 31.391497, 31.34742, 31.301595, 31.253319, 31.211934, 31.220529, 31.210338, 31.236362, 31.258356, 31.235547, 31.264748, 31.312279, 31.343379, 31.377574, 31.399857, 31.393305, 31.441071, 31.476213, 31.487576, 31.475494, 31.460782, 31.457442, 31.495595, 31.549297, 31.599855, 31.644698, 31.66798, 31.657652, 31.670381, 31.676927, 31.645335, 31.651241, 31.681823, 31.731306, 31.784479, 31.839603, 31.8922, 31.939189, 31.979328, 32.018105, 32.062293, 32.105842, 32.156728, 32.205464, 32.254711, 32.306648, 32.355452, 32.395119, 32.419195, 32.40913, 32.46015, 32.502244, 32.563777, 32.592189, 32.638011, 32.685707, 32.734187, 32.730606, 32.681487, 32.638463, 32.67775, 32.687852, 32.70098, 32.714732, 32.770065, 32.819838, 32.864799, 32.915165, 32.963408, 33.014748, 33.047476, 33.095316, 33.146803, 33.195836, 33.244133, 33.289449, 33.337713, 33.387805, 33.436466, 33.487931, 33.537323, 33.584591, 33.635162, 33.660531, 33.715221, 33.765203, 33.813675, 33.86387, 33.912989, 33.950396, 33.995545, 34.042912, 34.091193, 34.135265], [-4.077065, -4.107976, -4.152957, -4.204001, -4.254249, -4.304075, -4.361526, -4.408837, -4.434556, -4.470943, -4.515917, -4.565727, -4.615679, -4.667549, -4.71762, -4.769158, -4.820418, -4.870327, -4.921751, -4.972334, -5.025435, -5.077383, -5.127448, -5.171808, -5.199707, -5.198966, -5.193211, -5.201047, -5.237527, -5.288749, -5.335691, -5.377475, -5.423898, -5.45772, -5.508057, -5.55619, -5.604162, -5.648323, -5.674533, -5.722821, -5.78498, -5.838313, -5.88723, -5.908046, -5.956569, -6.005559, -6.05303, -6.102796, -6.147591, -6.196259, -6.246086, -6.294937, -6.33913, -6.374348, -6.391237, -6.428337, -6.459037, -6.504637, -6.537537, -6.553837, -6.592337, -6.638337, -6.688837, -6.740037, -6.791701, -6.843037, -6.892837, -6.937867, -6.943886, -6.946679, -6.950162, -6.942461, -6.95399, -6.948004, -6.914718, -6.887264, -6.870143, -6.866846, -6.889331, -6.905287, -6.945988, -6.935329, -6.973072, -6.93872, -6.883929, -6.828844, -6.775072, -6.712987, -6.65712, -6.569272, -6.517859, -6.448228, -6.396814, -6.380739, -6.341793, -6.330713, -6.315837, -6.310614, -6.304156, -6.277937, -6.246213, -6.23188, -6.22395, -6.195465, -6.156818, -6.106961, -6.059906, -6.01591, -5.970949, -5.924237, -5.874337, -5.828237, -5.792184, -5.754543, -5.747972, -5.729368, -5.720045, -5.735682, -5.762832, -5.800171, -5.827262, -5.823175, -5.805398, -5.827943, -5.824633, -5.810525, -5.795078, -5.801522, -5.775306, -5.744058, -5.763937, -5.712274, -5.663858, -5.620699, -5.592492, -5.54644, -5.501201, -5.465745, -5.453515, -5.395636, -5.322914, -5.270206, -5.240557, -5.271216, -5.310989, -5.32548, -5.313621, -5.265801, -5.235276, -5.257489, -5.243363, -5.213914, -5.163483, -5.113133, -5.065844, -5.019214, -4.967081, -4.926255, -4.896715, -4.855887, -4.81602, -4.769636, -4.718807, -4.700723, -4.661924, -4.610295, -4.559244, -4.507881, -4.457449, -4.423359, -4.42417, -4.42658, -4.387666, -4.339857, -4.288593, -4.237779, -4.186746, -4.146489, -4.096427, -4.056327, -4.069832, -4.087916, -4.092017, -4.105903, -4.12436, -4.162049, -4.193673, -4.218941, -4.243943, -4.249125, -4.26098, -4.270208, -4.269151, -4.286051, -4.319213, -4.274522, -4.222466, -4.219361, -4.19201, -4.200461, -4.251426, -4.272808, -4.254922, -4.239727, -4.189061, -4.173847, -4.129737, -4.097185, -4.041623, -3.99317, -3.944476, -3.95171, -3.94348, -3.916896, -3.924977, -3.909685, -3.909365, -3.947906, -3.964453, -3.961239, -3.948744, -3.93407, -3.912827, -3.898909, -3.893337, -3.905349, -3.906437, -3.895075, -3.878547, -3.88328, -3.927437, -3.939978, -3.934303, -3.949473, -3.950797, -3.961695, -3.996612, -4.022447, -4.038794, -4.024384, -4.055529]]]}