{"name": "Tanga", "bounding_box": [37.018946, -6.019738, 39.220056, -4.10869], "lat_idx": [76, 96], "lon_idx": [178, 201], "line": [[[38.403527, 38.453484, 38.495608, 38.560511, 38.602536, 38.753353, 38.801936, 38.861225, 38.917234, 38.963636, 39.022755, 39.082974, 39.140662, 39.182368, 39.180831, 39.169895, 39.178532, 39.200429, 39.193216, 39.174637, 39.143269, 39.094659, 39.13036, 39.093853, 39.135026, 39.090546, 39.064904, 39.114594, 39.133083, 39.099568, 39.084582, 39.079952, 39.064894, 39.046278, 39.028179, 38.987755, 38.995843, 38.976017, 38.949647, 38.929039, 38.898258, 38.891278, 38.863392, 38.831122, 38.817022, 38.79584, 38.745715, 38.694927, 38.644853, 38.596267, 38.559746, 38.510614, 38.461398, 38.416203, 38.367153, 38.32983, 38.285653, 38.235217, 38.2049, 38.159232, 38.108761, 38.057521, 38.006795, 37.955811, 37.905636, 37.861147, 37.81059, 37.760226, 37.712404, 37.684926, 37.640603, 37.619799, 37.60548, 37.558012, 37.508911, 37.46079, 37.416898, 37.392945, 37.393439, 37.366065, 37.316362, 37.264418, 37.214443, 37.154276, 37.116999, 37.090584, 37.032648, 37.046509, 37.07672, 37.117471, 37.163163, 37.205411, 37.201784, 37.233404, 37.238978, 37.264967, 37.312895, 37.341612, 37.378507, 37.364101, 37.462746, 37.55986, 37.629127, 37.677445, 37.73535, 37.785393, 37.831548, 37.874288, 37.924169, 37.971256, 37.996926, 37.996558, 37.993983, 37.997478, 37.987359, 37.99527, 37.998576, 38.037367, 38.088472, 38.118835, 38.135981, 38.178826, 38.206449, 38.238713, 38.274045, 38.304918, 38.332204, 38.358716, 38.403527], [-4.108887, -4.142884, -4.172142, -4.217629, -4.247132, -4.353291, -4.385197, -4.426371, -4.464656, -4.49612, -4.537901, -4.58046, -4.621528, -4.651219, -4.70124, -4.750034, -4.799495, -4.84455, -4.894134, -4.847269, -4.887898, -4.900086, -4.935949, -4.970414, -4.999358, -5.022737, -5.0657, -5.059344, -5.105912, -5.143447, -5.191764, -5.242903, -5.291124, -5.338559, -5.387765, -5.417499, -5.474039, -5.522078, -5.567419, -5.617409, -5.66168, -5.716255, -5.764994, -5.819469, -5.911706, -5.962273, -5.952324, -5.961519, -5.963472, -5.981297, -6.015606, -6.005251, -6.018723, -5.997049, -5.983786, -5.9504, -5.925426, -5.920855, -5.879593, -5.85844, -5.856647, -5.863308, -5.860234, -5.850241, -5.866194, -5.891877, -5.886753, -5.888373, -5.873544, -5.916928, -5.948974, -5.902526, -5.854593, -5.830535, -5.817739, -5.800361, -5.828133, -5.875299, -5.925828, -5.973077, -5.979395, -5.994197, -5.999592, -5.991041, -5.948765, -5.894361, -5.888654, -5.840267, -5.800196, -5.769907, -5.74655, -5.714694, -5.664082, -5.623238, -5.572808, -5.527985, -5.470661, -5.410904, -5.288739, -5.223173, -5.095832, -5.018944, -5.013318, -5.037718, -5.016264, -5.021624, -5.001651, -4.975158, -4.967396, -4.984575, -4.940927, -4.887757, -4.833484, -4.777371, -4.726593, -4.677104, -4.625925, -4.59347, -4.609293, -4.567302, -4.508977, -4.453232, -4.41143, -4.364623, -4.311939, -4.263534, -4.220888, -4.177181, -4.108887]]]}