{"name": "Zanzibar South and Central", "bounding_box": [39.269071, -6.478158, 39.580349, -6.021441], "lat_idx": [71, 77], "lon_idx": [201, 205], "line": [[[39.270489, 39.277914, 39.284993, 39.333877, 39.384311, 39.422864, 39.427521, 39.437817, 39.409203, 39.459308, 39.50816, 39.489691, 39.528677, 39.533191, 39.536768, 39.551204, 39.574171, 39.56906, 39.539064, 39.490776, 39.460117, 39.439177, 39.428799, 39.429146, 39.406068, 39.409412, 39.385236, 39.354789, 39.330386, 39.299018, 39.278693], [-6.144589, -6.095132, -6.045504, -6.034287, -6.025522, -6.057752, -6.108406, -6.158384, -6.199681, -6.20175, -6.189939, -6.14082, -6.172564, -6.223955, -6.277468, -6.326034, -6.372447, -6.422348, -6.462468, -6.475492, -6.435917, -6.390498, -6.340361, -6.290345, -6.334801, -6.384888, -6.341033, -6.30077, -6.257006, -6.215326, -6.169392]]]}