{"name": "Zanzibar West", "bounding_box": [39.185588, -6.321643, 39.309957, -6.027276], "lat_idx": [73, 77], "lon_idx": [200, 202], "line": [[[39.204245, 39.255708, 39.275084, 39.269972, 39.274574, 39.304801, 39.305563, 39.296968, 39.25624, 39.224577, 39.201452, 39.188011, 39.211308, 39.206983], [-6.035445, -6.033164, -6.079613, -6.12955, -6.180707, -6.220954, -6.272223, -6.321594, -6.292343, -6.2534, -6.209001, -6.160781, -6.116394, -6.066078]]]}