{"name": "Arusha", "bounding_box": [34.749262, -4.148158, 37.429372, -1.686907], "lat_idx": [95, 120], "lon_idx": [155, 183], "line": [[[37.060461, 37.013584, 36.978364, 36.934364, 36.885866, 36.847938, 36.806267, 36.777331, 36.745276, 36.695005, 36.663532, 36.617816, 36.592703, 36.546773, 36.510355, 36.4716, 36.421038, 36.370198, 36.31957, 36.293, 36.293825, 36.297418, 36.29801, 36.296531, 36.295806, 36.252261, 36.229238, 36.206588, 36.185175, 36.162982, 36.127786, 36.088918, 36.055561, 36.012223, 35.982755, 35.937269, 35.880954, 35.863525, 35.88327, 35.88724, 35.88358, 35.838567, 35.801425, 35.788031, 35.774327, 35.72535, 35.713841, 35.704119, 35.690513, 35.666849, 35.617005, 35.624063, 35.573198, 35.524662, 35.476235, 35.42944, 35.383835, 35.345699, 35.292103, 35.249254, 35.204077, 35.139995, 35.092956, 35.048872, 35.000423, 34.949795, 34.902702, 34.846268, 34.801424, 34.756107, 34.750529, 34.750529, 34.794393, 34.84798, 34.898059, 34.946187, 34.995227, 35.043363, 35.113991, 35.160891, 35.218711, 35.240702, 35.240522, 35.282549, 35.334988, 35.351816, 35.324174, 35.290046, 35.242626, 35.202567, 35.18829, 35.141773, 35.103119, 35.059354, 35.017348, 34.9831, 34.933075, 34.889464, 34.888591, 34.888914, 34.888159, 34.888482, 34.8876, 34.886833, 34.886128, 34.884902, 34.883531, 34.882082, 34.881357, 34.987141, 35.034242, 35.081123, 35.128879, 35.147709, 35.160012, 35.173789, 35.187339, 35.197435, 35.206518, 35.214969, 35.206369, 35.160196, 35.230537, 35.265842, 35.248229, 35.23562, 35.218556, 35.216664, 35.223319, 35.230897, 35.23761, 35.244347, 35.249871, 35.320585, 35.393282, 35.438542, 35.482519, 35.537266, 35.590731, 35.680865, 35.738049, 35.795408, 35.845015, 35.903747, 35.955108, 36.021813, 36.0731, 36.129707, 36.18017, 36.233688, 36.286319, 36.336072, 36.383544, 36.445322, 36.497327, 36.601468, 36.653493, 36.758687, 36.810478, 36.862597, 37.01994, 37.098352, 37.151402, 37.219445, 37.278601, 37.324266, 37.371944, 37.429372, 37.382534, 37.330789, 37.275363, 37.225307, 37.17503, 37.125231, 37.088781, 37.062012, 37.0199, 36.970437, 36.934519, 36.92507, 36.908525, 36.903851, 36.939207, 36.979856, 37.019583, 37.045144, 37.062728, 37.055615, 37.055755], [-3.490115, -3.508429, -3.546738, -3.571071, -3.583662, -3.618104, -3.652289, -3.610446, -3.571937, -3.583008, -3.622797, -3.646599, -3.689999, -3.712357, -3.74737, -3.781123, -3.787644, -3.797647, -3.80217, -3.850194, -3.901518, -3.958174, -4.010323, -4.063085, -4.116881, -4.087332, -4.040022, -3.992897, -3.946402, -3.900192, -3.842746, -3.79519, -3.754308, -3.701621, -3.658178, -3.636108, -3.641186, -3.59208, -3.545065, -3.495219, -3.44451, -3.419553, -3.455902, -3.504367, -3.553212, -3.565027, -3.618148, -3.667291, -3.716646, -3.763442, -3.768755, -3.695455, -3.692692, -3.678278, -3.663032, -3.637904, -3.61564, -3.670141, -3.687282, -3.719507, -3.750641, -3.801257, -3.825366, -3.85023, -3.863257, -3.879422, -3.899992, -3.921747, -3.944438, -3.916359, -3.865045, -3.81268, -3.788583, -3.783873, -3.765612, -3.748694, -3.733649, -3.71745, -3.679129, -3.651732, -3.626443, -3.578117, -3.526901, -3.4998, -3.498623, -3.449792, -3.403303, -3.36371, -3.381436, -3.412355, -3.460793, -3.483271, -3.516444, -3.543346, -3.574636, -3.61204, -3.608885, -3.577146, -3.522148, -3.452379, -3.400298, -3.34569, -3.286911, -3.236122, -3.17929, -3.120027, -3.069952, -3.014602, -2.945166, -2.988367, -2.96826, -2.937442, -2.9134, -2.866072, -2.817309, -2.763344, -2.706647, -2.65669, -2.604306, -2.539287, -2.485069, -2.391448, -2.367421, -2.30859, -2.220145, -2.162929, -2.097044, -2.011467, -1.961027, -1.896124, -1.839751, -1.783463, -1.73127, -1.719516, -1.76093, -1.785675, -1.810676, -1.841961, -1.872091, -1.922607, -1.955173, -1.988421, -2.016557, -2.04819, -2.077183, -2.115813, -2.143634, -2.179215, -2.210754, -2.250473, -2.281126, -2.305666, -2.329589, -2.35933, -2.385402, -2.442875, -2.471571, -2.529595, -2.55869, -2.587785, -2.676719, -2.720765, -2.750565, -2.788695, -2.822351, -2.847258, -2.874222, -2.906425, -2.882666, -2.869942, -2.855027, -2.851145, -2.854814, -2.859665, -2.893949, -2.936494, -2.965048, -2.974366, -3.009246, -3.058954, -3.106759, -3.156986, -3.193669, -3.222793, -3.253287, -3.296735, -3.344078, -3.395647, -3.449014]]]}