{"name": "Dar-es-Salaam", "bounding_box": [39.00629, -7.179419, 39.552886, -6.564077], "lat_idx": [64, 71], "lon_idx": [198, 205], "line": [[[39.010672, 39.044633, 39.060284, 39.071699, 39.090039, 39.136859, 39.17002, 39.207179, 39.225495, 39.240885, 39.281546, 39.299941, 39.286121, 39.304059, 39.351482, 39.40111, 39.45082, 39.493901, 39.507829, 39.539217, 39.547255, 39.542164, 39.523927, 39.474892, 39.42515, 39.406146, 39.407576, 39.400418, 39.359008, 39.309713, 39.261267, 39.224006, 39.175891, 39.148069, 39.125582, 39.078946, 39.031097, 39.060171, 39.07659, 39.107977, 39.081806, 39.058767, 39.022295], [-6.773733, -6.736375, -6.688419, -6.639381, -6.592395, -6.57396, -6.612492, -6.646443, -6.693276, -6.740974, -6.77032, -6.816842, -6.864915, -6.818144, -6.834814, -6.849858, -6.863771, -6.892806, -6.942181, -6.98298, -7.032983, -7.086823, -7.135694, -7.162498, -7.149919, -7.101252, -7.050621, -7.000399, -6.967891, -6.956964, -6.944467, -6.97798, -6.992125, -7.033919, -7.07861, -7.060374, -7.044523, -7.002946, -6.955571, -6.912971, -6.869206, -6.824073, -6.789093]]]}