{"name": "Kagera", "bounding_box": [30.410674, -3.360234, 32.617735, -0.983143], "lat_idx": [102, 127], "lon_idx": [112, 135], "line": [[[32.098761, 32.129109, 32.105692], [-1.484283, -1.443484, -1.488753]], [[31.843546, 31.850068, 31.869495, 31.88584, 31.906518, 31.885363, 31.866272], [-1.744863, -1.694022, -1.647625, -1.600341, -1.647308, -1.692795, -1.739412]], [[31.66479, 31.639686, 31.616827, 31.604008, 31.568363, 31.520598, 31.469597, 31.424852, 31.403637, 31.413458, 31.447677, 31.49857, 31.549751, 31.570309, 31.620464, 31.670166, 31.708432, 31.693281, 31.645672, 31.595624, 31.575622, 31.524691, 31.474597, 31.469031, 31.496137, 31.519457, 31.544743, 31.555602, 31.55823, 31.526696, 31.483578, 31.433943, 31.384294, 31.332345, 31.287082, 31.230809, 31.182144, 31.131105, 31.117767, 31.118928, 31.086077, 31.035198, 31.012477, 31.036277, 31.06121, 31.0752, 31.070759, 31.04747, 31.02681, 30.976377, 30.936219, 30.899083, 30.863277, 30.820552, 30.771978, 30.72144, 30.671115, 30.642179, 30.600663, 30.547309, 30.506369, 30.465781, 30.433099, 30.420997, 30.440858, 30.455713, 30.495821, 30.527164, 30.477571, 30.427204, 30.439786, 30.465279, 30.483172, 30.502182, 30.521741, 30.560125, 30.610136, 30.660435, 30.691591, 30.742192, 30.793341, 30.826927, 30.825286, 30.843338, 30.860573, 30.872181, 30.895572, 30.866905, 30.820123, 30.820123, 30.775451, 30.807108, 30.834896, 30.82663, 30.828345, 30.824168, 30.835951, 30.882721, 30.897371, 30.912657, 30.895927, 30.844041, 30.803591, 30.773868, 30.742462, 30.740804, 30.744021, 30.695253, 30.645833, 30.607845, 30.56247, 30.552093, 30.533275, 30.509356, 30.501398, 30.539431, 30.589378, 30.641261, 30.677139, 30.724939, 30.782486, 30.834091, 30.89021, 30.940919, 30.994246, 31.04528, 31.097258, 31.150808, 31.207402, 31.26192, 31.317524, 31.373593, 31.447383, 31.501178, 31.553357, 31.607387, 31.670489, 31.735103, 31.791377, 31.770064, 31.820734, 31.864915, 31.847621, 31.858353, 31.87406, 31.862821, 31.864482, 31.845226, 31.813515, 31.81048, 31.803281, 31.753655, 31.747204, 31.751398, 31.751493, 31.727518, 31.724569, 31.710783, 31.699724, 31.695143, 31.676027, 31.644022, 31.618441, 31.611662, 31.66144, 31.697413, 31.689322, 31.692869, 31.687735, 31.672686, 31.659391, 31.672617], [-2.331325, -2.376926, -2.426706, -2.47878, -2.516068, -2.532571, -2.549788, -2.574384, -2.62181, -2.672367, -2.709159, -2.709202, -2.711829, -2.758369, -2.756577, -2.745806, -2.779411, -2.829165, -2.846234, -2.859613, -2.906059, -2.905264, -2.922888, -2.974068, -3.02257, -3.071948, -3.11928, -3.169779, -3.220049, -3.260592, -3.286548, -3.296845, -3.318641, -3.318082, -3.295773, -3.292122, -3.333874, -3.326282, -3.277903, -3.227853, -3.186164, -3.185254, -3.137864, -3.089564, -3.045059, -2.996508, -2.944957, -2.900565, -2.853183, -2.846164, -2.876594, -2.913, -2.948564, -2.979475, -2.99342, -2.98586, -2.990236, -2.948734, -2.919737, -2.9176, -2.950096, -2.920334, -2.880915, -2.831862, -2.785738, -2.737075, -2.707209, -2.665751, -2.676744, -2.674355, -2.625658, -2.58246, -2.535675, -2.487616, -2.441277, -2.407884, -2.39379, -2.404815, -2.365454, -2.373732, -2.367252, -2.329563, -2.271845, -2.224626, -2.177316, -2.127193, -2.077069, -2.034684, -2.015514, -1.963983, -1.937778, -1.896624, -1.854766, -1.80218, -1.751709, -1.69824, -1.648996, -1.669582, -1.718183, -1.670366, -1.622816, -1.628243, -1.597641, -1.552442, -1.512282, -1.459054, -1.40761, -1.395036, -1.379208, -1.345088, -1.319235, -1.269991, -1.217933, -1.173789, -1.108455, -1.07231, -1.058592, -1.063341, -1.027463, -1.006963, -0.98754, -0.996903, -0.996706, -0.997439, -0.997083, -0.996958, -0.998561, -0.995496, -0.995372, -0.995431, -0.996793, -0.99716, -0.998107, -0.997919, -0.998455, -0.998413, -0.997505, -0.996848, -0.997602, -1.044998, -1.046352, -1.02282, -1.07002, -1.119365, -1.167795, -1.216692, -1.267965, -1.314111, -1.353224, -1.404653, -1.454706, -1.46211, -1.514068, -1.563931, -1.614532, -1.658535, -1.708464, -1.758801, -1.807652, -1.857691, -1.904737, -1.943459, -1.987518, -2.037359, -2.042555, -2.007704, -2.057573, -2.10774, -2.157587, -2.206087, -2.256853, -2.305393]], [[31.805833, 31.834854, 31.815878], [-1.816264, -1.775254, -1.821794]], [[31.744275, 31.759764, 31.766744, 31.818012, 31.78435, 31.744808], [-2.124259, -2.074364, -2.12423, -2.120953, -2.158383, -2.126945]]]}