{"name": "Kigoma", "bounding_box": [29.589529, -6.570679, 31.492551, -2.827975], "lat_idx": [70, 109], "lon_idx": [104, 124], "line": [[[31.457442, 31.460782, 31.476647, 31.483731, 31.478101, 31.448582, 31.399775, 31.393091, 31.377574, 31.343379, 31.312279, 31.268568, 31.235547, 31.260787, 31.236362, 31.210483, 31.21826, 31.201962, 31.180183, 31.129432, 31.080517, 31.030248, 30.990571, 30.941956, 30.888436, 30.837249, 30.833132, 30.785416, 30.745246, 30.713632, 30.682819, 30.644242, 30.60013, 30.553997, 30.512698, 30.457617, 30.407397, 30.352058, 30.290303, 30.240756, 30.222985, 30.172269, 30.144699, 30.102723, 30.093616, 30.083352, 30.028442, 29.969334, 29.91872, 29.944115, 29.981113, 30.035483, 30.036799, 30.012862, 30.053476, 30.091224, 30.093311, 30.129955, 30.150259, 30.176079, 30.180605, 30.190235, 30.186394, 30.214633, 30.238584, 30.256157, 30.255988, 30.258231, 30.255356, 30.261261, 30.263263, 30.272033, 30.268132, 30.217974, 30.183326, 30.15068, 30.101667, 30.052955, 30.000594, 29.955829, 29.925245, 29.886063, 29.845041, 29.81346, 29.782033, 29.750588, 29.723932, 29.738386, 29.730851, 29.728744, 29.742157, 29.78145, 29.831449, 29.86999, 29.908207, 29.949956, 29.953178, 29.948631, 29.930937, 29.905302, 29.883878, 29.865726, 29.839059, 29.810988, 29.775251, 29.747583, 29.766118, 29.786193, 29.790714, 29.80826, 29.816804, 29.824799, 29.807485, 29.778067, 29.769204, 29.730783, 29.693697, 29.647403, 29.596869, 29.626283, 29.604694, 29.603022, 29.609799, 29.620893, 29.633176, 29.644766, 29.653538, 29.654474, 29.698257, 29.747489, 29.766065, 29.800996, 29.850281, 29.894324, 29.942768, 29.977936, 30.022587, 30.053973, 30.070947, 30.107806, 30.147186, 30.179838, 30.211338, 30.216765, 30.240877, 30.255646, 30.289492, 30.318107, 30.345052, 30.392281, 30.399649, 30.402672, 30.420721, 30.455262, 30.458194, 30.490994, 30.537956, 30.585345, 30.633748, 30.671516, 30.64441, 30.662633, 30.709098, 30.740656, 30.790113, 30.840268, 30.842561, 30.837875, 30.832348, 30.799187, 30.82222, 30.850503, 30.877377, 30.912707, 30.951189, 30.990016, 31.027859, 31.049948, 31.077884, 31.067306, 31.055013, 31.029182, 31.010586, 31.009769, 31.057383, 31.105016, 31.115877, 31.12649, 31.148906, 31.169836, 31.19646, 31.210721, 31.211809, 31.213431, 31.22357, 31.237619, 31.280497, 31.311282, 31.326674, 31.349396, 31.359779, 31.37566, 31.374439, 31.358436, 31.341944, 31.340967, 31.347197, 31.366664, 31.375828, 31.407952, 31.419492, 31.425485], [-4.457449, -4.507881, -4.555796, -4.605582, -4.655759, -4.696662, -4.714744, -4.766275, -4.81602, -4.855887, -4.896715, -4.92459, -4.967081, -5.013165, -5.065844, -5.109097, -5.159171, -5.207678, -5.254392, -5.268859, -5.257175, -5.243137, -5.273968, -5.292649, -5.310919, -5.3232, -5.270239, -5.24827, -5.215908, -5.176903, -5.133394, -5.166621, -5.197347, -5.177579, -5.146565, -5.144192, -5.150925, -5.161587, -5.168279, -5.175341, -5.224574, -5.233834, -5.190768, -5.2201, -5.27767, -5.328146, -5.343428, -5.342214, -5.329298, -5.381426, -5.429705, -5.45076, -5.500896, -5.546597, -5.579177, -5.615948, -5.66873, -5.70721, -5.756126, -5.799758, -5.851309, -5.903811, -5.959245, -6.003318, -6.072634, -6.127212, -6.185443, -6.248457, -6.306731, -6.364622, -6.431064, -6.484084, -6.534505, -6.53925, -6.502632, -6.459104, -6.449167, -6.460942, -6.479342, -6.50213, -6.46171, -6.428143, -6.394827, -6.354433, -6.312683, -6.272846, -6.230102, -6.181815, -6.130749, -6.079203, -6.029299, -5.996849, -5.994828, -5.96263, -5.929124, -5.900354, -5.849905, -5.799503, -5.751539, -5.70563, -5.658715, -5.611726, -5.56778, -5.524951, -5.484296, -5.434344, -5.386862, -5.340216, -5.290357, -5.242434, -5.19281, -5.142247, -5.094252, -5.052471, -5.003079, -4.968247, -4.934323, -4.914202, -4.914913, -4.874415, -4.828881, -4.778492, -4.726268, -4.674758, -4.625526, -4.57679, -4.524476, -4.473176, -4.447619, -4.46951, -4.422683, -4.38576, -4.375934, -4.350688, -4.33515, -4.298211, -4.273696, -4.233953, -4.185187, -4.148989, -4.116753, -4.078655, -4.039158, -3.989022, -3.945075, -3.89728, -3.860413, -3.817099, -3.774458, -3.791692, -3.741557, -3.69025, -3.641966, -3.604126, -3.554193, -3.515437, -3.498199, -3.480231, -3.452701, -3.415278, -3.37027, -3.322987, -3.304341, -3.261914, -3.276621, -3.252242, -3.200641, -3.149889, -3.099662, -3.059551, -3.01508, -2.973669, -2.931464, -2.895869, -2.862588, -2.831064, -2.867089, -2.915673, -2.961031, -3.010878, -3.060241, -3.104228, -3.151484, -3.201926, -3.18179, -3.206666, -3.256764, -3.306901, -3.354479, -3.400189, -3.442933, -3.492269, -3.542473, -3.596807, -3.646283, -3.694903, -3.725809, -3.765634, -3.814376, -3.860186, -3.909661, -3.957671, -4.009833, -4.057476, -4.106218, -4.156548, -4.206757, -4.254934, -4.30506, -4.351375, -4.400965, -4.452119]]]}