{"name": "Kusini-Pemba", "bounding_box": [39.56271, -5.487027, 39.855784, -5.15853], "lat_idx": [81, 85], "lon_idx": [204, 208], "line": [[[39.70092, 39.727868, 39.685148, 39.734232, 39.759839, 39.791556, 39.845252, 39.842849, 39.830614, 39.80836, 39.786688, 39.744982, 39.702561, 39.652546, 39.643612, 39.648316, 39.657339], [-5.284697, -5.242447, -5.216329, -5.205685, -5.162647, -5.201605, -5.191526, -5.241531, -5.290072, -5.335593, -5.380706, -5.408495, -5.435207, -5.435305, -5.386084, -5.336261, -5.28701]], [[39.570284, 39.617521, 39.651081, 39.602174, 39.571947], [-5.412096, -5.428732, -5.466105, -5.454918, -5.41502]]]}