{"name": "Mara", "bounding_box": [33.202932, -2.498291, 35.265917, -1.026221], "lat_idx": [111, 127], "lon_idx": [140, 162], "line": [[[33.553492, 33.537889, 33.487844, 33.472303, 33.421743, 33.373705, 33.331899, 33.317175, 33.323946, 33.361094, 33.411098, 33.448728, 33.499185, 33.543073, 33.566675, 33.61637, 33.594992, 33.560858, 33.609625, 33.659629, 33.708172, 33.673105, 33.649595, 33.682497, 33.665094, 33.714109, 33.764139, 33.814033, 33.853344, 33.904064, 33.941225, 33.892118, 33.850664, 33.803518, 33.803503, 33.850805, 33.815386, 33.840052, 33.890094, 33.938115, 33.942123, 33.892096, 33.871347, 33.914957, 33.961416, 33.993116, 33.999828, 34.04994, 34.07921, 34.134205, 34.181722, 34.240026, 34.307988, 34.355992, 34.399516, 34.448389, 34.497981, 34.541644, 34.589686, 34.635797, 34.689135, 34.740957, 34.920537, 34.968207, 35.030481, 35.086772, 35.134566, 35.180763, 35.247976, 35.248903, 35.243157, 35.236157, 35.228944, 35.222749, 35.210573, 35.228252, 35.241777, 35.259168, 35.265885, 35.202046, 35.189838, 35.21749, 35.140565, 35.07761, 35.006591, 34.943937, 34.891597, 34.833682, 34.775092, 34.717945, 34.665611, 34.613596, 34.560584, 34.506785, 34.464101, 34.420963, 34.384931, 34.341454, 34.306296, 34.267898, 34.217275, 34.174918, 34.122743, 34.07677, 34.039263, 33.994493, 33.943396, 33.892561, 33.842152, 33.831305, 33.802228, 33.768827, 33.724913, 33.686726, 33.639959, 33.597589, 33.548876, 33.499262, 33.449075, 33.398808, 33.348852, 33.32221, 33.278742, 33.230622, 33.232169, 33.280748, 33.273962, 33.306367, 33.356752, 33.379824, 33.431103, 33.473988, 33.523853], [-2.012506, -1.964733, -1.954235, -1.903528, -1.897713, -1.915985, -1.943768, -1.895844, -1.845695, -1.81016, -1.806871, -1.840195, -1.839235, -1.814466, -1.768887, -1.777035, -1.730448, -1.692604, -1.678671, -1.683419, -1.668972, -1.63316, -1.588511, -1.549332, -1.500029, -1.49004, -1.488603, -1.494659, -1.526612, -1.532663, -1.498873, -1.487576, -1.457422, -1.440128, -1.38978, -1.406755, -1.370481, -1.326916, -1.323101, -1.337269, -1.279219, -1.27747, -1.231764, -1.205921, -1.185553, -1.14683, -1.097218, -1.086651, -1.045019, -1.049833, -1.076708, -1.109681, -1.14789, -1.1747, -1.199497, -1.227091, -1.25509, -1.279739, -1.306858, -1.332885, -1.362988, -1.392233, -1.503247, -1.535185, -1.581843, -1.610493, -1.63663, -1.661, -1.68465, -1.736109, -1.792826, -1.85316, -1.91344, -1.963686, -2.064517, -2.135826, -2.190867, -2.269781, -2.335323, -2.377153, -2.451451, -2.497555, -2.497947, -2.497523, -2.487229, -2.485703, -2.483983, -2.486311, -2.48684, -2.482089, -2.490127, -2.48615, -2.490032, -2.490095, -2.461481, -2.432339, -2.396524, -2.37168, -2.335038, -2.302375, -2.298067, -2.271236, -2.267837, -2.247263, -2.213034, -2.184061, -2.191086, -2.18344, -2.193756, -2.144055, -2.103377, -2.06608, -2.092829, -2.126513, -2.146444, -2.177313, -2.165915, -2.159597, -2.156393, -2.16487, -2.167767, -2.124323, -2.099424, -2.115514, -2.064518, -2.050279, -2.000057, -2.039028, -2.02822, -1.982671, -1.97937, -2.007828, -2.016794]], [[33.267169, 33.30372, 33.288462], [-2.207406, -2.173209, -2.221863]]]}