{"name": "Morogoro", "bounding_box": [35.323258, -9.921631, 38.515742, -5.800069], "lat_idx": [37, 79], "lon_idx": [161, 194], "line": [[[36.481419, 36.520795, 36.529313, 36.516894, 36.505775, 36.521334, 36.540477, 36.564171, 36.611109, 36.647866, 36.647364, 36.643375, 36.636539, 36.636732, 36.632442, 36.66327, 36.680804, 36.712632, 36.727778, 36.748628, 36.722254, 36.749525, 36.796272, 36.837269, 36.850632, 36.848979, 36.841403, 36.834944, 36.826687, 36.816158, 36.853767, 36.901601, 36.945563, 36.995291, 37.07102, 37.09821, 37.122517, 37.168452, 37.221355, 37.27159, 37.322773, 37.371628, 37.391967, 37.393875, 37.419386, 37.467872, 37.516949, 37.563445, 37.608812, 37.626371, 37.675491, 37.706548, 37.755812, 37.803075, 37.844067, 37.84475, 37.864418, 37.8808, 37.909906, 37.963025, 37.980488, 38.029386, 38.075165, 38.027051, 38.001592, 38.00145, 38.001122, 38.000915, 38.034455, 38.081167, 38.130167, 38.171138, 38.22078, 38.254512, 38.263413, 38.262849, 38.263033, 38.271892, 38.317407, 38.35797, 38.409853, 38.462208, 38.512441, 38.491083, 38.46851, 38.437415, 38.399356, 38.35002, 38.320294, 38.305021, 38.30557, 38.304625, 38.305704, 38.306594, 38.305258, 38.254262, 38.202077, 38.150279, 38.100141, 38.0679, 38.032661, 37.99078, 37.946941, 37.907116, 37.879021, 37.840988, 37.820365, 37.828435, 37.841063, 37.809456, 37.762847, 37.719702, 37.698257, 37.671439, 37.651604, 37.639066, 37.621651, 37.580776, 37.568277, 37.544716, 37.500163, 37.440918, 37.418396, 37.400777, 37.401785, 37.412649, 37.406151, 37.393441, 37.380891, 37.380495, 37.362974, 37.339312, 37.327532, 37.3129, 37.290309, 37.28092, 37.276015, 37.263169, 37.138783, 37.089182, 37.017796, 36.96954, 36.900587, 36.835968, 36.780137, 36.715515, 36.662966, 36.604584, 36.560655, 36.511077, 36.501195, 36.498389, 36.457928, 36.469303, 36.426562, 36.397608, 36.347383, 36.314277, 36.264803, 36.214326, 36.164152, 36.115958, 36.070501, 36.020478, 35.975409, 35.930051, 35.885711, 35.8516, 35.796145, 35.742799, 35.698995, 35.67458, 35.700638, 35.736239, 35.776743, 35.81087, 35.830673, 35.842553, 35.872458, 35.900778, 35.942539, 35.940125, 35.918739, 35.917063, 35.871175, 35.829407, 35.781105, 35.736592, 35.689945, 35.638449, 35.60641, 35.558204, 35.510985, 35.50463, 35.500115, 35.499715, 35.499979, 35.507768, 35.523169, 35.475597, 35.424866, 35.414395, 35.373086, 35.351277, 35.330598, 35.356324, 35.342092, 35.352492, 35.387342, 35.4377, 35.488608, 35.534958, 35.586783, 35.615212, 35.663881, 35.692808, 35.717579, 35.761812, 35.813942, 35.856933, 35.876664, 35.898322, 35.946272, 35.98662, 36.022145, 36.062324, 36.106428, 36.132577, 36.167035, 36.204603, 36.267363, 36.312737, 36.37073, 36.416214, 36.463392, 36.483708, 36.545238, 36.607813, 36.664812, 36.701207, 36.723216, 36.756331, 36.785948, 36.814679, 36.833304, 36.835437, 36.843899, 36.793083, 36.790484, 36.731958, 36.681941, 36.643344, 36.589944, 36.539907, 36.514511, 36.49879, 36.480743], [-7.377303, -7.34472, -7.294591, -7.246136, -7.197109, -7.148438, -7.101428, -7.05737, -7.035773, -7.000439, -6.950041, -6.899925, -6.850022, -6.799511, -6.747395, -6.705162, -6.658302, -6.61927, -6.570621, -6.519478, -6.47671, -6.432337, -6.405381, -6.369098, -6.315785, -6.263856, -6.210884, -6.160032, -6.105074, -6.056039, -6.020164, -5.996321, -5.964037, -5.913665, -5.862148, -5.908414, -5.959508, -5.997209, -5.999833, -5.991951, -5.981848, -5.969, -5.921988, -5.869138, -5.825694, -5.808367, -5.819743, -5.840887, -5.862073, -5.909455, -5.925598, -5.884406, -5.873841, -5.894952, -5.925016, -5.976603, -6.022953, -6.070777, -6.112258, -6.122446, -6.169749, -6.182359, -6.202683, -6.21931, -6.396693, -6.480289, -6.545854, -6.600083, -6.637211, -6.655795, -6.666709, -6.695688, -6.703442, -6.741414, -6.808814, -6.860885, -6.912087, -6.962169, -6.985522, -7.015244, -7.027982, -7.027511, -7.029162, -7.074866, -7.11973, -7.158978, -7.191455, -7.201673, -7.242575, -7.291526, -7.345546, -7.396865, -7.448314, -7.50264, -7.558302, -7.59199, -7.605511, -7.62078, -7.630698, -7.591903, -7.556383, -7.52769, -7.55518, -7.588882, -7.631029, -7.67609, -7.747754, -7.798346, -7.848862, -7.888543, -7.944441, -7.978644, -8.026744, -8.07168, -8.118209, -8.188057, -8.243173, -8.317823, -8.3705, -8.417005, -8.47814, -8.514688, -8.601643, -8.691066, -8.743788, -8.796551, -8.874985, -8.9632, -9.013409, -9.101676, -9.15799, -9.206919, -9.256039, -9.307393, -9.352003, -9.40184, -9.453784, -9.503751, -9.584975, -9.60282, -9.625992, -9.647422, -9.679264, -9.716079, -9.745494, -9.757061, -9.751965, -9.757653, -9.802425, -9.816507, -9.764071, -9.712735, -9.676235, -9.623247, -9.655617, -9.698159, -9.719329, -9.757744, -9.766555, -9.764282, -9.766444, -9.78096, -9.759131, -9.757212, -9.779249, -9.800475, -9.836349, -9.876784, -9.903629, -9.902507, -9.867416, -9.823052, -9.780219, -9.743879, -9.711545, -9.674177, -9.614094, -9.564676, -9.515419, -9.472252, -9.436475, -9.385555, -9.33772, -9.286296, -9.251828, -9.288457, -9.316068, -9.292798, -9.271986, -9.271383, -9.333329, -9.450432, -9.482337, -9.381739, -9.321368, -9.270617, -9.176707, -9.118515, -9.066807, -9.041854, -9.023192, -8.973789, -8.94459, -8.899226, -8.853687, -8.810445, -8.760725, -8.710276, -8.672964, -8.660557, -8.65843, -8.678545, -8.68412, -8.728865, -8.741089, -8.699957, -8.645462, -8.620666, -8.588995, -8.553832, -8.506363, -8.446842, -8.428814, -8.395971, -8.355899, -8.324798, -8.287714, -8.244099, -8.200111, -8.166117, -8.111856, -8.078066, -8.040297, -8.014789, -7.979716, -8.027622, -8.026953, -8.026133, -8.025284, -7.99011, -7.944406, -7.89955, -7.854885, -7.810579, -7.763856, -7.70593, -7.655293, -7.647007, -7.594389, -7.581825, -7.570593, -7.527814, -7.52194, -7.521243, -7.474569, -7.426582, -7.379025]]]}