{"name": "Mwanza", "bounding_box": [31.93281, -3.43541, 33.789809, -1.667174], "lat_idx": [102, 120], "lon_idx": [127, 147], "line": [[[33.564792, 33.582612, 33.630664, 33.624781, 33.665704, 33.710215, 33.756393, 33.784836, 33.789809, 33.750721, 33.700712, 33.650264, 33.598674, 33.550694, 33.521162, 33.501501, 33.523199, 33.498796, 33.482461, 33.483873, 33.480311, 33.441537, 33.438028, 33.423074, 33.370664, 33.323807, 33.300607, 33.25135, 33.195554, 33.148977, 33.099419, 33.063984, 33.013602, 32.974872, 32.926077, 32.898799, 32.855367, 32.807066, 32.779719, 32.782822, 32.770758, 32.782672, 32.768727, 32.808192, 32.820116, 32.832273, 32.867018, 32.903486, 32.932245, 32.977421, 32.959375, 32.952871, 32.912436, 32.882055, 32.895414, 32.864092, 32.893274, 32.886461, 32.875105, 32.912528, 32.946099, 32.994156, 33.044805, 33.094963, 33.135617, 33.137908, 33.174907, 33.222318, 33.272367, 33.310636, 33.331193, 33.36905, 33.420511, 33.467208, 33.520539], [-2.505157, -2.552628, -2.566563, -2.630182, -2.660553, -2.685277, -2.707959, -2.749125, -2.799989, -2.831938, -2.823038, -2.823467, -2.817769, -2.833679, -2.875415, -2.92145, -2.971295, -3.014948, -3.064926, -3.116131, -3.166827, -3.201265, -3.251929, -3.300726, -3.306441, -3.330248, -3.379594, -3.39056, -3.40105, -3.42287, -3.43264, -3.395753, -3.386496, -3.349158, -3.334229, -3.289223, -3.262509, -3.246983, -3.202498, -3.15244, -3.102739, -3.051824, -3.003781, -2.97266, -2.923365, -2.874565, -2.837849, -2.803623, -2.844728, -2.866424, -2.819485, -2.76981, -2.739321, -2.699236, -2.650219, -2.610632, -2.569483, -2.519495, -2.470692, -2.437528, -2.400414, -2.384659, -2.381955, -2.380738, -2.411033, -2.46115, -2.495155, -2.512613, -2.509605, -2.543235, -2.497271, -2.531913, -2.531855, -2.512842, -2.514637]], [[33.330082, 33.369107, 33.330175], [-1.69806, -1.731091, -1.699392]], [[32.819893, 32.869833, 32.904062, 32.928928, 32.964227, 33.014024, 33.061236, 33.110333, 33.102919, 33.146835, 33.154335, 33.183817, 33.146482, 33.106909, 33.05736, 33.014029, 32.966402, 32.917181, 32.877188, 32.867186, 32.873058, 32.82926], [-1.926645, -1.929558, -1.89303, -1.939881, -1.977091, -1.98179, -1.965082, -1.974817, -2.025112, -2.050763, -2.100263, -2.141685, -2.175236, -2.143019, -2.135258, -2.10948, -2.092382, -2.08239, -2.051714, -2.002335, -1.952496, -1.926729]], [[33.002222, 33.021366, 33.073889, 33.097839, 33.058878, 33.009031], [-1.845591, -1.798891, -1.800811, -1.844937, -1.876278, -1.870733]], [[32.761292, 32.714047, 32.671111, 32.628702, 32.581548, 32.579571, 32.548266, 32.52709, 32.47752, 32.427206, 32.407348, 32.432602, 32.480705, 32.449828, 32.400179, 32.349388, 32.299285, 32.259974, 32.222505, 32.180079, 32.139719, 32.102831, 32.05961, 32.094065, 32.143901, 32.178877, 32.208398, 32.231556, 32.285808, 32.331854, 32.365014, 32.340283, 32.377501, 32.42014, 32.4635, 32.513169, 32.536882, 32.51378, 32.559046, 32.600374, 32.633982, 32.643564, 32.667002, 32.661553, 32.697334, 32.666227, 32.715394, 32.750573, 32.778944, 32.829104, 32.839813, 32.832762, 32.80353, 32.834963, 32.848739, 32.864391, 32.859976, 32.820693, 32.770994, 32.721846, 32.771177, 32.763209, 32.771611], [-2.988547, -3.005395, -2.979473, -2.950788, -2.928887, -2.874061, -2.833177, -2.787597, -2.776772, -2.766093, -2.719448, -2.675964, -2.657464, -2.617541, -2.610435, -2.602479, -2.603516, -2.570072, -2.535925, -2.509171, -2.479298, -2.444511, -2.414766, -2.378323, -2.391904, -2.356071, -2.314629, -2.270194, -2.276881, -2.296412, -2.334045, -2.378273, -2.412081, -2.439013, -2.465883, -2.454091, -2.498604, -2.542977, -2.521634, -2.491583, -2.454437, -2.405285, -2.360892, -2.410669, -2.445731, -2.484939, -2.495755, -2.53161, -2.490204, -2.487973, -2.537111, -2.586876, -2.627628, -2.66662, -2.714831, -2.762389, -2.812389, -2.843395, -2.854471, -2.864237, -2.878199, -2.927833, -2.977325]], [[32.40542, 32.43224, 32.464015, 32.51329, 32.514086, 32.544631, 32.512293, 32.490425, 32.448701, 32.444929, 32.406607], [-2.336311, -2.292796, -2.331536, -2.321882, -2.271719, -2.311455, -2.350718, -2.395771, -2.423927, -2.374056, -2.341034]], [[31.932852, 31.978106, 32.013632, 32.039724, 32.052854, 32.014413, 31.966246, 31.978308], [-2.291813, -2.267879, -2.231787, -2.274652, -2.323459, -2.355467, -2.341773, -2.292892]]]}