{"name": "Njombe", "bounding_box": [33.810973, -10.538403, 35.523169, -8.663164], "lat_idx": [31, 50], "lon_idx": [146, 164], "line": [[[34.81767, 34.766774, 34.720324, 34.675417, 34.624579, 34.573913, 34.594419, 34.567531, 34.565194, 34.575148, 34.581385, 34.569179, 34.56172, 34.529128, 34.538067, 34.522304, 34.500417, 34.466594, 34.436945, 34.405816, 34.374862, 34.343053, 34.320814, 34.283046, 34.245342, 34.208723, 34.168158, 34.127608, 34.086039, 34.064848, 34.034532, 34.006839, 33.983991, 33.969799, 33.931682, 33.885015, 33.846482, 33.858089, 33.848263, 33.812746, 33.826088, 33.825196, 33.818134, 33.838498, 33.885268, 33.924166, 33.976405, 34.018374, 34.055381, 34.102874, 34.151399, 34.176619, 34.236517, 34.28544, 34.290307, 34.337667, 34.38921, 34.446291, 34.504398, 34.552509, 34.578094, 34.618832, 34.667471, 34.717438, 34.768176, 34.819989, 34.868828, 34.869281, 34.887694, 34.931474, 34.982221, 35.027728, 35.069604, 35.121565, 35.143599, 35.131252, 35.121988, 35.128402, 35.129102, 35.17852, 35.231155, 35.282196, 35.332985, 35.38025, 35.430595, 35.487228, 35.507768, 35.499979, 35.499929, 35.499745, 35.499762, 35.502049, 35.472897, 35.433674, 35.393084, 35.354094, 35.307487, 35.258118, 35.21743, 35.174019, 35.130052, 35.149045, 35.17859, 35.167652, 35.198384, 35.217491, 35.200655, 35.17531, 35.149459, 35.101908, 35.047934, 35.002861, 34.989751, 34.99332, 34.966299, 34.931952, 34.893555, 34.862643, 34.821242], [-10.466193, -10.470311, -10.510625, -10.534977, -10.529588, -10.531241, -10.485277, -10.442631, -10.391425, -10.341833, -10.291932, -10.242794, -10.191848, -10.135529, -10.086202, -10.038665, -9.993161, -9.955255, -9.913627, -9.873929, -9.834233, -9.795623, -9.750523, -9.717743, -9.679623, -9.643544, -9.607117, -9.572778, -9.539957, -9.492262, -9.448553, -9.406635, -9.359448, -9.304609, -9.268044, -9.240103, -9.205202, -9.155774, -9.104201, -9.066239, -9.010768, -8.960368, -8.908577, -8.861516, -8.840783, -8.872529, -8.867892, -8.895984, -8.861418, -8.840752, -8.855116, -8.899089, -8.936089, -8.919554, -8.868758, -8.824735, -8.828209, -8.812776, -8.805289, -8.760211, -8.713263, -8.681034, -8.666731, -8.669789, -8.672771, -8.678583, -8.693072, -8.746892, -8.79342, -8.817883, -8.824459, -8.803615, -8.774071, -8.778401, -8.82395, -8.872464, -8.921958, -8.97287, -9.023383, -9.032807, -9.038413, -9.036928, -9.030345, -9.013047, -9.02521, -9.046715, -9.118515, -9.176707, -9.23572, -9.294201, -9.347379, -9.458225, -9.505815, -9.549979, -9.585122, -9.627991, -9.64724, -9.672826, -9.708975, -9.736164, -9.767112, -9.815132, -9.857793, -9.907425, -9.948151, -9.997302, -10.048392, -10.10594, -10.154533, -10.170991, -10.165778, -10.191198, -10.240189, -10.290805, -10.335193, -10.379661, -10.41623, -10.456942, -10.48669]]]}