{"name": "Singida", "bounding_box": [33.486549, -7.534773, 35.356383, -3.800776], "lat_idx": [61, 99], "lon_idx": [143, 163], "line": [[[34.17373, 34.224847, 34.276422, 34.326372, 34.368971, 34.385268, 34.424004, 34.467117, 34.516265, 34.562963, 34.612975, 34.642505, 34.69101, 34.718345, 34.750529, 34.754497, 34.801424, 34.846268, 34.896353, 34.911993, 34.957759, 34.978609, 34.965932, 34.968053, 34.970249, 34.94324, 34.904983, 34.881959, 34.867241, 34.899277, 34.944757, 34.983287, 35.02198, 35.052328, 35.072985, 35.127521, 35.145567, 35.144116, 35.177966, 35.226353, 35.276773, 35.306543, 35.338084, 35.312525, 35.281306, 35.234535, 35.193195, 35.146694, 35.118488, 35.073943, 35.089814, 35.092727, 35.091669, 35.113736, 35.124606, 35.147439, 35.178702, 35.19714, 35.233198, 35.252805, 35.300508, 35.337099, 35.336329, 35.296697, 35.269268, 35.259201, 35.238904, 35.22524, 35.2111, 35.207756, 35.206227, 35.186161, 35.164239, 35.181192, 35.210181, 35.217801, 35.243513, 35.241413, 35.206936, 35.226648, 35.200981, 35.195008, 35.191914, 35.170601, 35.10518, 35.059682, 35.072472, 35.078132, 35.081895, 35.032761, 34.981731, 34.931159, 34.888569, 34.844275, 34.800217, 34.761633, 34.720463, 34.674534, 34.649132, 34.613962, 34.585356, 34.541572, 34.503029, 34.463101, 34.431073, 34.380878, 34.33114, 34.278939, 34.228917, 34.160031, 34.106433, 34.051451, 34.007726, 34.013113, 33.985931, 33.936432, 33.87956, 33.827273, 33.804963, 33.812339, 33.801931, 33.789766, 33.788987, 33.798949, 33.80608, 33.764816, 33.71926, 33.683161, 33.641468, 33.591489, 33.555113, 33.50116, 33.516231, 33.524831, 33.524631, 33.524331, 33.521431, 33.534731, 33.560231, 33.592731, 33.640931, 33.681431, 33.709531, 33.750331, 33.786256, 33.83378, 33.876467, 33.901835, 33.912784, 33.926887, 33.942952, 33.968205, 33.978011, 34.000336, 34.012286, 34.03075, 34.083371, 34.11004, 34.083647, 34.055005, 34.009459, 34.041665, 34.081291, 34.111068, 34.136669, 34.158489, 34.179496, 34.222986, 34.212568, 34.184957, 34.180232, 34.177306, 34.12992, 34.077493, 34.028321, 33.981027, 33.934857, 33.926082, 33.925476, 33.926058, 33.922796, 33.913509, 33.91909, 33.928682, 33.935003, 33.922296, 33.91957, 33.914975, 33.935923, 33.94352, 33.969189, 34.00915, 34.049231, 34.07039, 34.080679, 34.094459, 34.099895, 34.107406, 34.137381], [-4.077065, -4.076657, -4.084101, -4.076202, -4.045401, -3.99776, -3.965558, -3.940124, -3.9301, -3.910891, -3.910554, -3.869347, -3.856767, -3.814443, -3.854122, -3.914963, -3.944438, -3.921747, -3.921119, -3.968823, -3.990506, -4.042799, -4.09459, -4.147471, -4.20009, -4.245748, -4.280387, -4.326815, -4.379712, -4.422231, -4.443789, -4.479107, -4.522516, -4.56839, -4.616152, -4.628529, -4.675527, -4.726591, -4.765466, -4.778468, -4.80104, -4.844465, -4.883334, -4.936529, -4.977101, -5.000139, -5.034874, -5.058837, -5.103232, -5.12597, -5.173417, -5.223441, -5.274433, -5.320246, -5.369072, -5.413709, -5.45296, -5.500702, -5.535783, -5.584141, -5.619228, -5.656525, -5.707249, -5.737959, -5.781249, -5.831452, -5.878461, -5.930583, -5.979081, -6.047812, -6.102272, -6.151217, -6.198898, -6.247396, -6.29076, -6.342884, -6.387194, -6.438966, -6.477887, -6.524176, -6.573765, -6.630754, -6.681566, -6.728921, -6.739633, -6.716376, -6.767304, -6.818202, -6.891289, -6.909503, -6.902127, -6.887701, -6.916733, -6.939946, -6.966824, -7.002552, -7.033988, -7.054873, -7.107562, -7.144277, -7.187553, -7.212631, -7.24583, -7.277201, -7.31687, -7.320915, -7.329799, -7.333476, -7.336199, -7.379094, -7.392731, -7.404077, -7.428435, -7.478538, -7.522536, -7.534773, -7.530543, -7.526297, -7.480328, -7.426131, -7.375174, -7.325816, -7.273411, -7.204967, -7.14774, -7.111501, -7.088209, -7.053216, -7.021317, -7.003714, -6.966006, -6.951895, -6.904037, -6.852037, -6.799037, -6.746937, -6.692037, -6.641037, -6.594237, -6.554637, -6.539737, -6.504637, -6.459037, -6.428337, -6.391387, -6.374348, -6.341959, -6.296431, -6.246086, -6.196932, -6.147591, -6.102796, -6.05303, -6.005559, -5.956569, -5.9081, -5.888863, -5.838313, -5.78498, -5.736376, -5.707639, -5.666932, -5.632776, -5.589171, -5.537999, -5.487213, -5.439727, -5.413641, -5.363459, -5.321381, -5.270552, -5.217091, -5.195577, -5.194888, -5.20651, -5.188968, -5.168528, -5.11907, -5.06794, -5.015865, -4.964191, -4.91321, -4.862482, -4.811585, -4.757277, -4.706574, -4.653488, -4.600434, -4.554629, -4.505035, -4.461245, -4.429667, -4.399537, -4.349832, -4.299652, -4.247973, -4.193367, -4.141887, -4.095001]]]}