{"name": "Anseba", "bounding_box": [36.859015, 15.509174, 38.889452, 17.505165], "lat_idx": [291, 312], "lon_idx": [177, 198], "line": [[[38.889125, 38.838766, 38.801451, 38.753859, 38.718978, 38.686591, 38.635407, 38.593815, 38.543574, 38.493106, 38.443163, 38.399975, 38.355547, 38.304292, 38.253666, 38.201663, 38.172624, 38.17985, 38.149684, 38.099463, 38.049078, 38.016831, 37.967266, 37.982817, 37.931255, 37.881244, 37.830425, 37.779833, 37.736899, 37.686891, 37.636091, 37.584457, 37.533032, 37.482087, 37.435557, 37.404622, 37.38659, 37.340488, 37.290235, 37.283525, 37.252093, 37.207444, 37.171017, 37.13337, 37.095407, 37.052326, 37.013803, 36.968412, 36.933895, 36.952713, 36.965653, 36.920029, 36.891431, 36.861266, 36.882917, 36.889235, 36.899293, 36.938588, 36.982933, 37.006551, 37.012273, 36.992349, 36.998065, 37.00078, 37.016512, 37.006741, 37.052114, 37.101504, 37.151052, 37.201152, 37.249637, 37.29961, 37.347359, 37.393564, 37.423978, 37.461504, 37.48138, 37.493284, 37.520336, 37.502414, 37.549839, 37.611426, 37.700091, 37.762782, 37.772884, 37.780138, 37.825709, 37.863211, 37.885127, 37.899638, 37.904348, 37.912037, 37.889557, 37.860286, 37.850879, 37.867273, 37.880629, 37.869986, 37.873396, 37.913231, 37.933362, 37.982428, 37.985955, 37.982614, 37.981602, 38.031087, 38.083254, 38.133112, 38.179624, 38.22872, 38.266561, 38.316154, 38.310356, 38.30012, 38.345444, 38.340433, 38.366936, 38.416725, 38.461324, 38.465972, 38.484687, 38.484335, 38.481386, 38.465703, 38.473348, 38.495466, 38.484681, 38.534428, 38.562005, 38.607903, 38.658785, 38.705473, 38.749129, 38.795187, 38.837799, 38.815786, 38.847977, 38.861278, 38.873334, 38.867476, 38.889125], [15.569681, 15.566107, 15.531362, 15.512835, 15.549263, 15.591964, 15.588736, 15.559569, 15.55849, 15.555798, 15.549982, 15.580233, 15.604605, 15.617462, 15.62501, 15.619777, 15.660805, 15.710602, 15.750556, 15.763562, 15.751955, 15.793317, 15.810816, 15.861461, 15.850328, 15.853937, 15.856987, 15.851592, 15.88009, 15.883047, 15.874188, 15.873643, 15.872574, 15.880509, 15.905466, 15.946868, 15.995548, 16.017513, 16.035296, 16.084903, 16.126071, 16.149978, 16.189837, 16.2235, 16.257813, 16.287075, 16.320275, 16.296904, 16.33375, 16.380159, 16.428629, 16.449903, 16.491325, 16.531726, 16.576892, 16.626709, 16.675771, 16.707096, 16.731069, 16.775789, 16.825808, 16.872082, 16.922804, 16.973026, 17.020512, 17.069914, 17.092679, 17.082225, 17.075196, 17.069632, 17.084462, 17.091833, 17.075075, 17.055108, 17.095727, 17.128826, 17.17482, 17.223397, 17.265459, 17.312573, 17.352071, 17.372812, 17.379461, 17.38347, 17.432481, 17.482158, 17.502787, 17.469376, 17.424008, 17.371703, 17.318572, 17.267146, 17.219138, 17.175031, 17.121031, 17.072688, 17.021911, 16.971578, 16.920063, 16.887426, 16.841402, 16.824204, 16.773355, 16.722133, 16.671765, 16.656639, 16.652155, 16.646067, 16.62163, 16.637888, 16.604573, 16.595741, 16.545062, 16.494285, 16.471047, 16.419056, 16.374532, 16.38522, 16.362298, 16.311014, 16.263674, 16.212112, 16.159433, 16.110658, 16.060787, 16.013336, 15.964475, 15.950355, 15.906163, 15.884959, 15.89139, 15.873317, 15.898097, 15.878151, 15.851324, 15.805049, 15.765959, 15.71555, 15.666609, 15.616108, 15.569681]]]}