{"name": "Debub", "bounding_box": [37.850879, 14.299216, 40.859585, 18.020414], "lat_idx": [279, 317], "lon_idx": [187, 218], "line": [[[37.878991, 37.925941, 37.972353, 37.985986, 38.032909, 38.079584, 38.116529, 38.165469, 38.213331, 38.262073, 38.277275, 38.344834, 38.367728, 38.390506, 38.411142, 38.432629, 38.473709, 38.517668, 38.562982, 38.595417, 38.626694, 38.646278, 38.672138, 38.700417, 38.733387, 38.761276, 38.793777, 38.823002, 38.84547, 38.862915, 38.897945, 38.919613, 38.937946, 38.944637, 38.966278, 38.972084, 38.998779, 39.006222, 39.020416, 39.036221, 39.050388, 39.062084, 39.082027, 39.097916, 39.124584, 39.140388, 39.146252, 39.144554, 39.166222, 39.158279, 39.181252, 39.189529, 39.197029, 39.197887, 39.203724, 39.217918, 39.227055, 39.236279, 39.253723, 39.272057, 39.293777, 39.305389, 39.348331, 39.383335, 39.433334, 39.425388, 39.447918, 39.466667, 39.455418, 39.453724, 39.47747, 39.529972, 39.581638, 39.615391, 39.636276, 39.648724, 39.660389, 39.691612, 39.714584, 39.70789, 39.698723, 39.718334, 39.764584, 39.815418, 39.825417, 39.853722, 39.842056, 39.820415, 39.779556, 39.788723, 39.77536, 39.805416, 39.836639, 39.890835, 39.932083, 39.977917, 40.019611, 40.067917, 40.082085, 40.047085, 40.052502, 40.070389, 40.096638, 40.100388, 40.147915, 40.155388, 40.191639, 40.237083, 40.286221, 40.332863, 40.369583, 40.41914, 40.452446, 40.489166, 40.523552, 40.530942, 40.544264, 40.561431, 40.571241, 40.551357, 40.51388, 40.488904, 40.488582, 40.489443, 40.484843, 40.494714, 40.484532, 40.374174, 40.318592, 40.259503, 40.213333, 40.181155, 40.147533, 40.097811, 40.053565, 40.031376, 39.985569, 39.946948, 39.900989, 39.86324, 39.815025, 39.782208, 39.738871, 39.69622, 39.650258, 39.631315, 39.624416, 39.641409, 39.649546, 39.642288, 39.597495, 39.564711, 39.528819, 39.48512, 39.441551, 39.394607, 39.352275, 39.322202, 39.277322, 39.244437, 39.211703, 39.178457, 39.131563, 39.081432, 39.044489, 39.045133, 39.041564, 39.014928, 39.018794, 38.986397, 38.940206, 38.916474, 38.892281, 38.867138, 38.873825, 38.862321, 38.843388, 38.815557, 38.839941, 38.797999, 38.752524, 38.705473, 38.658785, 38.607903, 38.562005, 38.534428, 38.48549, 38.495466, 38.473149, 38.465703, 38.481386, 38.483292, 38.48685, 38.464011, 38.461252, 38.419739, 38.371735, 38.326688, 38.356573, 38.324675, 38.314529, 38.322251, 38.276801, 38.242265, 38.194037, 38.14568, 38.110511, 38.06083, 38.0109, 37.979076, 37.979754, 37.987445, 37.940607, 37.921545, 37.88079, 37.869555, 37.880057, 37.870646, 37.853131, 37.85726, 37.87775, 37.908127, 37.911493, 37.899681, 37.891798], [17.448241, 17.465478, 17.484493, 17.533214, 17.55062, 17.532638, 17.566608, 17.580777, 17.563248, 17.576416, 17.624357, 17.652334, 17.697246, 17.742494, 17.806665, 17.855223, 17.919251, 17.96003, 18.002065, 17.962528, 17.919611, 17.868389, 17.825056, 17.78089, 17.740473, 17.698444, 17.655083, 17.613388, 17.568417, 17.515055, 17.467611, 17.420944, 17.37089, 17.318388, 17.268444, 17.216722, 17.172583, 17.114111, 17.064972, 17.0175, 16.959972, 16.910028, 16.862473, 16.811666, 16.757473, 16.708334, 16.656666, 16.602472, 16.555779, 16.506195, 16.4575, 16.404972, 16.354973, 16.303305, 16.253305, 16.199139, 16.145805, 16.095861, 16.047501, 16.0, 15.954166, 15.899972, 15.870389, 15.834583, 15.80875, 15.759167, 15.710806, 15.66375, 15.614166, 15.5625, 15.517889, 15.532888, 15.528722, 15.489944, 15.442472, 15.393361, 15.340806, 15.300389, 15.250778, 15.199139, 15.141639, 15.088722, 15.068361, 15.071667, 15.121639, 15.168333, 15.220834, 15.268333, 15.297527, 15.3475, 15.396611, 15.438306, 15.477917, 15.474556, 15.443334, 15.410806, 15.379972, 15.350833, 15.301611, 15.265805, 15.21375, 15.164139, 15.118722, 15.068306, 15.05, 15.0, 14.964611, 14.941639, 14.915, 14.936666, 14.975833, 14.966222, 15.006222, 14.96125, 14.921531, 14.869188, 14.816397, 14.768503, 14.7169, 14.66996, 14.631738, 14.586819, 14.535242, 14.485083, 14.434686, 14.38432, 14.335328, 14.35442, 14.382072, 14.41147, 14.38667, 14.461287, 14.53925, 14.547679, 14.52335, 14.477199, 14.452229, 14.414482, 14.438608, 14.473138, 14.486706, 14.525192, 14.551286, 14.577697, 14.598259, 14.647002, 14.699071, 14.747939, 14.797928, 14.84964, 14.874273, 14.915279, 14.950566, 14.978824, 15.006484, 15.024679, 15.054608, 15.098138, 15.122553, 15.163599, 15.203317, 15.243285, 15.26145, 15.255205, 15.219852, 15.2706, 15.322106, 15.366158, 15.417819, 15.458012, 15.477335, 15.523363, 15.567247, 15.611245, 15.662109, 15.711751, 15.758682, 15.801005, 15.846885, 15.875095, 15.896141, 15.873317, 15.89139, 15.884959, 15.906163, 15.950355, 15.964192, 16.013336, 16.058816, 16.110658, 16.159433, 16.210608, 16.261508, 16.306175, 16.358488, 16.386837, 16.371001, 16.395475, 16.438868, 16.477678, 16.527837, 16.577881, 16.599821, 16.638899, 16.625179, 16.612235, 16.648109, 16.657742, 16.660802, 16.701366, 16.752935, 16.805365, 16.828356, 16.877954, 16.907919, 16.959192, 17.00879, 17.060388, 17.109049, 17.161813, 17.208261, 17.249451, 17.303462, 17.352693, 17.404885]], [[39.427891, 39.462917, 39.483696, 39.454166], [16.153305, 16.117472, 16.071667, 16.112888]], [[39.610832, 39.660862, 39.610832], [15.90375, 15.909555, 15.900416]], [[39.922054, 39.931221, 39.981609, 39.998749, 39.976639, 40.028751, 40.074944, 40.105415, 40.139168, 40.137085, 40.152863, 40.186668, 40.237473, 40.279167, 40.229973, 40.271667, 40.322445, 40.34164, 40.390804, 40.418724, 40.369972, 40.319168, 40.272499, 40.222473, 40.16497, 40.11628, 40.068748, 40.021641, 39.973305, 39.952862, 40.002861, 40.046223, 40.080418, 40.044582, 40.004971, 39.956665], [15.729167, 15.778334, 15.767889, 15.818306, 15.865417, 15.8725, 15.852861, 15.805805, 15.766222, 15.711638, 15.664139, 15.625389, 15.617084, 15.651278, 15.667916, 15.697056, 15.687917, 15.640388, 15.63125, 15.585, 15.572083, 15.561222, 15.580417, 15.592889, 15.583722, 15.599139, 15.583361, 15.602917, 15.616222, 15.664972, 15.652472, 15.625806, 15.6625, 15.698334, 15.731222, 15.717889]], [[40.334141, 40.385807, 40.335835], [15.489555, 15.477917, 15.486222]], [[40.155418, 40.186222, 40.199165], [15.675777, 15.716666, 15.667055]], [[39.987083, 40.022499, 40.037861, 40.083332, 40.074585, 40.117889, 40.066666, 40.017471], [16.014999, 16.057056, 16.104973, 16.078751, 16.018305, 15.991667, 15.987917, 16.006222]], [[39.85247, 39.90453, 39.914585, 39.875862], [16.342083, 16.340834, 16.287472, 16.320417]], [[40.13036, 40.180389, 40.129581], [16.0525, 16.047472, 16.047472]], [[40.125389, 40.156223, 40.164528], [16.127501, 16.169111, 16.109138]], [[40.127056, 40.143696, 40.187916, 40.138748], [16.491667, 16.539139, 16.510834, 16.496639]], [[40.779972, 40.825832, 40.786667], [15.502084, 15.52375, 15.490389]], [[40.264584, 40.291248, 40.343693, 40.318748, 40.271221], [14.989972, 15.0375, 15.0375, 14.991639, 14.974167]], [[39.742474, 39.764137, 39.737915], [15.482889, 15.434556, 15.479195]], [[40.228748, 40.262527, 40.274529], [15.150833, 15.19375, 15.145]]]}