{"name": "Gash Barka", "bounding_box": [36.433348, 14.180792, 38.769814, 16.321411], "lat_idx": [278, 300], "lon_idx": [172, 197], "line": [[[36.948607, 36.993747, 37.044043, 37.085936, 37.124208, 37.165366, 37.199382, 37.241811, 37.28754, 37.267024, 37.310032, 37.359066, 37.400472, 37.412977, 37.450571, 37.501193, 37.552024, 37.603307, 37.653267, 37.704499, 37.754382, 37.807525, 37.856184, 37.907523, 37.95629, 37.969665, 38.017494, 38.051394, 38.101657, 38.151709, 38.181107, 38.173787, 38.213425, 38.26442, 38.314127, 38.362452, 38.404984, 38.450273, 38.500836, 38.550265, 38.601036, 38.646746, 38.697469, 38.717354, 38.745548, 38.761982, 38.753687, 38.753908, 38.730388, 38.700092, 38.717994, 38.669498, 38.623455, 38.572954, 38.52976, 38.478283, 38.426752, 38.416336, 38.453002, 38.474534, 38.463359, 38.415506, 38.370326, 38.326484, 38.275317, 38.228107, 38.257148, 38.305964, 38.356025, 38.401281, 38.400583, 38.375817, 38.347266, 38.297172, 38.24718, 38.196773, 38.148383, 38.10636, 38.056567, 38.017371, 37.990732, 37.963141, 37.931502, 37.871753, 37.82171, 37.781877, 37.725805, 37.677442, 37.625306, 37.577166, 37.528564, 37.482042, 37.470281, 37.425385, 37.400626, 37.381969, 37.347105, 37.313318, 37.262858, 37.211839, 37.165032, 37.126459, 37.103828, 37.106744, 37.064637, 37.01536, 36.976392, 36.928441, 36.879612, 36.829472, 36.77658, 36.725929, 36.676289, 36.624923, 36.578088, 36.524055, 36.516321, 36.509053, 36.502181, 36.4951, 36.488144, 36.480589, 36.473508, 36.466552, 36.460058, 36.448608, 36.43675, 36.473752, 36.531027, 36.564093, 36.59283, 36.6188, 36.63048, 36.655877, 36.67717, 36.695304, 36.727035, 36.767784, 36.794895, 36.82207, 36.847293, 36.873227, 36.891904, 36.92018], [16.290249, 16.312822, 16.292556, 16.262954, 16.230577, 16.197538, 16.159724, 16.128936, 16.102386, 16.055826, 16.029744, 16.012692, 15.980842, 15.930537, 15.895332, 15.879367, 15.874381, 15.86942, 15.878682, 15.863397, 15.857993, 15.852971, 15.840892, 15.845133, 15.858495, 15.808852, 15.7903, 15.752628, 15.763319, 15.749382, 15.706714, 15.656107, 15.625436, 15.626835, 15.619621, 15.603362, 15.574222, 15.54823, 15.551608, 15.560791, 15.564204, 15.585124, 15.585664, 15.53965, 15.49788, 15.447509, 15.397205, 15.346689, 15.301713, 15.260985, 15.214145, 15.197695, 15.172621, 15.185695, 15.160313, 15.165148, 15.165211, 15.115489, 15.080628, 15.033823, 14.984459, 14.969476, 14.942436, 14.916118, 14.918755, 14.896581, 14.854483, 14.840468, 14.831575, 14.808812, 14.758424, 14.714704, 14.671894, 14.677843, 14.683053, 14.694985, 14.679517, 14.707675, 14.715683, 14.747414, 14.790431, 14.832598, 14.873598, 14.818518, 14.726164, 14.652653, 14.549175, 14.459921, 14.363707, 14.274864, 14.18517, 14.203782, 14.253175, 14.276905, 14.320493, 14.368098, 14.40686, 14.445914, 14.441671, 14.440444, 14.422348, 14.387999, 14.34303, 14.292979, 14.264328, 14.252387, 14.284149, 14.301285, 14.314948, 14.316343, 14.319707, 14.312688, 14.303046, 14.311639, 14.290003, 14.338903, 14.415788, 14.488044, 14.559639, 14.633408, 14.705885, 14.784595, 14.858364, 14.930841, 14.998491, 15.081928, 15.148398, 15.200691, 15.228541, 15.30675, 15.382823, 15.451567, 15.508582, 15.579296, 15.650718, 15.708778, 15.773895, 15.837455, 15.918484, 16.000432, 16.076495, 16.154702, 16.211023, 16.25245]]]}