{"name": "Maekel", "bounding_box": [38.199216, 14.407522, 39.654795, 15.264019], "lat_idx": [280, 290], "lon_idx": [190, 206], "line": [[[39.64422, 39.593654, 39.545943, 39.51072, 39.525718, 39.472863, 39.423194, 39.375864, 39.360033, 39.301334, 39.270656, 39.249286, 39.258356, 39.222084, 39.176284, 39.16275, 39.112668, 39.061965, 39.014574, 38.999643, 38.962239, 38.917371, 38.871507, 38.822384, 38.77334, 38.72381, 38.673014, 38.624747, 38.572654, 38.525078, 38.474715, 38.431159, 38.401084, 38.359591, 38.324161, 38.302647, 38.274602, 38.305646, 38.356082, 38.378769, 38.403503, 38.392669, 38.342941, 38.295641, 38.248125, 38.199807, 38.242754, 38.293398, 38.342559, 38.388061, 38.428573, 38.471694, 38.47116, 38.43165, 38.40415, 38.44539, 38.496677, 38.548303, 38.600657, 38.648021, 38.695573, 38.739327, 38.791141, 38.838505, 38.884333, 38.935533, 38.982293, 39.025174, 39.074599, 39.095722, 39.14749, 39.192751, 39.219023, 39.252909, 39.300382, 39.334774, 39.362287, 39.398105, 39.447606, 39.490519, 39.529213, 39.567701, 39.600387, 39.644513, 39.649255, 39.641778, 39.621516, 39.632823], [14.603714, 14.603438, 14.58831, 14.552732, 14.504748, 14.50017, 14.51492, 14.53789, 14.48331, 14.46992, 14.425517, 14.471924, 14.521119, 14.56597, 14.59194, 14.64064, 14.645754, 14.641152, 14.624183, 14.575895, 14.542598, 14.520438, 14.497732, 14.487365, 14.473003, 14.464817, 14.456297, 14.440319, 14.436525, 14.416405, 14.416449, 14.442326, 14.482545, 14.512197, 14.549959, 14.596405, 14.638696, 14.679451, 14.673424, 14.718647, 14.763294, 14.813732, 14.827688, 14.845155, 14.865657, 14.883986, 14.9101, 14.911834, 14.923773, 14.945702, 14.975174, 15.002499, 15.054111, 15.086764, 15.130804, 15.16145, 15.16028, 15.170267, 15.166304, 15.187558, 15.206907, 15.233056, 15.227749, 15.208409, 15.186147, 15.177901, 15.197245, 15.225863, 15.215488, 15.260834, 15.258816, 15.231165, 15.187903, 15.149448, 15.129896, 15.093435, 15.051312, 15.015035, 15.003903, 14.975802, 14.943795, 14.911303, 14.873447, 14.847007, 14.795167, 14.743801, 14.695384, 14.644946]]]}