{"name": "HOMA BAY", "bounding_box": [33.91704559326171, -0.8660460710525494, 35.02160263061523, -0.25675806403160406], "lat_idx": [127, 134], "lon_idx": [147, 159], "line": [[[34.66067886352538, 34.63716888427734, 34.58748626708984, 34.549514770507805, 34.53504562377929, 34.502742767333984, 34.475051879882805, 34.46427154541015, 34.42314147949219, 34.374885559082024, 34.32779693603515, 34.290664672851555, 34.24688720703124, 34.21441650390625, 34.162525177001946, 34.114749908447266, 33.925907135009766, 33.92445755004882, 33.921775817871094, 33.91920089721679, 33.91704559326171, 33.92267227172851, 33.92961120605468, 33.94793319702148, 34.042388916015625, 34.09310150146484, 34.14410400390624, 34.21060562133788, 34.25601577758788, 34.27896881103515, 34.3287010192871, 34.375904083251946, 34.42182540893554, 34.48298263549804, 34.53036499023437, 34.583744049072266, 34.63536834716796, 34.68920516967773, 34.74049758911132, 34.77531433105468, 34.81119918823242, 34.841194152832024, 34.891033172607415, 34.938613891601555, 34.98854827880859, 34.95861816406249, 34.91174316406249, 34.859668731689446, 34.81268692016601, 34.76573181152343, 34.72035980224609, 34.685283660888665], [-0.6027321815490696, -0.6583871245384235, -0.6500793099403435, -0.6831452846527031, -0.7314078211784365, -0.7700304388999898, -0.8116700649261532, -0.8611266613006541, -0.8325665593147356, -0.8464320898055976, -0.8643677830696029, -0.8308669924736041, -0.8062177300453114, -0.7680585980415333, -0.7649538516998251, -0.7803270220756534, -0.8048278689384427, -0.7502696514129669, -0.6907957196235658, -0.6316829919815058, -0.5678433179855324, -0.4959521293640103, -0.43543961644172846, -0.3381452560424859, -0.3381441235542245, -0.3381441235542379, -0.3381441235542333, -0.3381441235542362, -0.37873438000678805, -0.4232944250106823, -0.4130224585533129, -0.37338748574256253, -0.3348317742347681, -0.29869073629379855, -0.27065023779869035, -0.2664917111396765, -0.26234817504883107, -0.2580265998840393, -0.27967694401740495, -0.31569474935531555, -0.35062611103058583, -0.3907312452793107, -0.3952791094779899, -0.41131946444512263, -0.4071047604084075, -0.44790503382682306, -0.47723653912543773, -0.5017676949501075, -0.5202081203460619, -0.5374098420143198, -0.5584225654602001, -0.6006786823272761]]]}