{"name": "KAJIADO", "bounding_box": [36.00005340576171, -3.1872417926788406, 37.93745803833007, -1.0447884798049996], "lat_idx": [104, 127], "lon_idx": [168, 188], "line": [[[36.33815765380859, 36.343757629394524, 36.338882446289055, 36.39075851440429, 36.437690734863274, 36.48476409912109, 36.52648544311523, 36.52188491821288, 36.502395629882805, 36.54738235473632, 36.603591918945305, 36.65970611572265, 36.68895721435547, 36.72989273071289, 36.778816223144524, 36.8288345336914, 36.87602996826171, 36.881721496582024, 36.93198013305664, 36.972129821777344, 36.95674514770508, 36.99316024780273, 37.026260375976555, 37.06080245971679, 37.093147277832024, 37.132190704345696, 37.15676116943359, 37.14336776733398, 37.160572052001946, 37.18245315551757, 37.23202896118163, 37.27033615112304, 37.307754516601555, 37.35789489746094, 37.4035301208496, 37.44569396972656, 37.49334716796874, 37.53905868530273, 37.58277511596679, 37.633865356445305, 37.6841812133789, 37.69329833984374, 37.676704406738274, 37.64614105224609, 37.59751892089844, 37.63410568237304, 37.67208862304687, 37.70901870727539, 37.745193481445305, 37.77928161621094, 37.812461853027344, 37.845439910888665, 37.86910247802734, 37.897197723388665, 37.92975234985351, 37.93507766723632, 37.92475509643554, 37.89677429199219, 37.88865280151367, 37.88227462768554, 37.87513351440429, 37.85408782958984, 37.85391998291015, 37.811073303222656, 37.7609634399414, 37.69322204589843, 37.682483673095696, 37.673965454101555, 37.62661361694335, 37.5843620300293, 37.5334129333496, 37.47909545898437, 37.434307098388665, 37.378658294677734, 37.3189353942871, 37.26034545898437, 37.20183944702148, 37.138885498046875, 37.09259414672851, 37.035842895507805, 36.99151611328125, 36.94752120971679, 36.90159606933593, 36.85305786132812, 36.80551528930663, 36.75854110717773, 36.71222305297851, 36.66493606567382, 36.61801528930664, 36.56076049804687, 36.51349258422851, 36.46865844726562, 36.42088317871093, 36.36721420288086, 36.31890106201171, 36.2658805847168, 36.22209167480468, 36.17815780639648, 36.13162994384765, 36.080520629882805, 36.03065872192383, 36.00005340576171, 36.02077865600585, 36.03616714477539, 36.041980743408196, 36.02650451660156, 36.047534942626946, 36.01589965820312, 36.03579330444335, 36.042911529541016, 36.05329513549804, 36.064834594726555, 36.08483123779296, 36.06635665893554, 36.07094573974609, 36.10725784301758, 36.1433982849121, 36.17980957031249, 36.2164077758789, 36.25258636474609, 36.28804397583008, 36.325439453125], [-1.1828243732452368, -1.1306159496307364, -1.0794841051101611, -1.0706386566162187, -1.0925128459930393, -1.1148399114608694, -1.1444681882858287, -1.2067235708236643, -1.2534199953079164, -1.2790238857269258, -1.289962768554694, -1.3005257844924845, -1.3440703153610258, -1.3731067180633512, -1.3841903209686226, -1.3854513168334928, -1.4039123058319032, -1.4555445909500058, -1.4556909799575855, -1.4862831830978478, -1.5350427627563428, -1.576522469520569, -1.61915576457977, -1.6652898788452155, -1.7085224390029938, -1.742472052574153, -1.7860894203185953, -1.8348994255065973, -1.8819020986557087, -1.9269285202026398, -1.9342486858367933, -1.9678086042404137, -2.001762866973871, -2.0111477375030558, -2.037986755371096, -2.068377256393432, -2.0897703170776296, -2.1117167472839387, -2.1455180644988943, -2.159387350082406, -2.1620001792907737, -2.2111887931823815, -2.2584223747253414, -2.2982029914855904, -2.310198783874508, -2.3553619384765643, -2.398846864700325, -2.440701723098748, -2.4829373359680185, -2.522695541381841, -2.561171531677242, -2.5991401672363206, -2.6432368755340523, -2.6892588138580313, -2.7281055450439413, -2.783592939376829, -2.8343112468719567, -2.884018898010252, -2.933913946151741, -2.986066579818729, -3.039941072463989, -3.086896181106567, -3.1427683830261217, -3.1686298847198566, -3.1730442047119083, -3.175101041793822, -3.1238150596618626, -3.0717194080352823, -3.0279991626739493, -2.999408483505258, -2.9661710262298513, -2.9345431327819758, -2.9098231792449996, -2.8787488937377974, -2.845364570617676, -2.812584638595589, -2.7792310714721666, -2.7441556453704834, -2.717951536178597, -2.685827732086178, -2.661269426345829, -2.6364557743072425, -2.610582828521732, -2.5832755565643306, -2.556495189666756, -2.529859304428105, -2.5061876773834144, -2.480190277099602, -2.453482151031487, -2.420887231826784, -2.394005537033081, -2.3682827949524006, -2.3416473865509104, -2.3113191127777037, -2.2840785980224654, -2.2542517185211164, -2.2295305728912407, -2.205261468887334, -2.1788272857666056, -2.1499207019805873, -2.1218094825744696, -2.081856250762932, -2.035892724990848, -1.9883015155792205, -1.9384250640869076, -1.8905676603317279, -1.8440452814102102, -1.8047190904617314, -1.7583376169204705, -1.7087748050689682, -1.6597738265991193, -1.6109094619750957, -1.5649365186691357, -1.5181779861450195, -1.4670859575271573, -1.428856968879693, -1.39065229892731, -1.3523992300033494, -1.3138872385025104, -1.2754358053207322, -1.2369086742401085, -1.1965528726577759]]]}