{"name": "KIAMBU", "bounding_box": [36.490814208984375, -1.3124892711639, 37.36269462320674, -0.7566281557082863], "lat_idx": [123, 129], "lon_idx": [173, 183], "line": [[[36.72192764282226, 36.76531982421875, 36.810302734375, 36.8529052734375, 36.894287109375, 36.93487548828124, 36.97167968749999, 37.012878417968764, 37.0574951171875, 37.10729980468751, 37.15472412109374, 37.2022705078125, 37.2501220703125, 37.292297363281264, 37.33209228515625, 37.28021240234374, 37.226459617470496, 37.18058673441105, 37.18114092312881, 37.15956211613854, 37.11944410206901, 37.07085424106901, 37.02084689296754, 36.97052556822853, 36.92089843750001, 36.92514083860314, 36.884277343738766, 36.83642578125, 36.7884764381606, 36.74926201649951, 36.7066650390625, 36.678050508360734, 36.627163425695954, 36.57693322276389, 36.52737951858463, 36.51707904246234, 36.530929565429695, 36.54415843061239, 36.57685974136981, 36.58814744359153, 36.59628689835231, 36.57497434644486, 36.578487830140354, 36.590911352447634, 36.63277053833007, 36.669991653238185, 36.7174163358266], [-0.804297626018513, -0.8305053710937427, -0.8541870117187527, -0.880676269531214, -0.9097900390624781, -0.9398803710937382, -0.9741210937500036, -1.0034179687499956, -1.027221679687502, -1.0335083007812274, -1.051208496093749, -1.0349121093749931, -1.0197753906250033, -1.047302246093757, -1.0781860351562442, -1.0764770507812425, -1.0869924429520883, -1.1074381680501433, -1.1577912314173968, -1.2030451901674306, -1.2343850201136344, -1.2174340262697378, -1.2243041992452233, -1.225863370115677, -1.2141113281250042, -1.164186401185221, -1.1934204101592563, -1.2082519531249836, -1.193542216791351, -1.2300126758905099, -1.256896972656248, -1.2983257554428944, -1.2944369575410102, -1.2848020281889536, -1.2750239721683336, -1.2241306761486606, -1.1756013631820732, -1.1260237584564006, -1.0879498986850504, -1.0379679339480554, -0.9873846548102491, -0.9420166015750474, -0.8919126587016968, -0.8432295878385699, -0.8155878782271986, -0.7802265363691991, -0.7972559958046632]]]}