{"name": "KIRINYAGA", "bounding_box": [37.14381027221679, -0.785218179225924, 37.49642944335937, -0.14957407116890636], "lat_idx": [128, 136], "lon_idx": [179, 184], "line": [[[37.30781173706054, 37.34122467041015, 37.381683349609375, 37.423721313476555, 37.42669677734375, 37.43349075317382, 37.46791458129882, 37.48361587524413, 37.472427368164055, 37.4783592224121, 37.43844604492187, 37.391242980957024, 37.34495544433593, 37.29861831665038, 37.25729751586913, 37.237701416015625, 37.189441680908196, 37.174060821533196, 37.14981842041015, 37.148223876953125, 37.17650604248046, 37.19990921020507, 37.21929931640624, 37.23811721801757, 37.27222061157226, 37.30781173706054], [-0.14957407116890636, -0.22666625678538518, -0.3206492960453096, -0.4196613729000142, -0.46970027685166027, -0.5192469358444194, -0.555702567100518, -0.6032739281654376, -0.6520443558692883, -0.7016931772232113, -0.7349876165390045, -0.7522090077400252, -0.7715584635734561, -0.7526383996009878, -0.7243672609329265, -0.6778506636619518, -0.6645944714546148, -0.6169047355651825, -0.5729838013648936, -0.5228989124298039, -0.4816648066043936, -0.43744805455207075, -0.3841175138950413, -0.33531561493873563, -0.24416068196296184, -0.14957407116890636]]]}