{"name": "KITUI", "bounding_box": [37.595718383789055, -3.0684559345245406, 39.07613372802734, -0.05320658907293915], "lat_idx": [105, 136], "lon_idx": [184, 200], "line": [[[37.90239715576171, 37.882240295410156, 37.84757232666015, 37.854446411132805, 37.83805084228515, 37.810161590576165, 37.78774261474609, 37.758689880371094, 37.72764205932617, 37.75392532348633, 37.79383850097656, 37.807071685791016, 37.77968978881835, 37.73747253417968, 37.7134780883789, 37.69338226318359, 37.66232299804687, 37.638431549072266, 37.60260772705078, 37.62661743164062, 37.68412399291992, 37.73882675170898, 37.78003311157226, 37.81766128540038, 37.848335266113274, 37.849491119384766, 37.84619903564453, 37.81825637817382, 37.834243774414055, 37.86321258544921, 37.89167404174804, 37.91396713256836, 37.89567565917968, 37.91572189331055, 37.89066314697265, 37.882896423339844, 37.90223312377929, 37.92798233032226, 37.961860656738274, 37.96818542480468, 37.98163223266601, 37.99725723266601, 38.04663467407226, 38.09672164916993, 38.13847732543945, 38.17142868041992, 38.18490982055663, 38.21320343017578, 38.25335693359374, 38.300544738769524, 38.35181427001953, 38.40097427368163, 38.44352722167968, 38.479866027832024, 38.509143829345696, 38.5364646911621, 38.569778442382805, 38.59637451171875, 38.62303161621093, 38.651458740234375, 38.67779541015625, 38.703636169433594, 38.73881530761718, 38.76479339599609, 38.806358337402344, 38.841312408447266, 38.866844177246094, 38.88861465454101, 38.91858291625976, 38.94746017456054, 38.96345901489257, 38.96953964233398, 38.97442245483398, 38.98057174682617, 38.98513412475585, 38.99685287475585, 38.99617004394531, 39.007217407226555, 38.99958419799804, 38.92972183227538, 38.79952621459961, 38.75680923461913, 38.716506958007805, 38.672832489013665, 39.07613372802734, 39.02986907958984, 38.98177719116211, 38.931934356689446, 38.87915420532226, 38.83086395263671, 38.782051086425774, 38.732349395751946, 38.68263626098633, 38.638137817382805, 38.590492248535156, 38.54314804077148, 38.49855041503906, 38.46899414062499, 38.445682525634766, 38.4267692565918, 38.42623901367187, 38.40538024902344, 38.3873291015625, 38.36307525634765, 38.347652435302734, 38.32244873046874, 38.30714035034179, 38.2829704284668, 38.24967193603515, 38.21762084960937, 38.18779754638671, 38.14140319824219, 38.106998443603516, 38.07196426391601, 38.05764007568359, 38.02651596069335, 37.97639846801758, 37.955711364746094, 37.95921325683593, 37.94037246704101, 37.92177963256835, 37.91176986694335], [-1.8784590959548995, -1.8326153755187937, -1.796455144882208, -1.74692106246948, -1.6996459960937462, -1.6581017971038836, -1.6133856773376387, -1.572541117668144, -1.5331007242202759, -1.490194678306575, -1.4594011306762635, -1.4109461307525717, -1.3687387704849214, -1.3418294191360451, -1.297821521759032, -1.2518259286880569, -1.2124347686767618, -1.16850411891937, -1.133581280708318, -1.085393905639646, -1.0824140310287396, -1.083824515342717, -1.1146903038024853, -1.0811256170272758, -1.041454792022709, -0.991341650485995, -0.9412952065467783, -0.8998305201530538, -0.8522095680236814, -0.811349689960474, -0.7701505422592188, -0.7250244617462146, -0.6782619953155441, -0.6319128870963985, -0.588612377643593, -0.5388010144233654, -0.49259549379348117, -0.4496861994266502, -0.4126551747322049, -0.3628918230533644, -0.3147135078906956, -0.2668339908122998, -0.2761961519718117, -0.27721554040908264, -0.24934145808219105, -0.2108759880065863, -0.1614362299442273, -0.11899117380381455, -0.08866913616657998, -0.070780247449878, -0.06660638004540688, -0.07579100131988191, -0.11088775098324435, -0.17265093326568273, -0.22254331409931102, -0.2684124410152464, -0.3248912394046763, -0.37020805478096824, -0.41532137989997464, -0.4639228284359041, -0.5103521347045817, -0.5535866618156382, -0.6121804714202868, -0.6564742922782968, -0.7263296842575075, -0.7979969978332492, -0.8521307706832912, -0.898292243480684, -0.9611231088638282, -1.0218354463577244, -1.0774297714233332, -1.178555250167854, -1.2598019838333092, -1.3620960712432912, -1.4379979372024538, -1.6329009532928414, -1.683055520057681, -1.8866158723831115, -1.945804357528689, -2.0815985202789364, -2.3348600864410347, -2.3611683845519993, -2.390857934951781, -2.415229558944698, -3.0410630702972345, -3.021763563156125, -3.035766601562494, -3.0400006771087646, -3.0467462539672887, -3.060057640075687, -3.048268556594849, -3.04193925857544, -3.034927606582647, -3.011337518692022, -2.9952132701873846, -2.9791162014007524, -2.95629525184632, -2.915936708450322, -2.8716754913330087, -2.8253350257873455, -2.7751443386077943, -2.7292060852050786, -2.6823899745941224, -2.6386630535125675, -2.5909423828125018, -2.5476186275482227, -2.4999830722808865, -2.456017732620238, -2.4185667037963787, -2.379847288131722, -2.3394818305969327, -2.320554733276361, -2.2842612266540603, -2.2484886646270805, -2.2003276348114045, -2.160756111145012, -2.1625738143920823, -2.117011070251464, -2.066945552825924, -2.020615339279177, -1.9741541147232085, -1.9250411987304652]]]}