{"name": "LAIKIPIA", "bounding_box": [36.2256736755371, -0.2932813763618457, 37.39564895629882, 0.8714736700058002], "lat_idx": [133, 146], "lon_idx": [170, 183], "line": [[[36.51658630371093, 36.487380981445305, 36.4338035583496, 36.41862487792968, 36.3644676208496, 36.31121826171874, 36.26950073242187, 36.26129531860351, 36.270618438720696, 36.28140258789062, 36.25518035888671, 36.291240692138665, 36.28176879882812, 36.24744796752929, 36.26070022583007, 36.232948303222656, 36.24011230468749, 36.26127624511719, 36.283584594726555, 36.28776550292968, 36.2853775024414, 36.335456848144524, 36.37738037109375, 36.41147232055663, 36.438995361328125, 36.465579986572266, 36.51599121093749, 36.57007217407226, 36.62215805053711, 36.6735725402832, 36.72354125976562, 36.7596206665039, 36.8105583190918, 36.83285522460937, 36.85282135009765, 36.89389419555664, 36.92555999755859, 36.912139892578125, 36.882427215576165, 36.90760421752929, 36.96202850341797, 37.025630950927734, 37.08163833618163, 37.133220672607415, 37.19424057006835, 37.24752044677734, 37.299915313720696, 37.35131072998047, 37.350349426269524, 37.35654067993164, 37.37842941284179, 37.393699645996094, 37.37432861328124, 37.354679107666016, 37.334259033203125, 37.28826141357421, 37.26440048217773, 37.22882461547851, 37.183391571044915, 37.13626861572265, 37.08896255493163, 37.11848068237304, 37.07783889770507, 37.03573608398437, 36.99535369873046, 36.98432922363281, 37.01542282104492, 37.00941085815429, 36.998298645019524, 36.94860076904297, 36.89626312255859, 36.85017013549804, 36.859512329101555, 36.85171508789062, 36.81484603881835, 36.75970077514648, 36.71145248413086, 36.659797668457024, 36.63504409790038, 36.572540283203125, 36.55562210083007, 36.59008789062499, 36.65053939819335, 36.6033706665039, 36.57723236083984, 36.52349090576172], [0.07323637604713287, 0.11439821124076084, 0.08891145884990437, 0.04112002253532194, 0.021583462133999195, 0.019309271126990678, -0.010278601199392888, 0.03939156979321721, 0.08900366723536866, 0.13940624892711553, 0.18252855539321525, 0.21750049293041263, 0.26734995841980014, 0.303772509098055, 0.3524378240108498, 0.39512497186660334, 0.4451654255390189, 0.4914855062961519, 0.5407962203025901, 0.5909076929092488, 0.6422712802886956, 0.6588877439498881, 0.6917960643768329, 0.7292799949646029, 0.7741335630416932, 0.8170499205589252, 0.8151453733444225, 0.8150323629379298, 0.8149744272232017, 0.8149787783622768, 0.8242229819297783, 0.8614621162414514, 0.8610278367996193, 0.8158006072044304, 0.7689486742019689, 0.7403066754341123, 0.7015790343284671, 0.6531141400337251, 0.6127394437789839, 0.5665462017059375, 0.5603072643279949, 0.5523693561553896, 0.5455878973007272, 0.5394080281257713, 0.5321677923202455, 0.525714635849002, 0.5199897289276114, 0.5146073698997445, 0.46218505501746976, 0.41244459152221896, 0.3674729764461512, 0.31968930363654563, 0.27338504791260565, 0.22711250185966492, 0.18134124577045763, 0.15886762738228669, 0.11396418511868048, 0.07826787233351827, 0.05730712413788055, 0.040492746978992376, 0.023380499333144344, -0.01717906072735743, 0.012183499522512442, -0.0321475043892859, -0.06295337527990406, -0.12067737430334229, -0.1614831238985061, -0.21472975611686362, -0.2690394520759587, -0.2772343158721842, -0.26154419779777605, -0.23577593266964747, -0.18653169274330225, -0.1369342505931868, -0.10314556211232674, -0.11179287731647967, -0.13301450014113977, -0.14978419244288585, -0.10424691438674162, -0.10125666856765797, -0.05407872423529687, -0.017684852704402388, -0.013711101375515589, 0.005459962412720344, 0.07033000141381957, 0.050442900508634286]]]}