{"name": "LAMU", "bounding_box": [40.21240615844726, -2.466773509979245, 41.56244414830729, -1.658638715744018], "lat_idx": [111, 120], "lon_idx": [210, 225], "line": [[[40.884003000000114, 40.91512600000009, 40.864349000000054, 40.823184000000026, 40.82013899999998, 40.86587200000008], [-2.2498180000000056, -2.2897929999999724, -2.3001189999999365, -2.3314329999999552, -2.2809409999999914, -2.2590979999999306]], [[40.985064000000136, 40.96186400000004, 40.914787000000096, 40.9601510000001, 40.917560999999914, 40.96207800000001], [-2.2503280000000325, -2.295370999999929, -2.312717000000015, -2.291123999999968, -2.2637379999999836, -2.2402269999999556]], [[41.086786000000075, 41.134071, 41.10774800000007, 41.06021800000008, 41.0103390000001, 41.041072999999976, 41.08277100000003], [-2.0545409999998583, -2.072540999999886, -2.1162339999999, -2.134346999999932, -2.1248589999999554, -2.0853240000000213, -2.057545000000007]], [[41.193463, 41.143677000000075, 41.19022000000012], [-2.0077969999998775, -2.020508999999997, -2.000092999999995]], [[41.29977000000007, 41.26669700000013, 41.29530299999998], [-1.9749449999999915, -2.014297999999996, -1.9732599999998126]], [[41.437409, 41.4016600000001, 41.43485800000013], [-1.8349309999999286, -1.870203999999888, -1.8327799999999639]], [[40.34526824951172, 40.29178237915038, 40.2503013610841, 40.25032043457036, 40.25031661987315, 40.24278640747075, 40.232864379882926, 40.22295379638683, 40.21360397338872, 40.25997161865228, 40.311573028564396, 40.35876464843761, 40.433197021484375, 40.48786926269542, 40.6075210571289, 40.69424438476573, 40.746364593505916, 40.79666519165038, 40.85203552246094, 41.01774215698247, 41.07677841186535, 41.16341400146489, 41.24346923828125, 41.33801651000982, 41.399600982666065, 41.48709487915039, 41.5624389648438, 41.52572000000003, 41.49531100000001, 41.45954700000009, 41.42342700000006, 41.3925890000001, 41.36189400000001, 41.328951000000124, 41.29355400000003, 41.25111000000009, 41.222753000000004, 41.17941700000011, 41.14095900000006, 41.09128800000008, 41.05754100000007, 41.020992000000085, 40.98644300000001, 40.98458900000008, 41.012160999999985, 41.05200699999994, 41.00370399999996, 40.971727000000094, 40.96958499999993, 40.95294400000011, 40.91637600000012, 40.87480599999997, 40.824623999999964, 40.77760499999999, 40.81836599999996, 40.8626000000001, 40.90084999999999, 40.86919100000011, 40.91130800000001, 40.91340100000002, 40.916875000000005, 40.86844100000001, 40.8293210000001, 40.781672000000064, 40.73654499999997, 40.74493299999994, 40.69342400000011, 40.73826300000001, 40.769879999999944, 40.81991500000009, 40.80028400000008, 40.77040999999991, 40.72105407714849, 40.67090225219737, 40.62134933471679, 40.570518493652344, 40.52272033691411, 40.47056579589843, 40.348434448242294], [-2.3986387252806987, -2.3982596397399987, -2.3635785579680753, -2.310308933258003, -2.259729623794559, -2.208255767822263, -2.1524934768676705, -2.0965459346770636, -2.0440065860748375, -2.0143680572509126, -1.9897706508636461, -1.9679183959960946, -1.9351271390914313, -1.9116690158843974, -1.854666113853459, -1.8128551244735793, -1.7877253293990452, -1.763045310974119, -1.7363095283508287, -1.705179095268253, -1.6994818449019828, -1.6920723915100118, -1.6852257251739018, -1.6771396398543814, -1.6717402935028105, -1.6640694141387393, -1.658638715744018, -1.695317999999979, -1.7366850000000231, -1.7731979999999796, -1.8091749999999889, -1.8501489999999834, -1.891016999999982, -1.9289569999999665, -1.9666389999999325, -1.9387050000000343, -1.8969799999998773, -1.9226179999999382, -1.9566449999999862, -1.968124999999922, -2.005500999999977, -2.0400979999999467, -2.002597999999977, -1.9522160000000297, -1.909326999999914, -1.8787780000000065, -1.8921510000000135, -1.9315010000000228, -1.9823029999998376, -2.0294999999999908, -1.9941679999999433, -1.9633769999999158, -1.9572860000000076, -1.9388689999999618, -1.9691589999999923, -1.9925969999998723, -2.025465999999998, -2.0647749999999485, -2.0934710000000223, -2.143867999999991, -2.194169999999982, -2.212166999999858, -2.2457000000000007, -2.261190999999998, -2.238585999999994, -2.2881259999999766, -2.2889589999999758, -2.3114170000000094, -2.3503210000000063, -2.3608909999999788, -2.407433000000022, -2.4486929999999862, -2.458304405212342, -2.465902805328369, -2.4535291194915274, -2.4381814002990208, -2.423494577407834, -2.4077539443969718, -2.398655652999873]]]}