{"name": "MACHAKOS", "bounding_box": [36.87829589843749, -1.7778223752975422, 37.8681297302246, -0.774414062499996], "lat_idx": [118, 129], "lon_idx": [177, 188], "line": [[[37.319175720214844, 37.273807525634766, 37.22658920288087, 37.26094818115236, 37.31097412109376, 37.351013183593764, 37.401184082031264, 37.44934082031249, 37.49114990234376, 37.54022216796878, 37.58819580078126, 37.62823486328125, 37.675537109375, 37.70349121093749, 37.74987792968749, 37.7991943359375, 37.84764862060546, 37.82623291015625, 37.83818817138671, 37.85033798217773, 37.8497085571289, 37.83422088623046, 37.806198120117195, 37.75245285034181, 37.70254135131836, 37.643585205078125, 37.596435546875, 37.62168502807616, 37.64751815795898, 37.675556182861335, 37.70238876342773, 37.72522735595703, 37.758258819580085, 37.797271728515625, 37.81334686279296, 37.77996826171875, 37.73414611816408, 37.736030578613274, 37.72900390625001, 37.68389892578126, 37.64099121093751, 37.60070800781249, 37.55187988281251, 37.506103515625, 37.456176757812486, 37.406005859375, 37.3585205078125, 37.36425781250001, 37.384033203125, 37.40802001953125, 37.36181640625, 37.31078018245579, 37.26501464843749, 37.25244140625, 37.189758300781236, 37.19329833984374, 37.19683837890626, 37.165771484375, 37.120876312255845, 37.0854148864746, 37.05302047729493, 37.022502899169915, 36.9846305847168, 36.96341323852539, 36.96014404296875, 36.91001129150391, 36.888492584228516, 36.94049072265626, 36.92047119140627, 36.9523380302405, 36.97705078125001, 37.02850341796874, 37.077758789062514, 37.11230468750002, 37.15521240234374, 37.17413330078124, 37.17767333984374, 37.21475529404885, 37.26409912109376, 37.31249999999999, 37.36267089843749, 37.3939208984375, 37.38775634765624, 37.33825683593749, 37.31475830078124], [-0.9193436503410034, -0.8879027366637992, -0.8526555895805419, -0.8125846982002313, -0.8144531250000066, -0.8444824218749997, -0.8557128906250017, -0.8709106445312582, -0.898925781250006, -0.8880615234374927, -0.8731079101562248, -0.8429565429687454, -0.8248291015624681, -0.7826538085937358, -0.8022460937500014, -0.810852050781252, -0.8232009410858112, -0.8686460852622896, -0.9172232747077558, -0.965740740299226, -1.0159033536910813, -1.0635102987289182, -1.105082869529696, -1.0942760705947594, -1.0815476179122943, -1.084601998329157, -1.1027061939239506, -1.1460468769073526, -1.1888749599456818, -1.2312633991241497, -1.2735472917556772, -1.3187327384948355, -1.3564018011092827, -1.387899160385127, -1.4354153871536257, -1.4728193283081006, -1.4960111379623435, -1.546105504035909, -1.5960083007812562, -1.6192016601562471, -1.5913696289062549, -1.561462402343742, -1.5487060546874973, -1.527832031249976, -1.5209960937500038, -1.5236206054687573, -1.5410156249999936, -1.5913696289062564, -1.6375732421875067, -1.6820068359374671, -1.704895019531258, -1.7019128609828298, -1.6802978515625024, -1.6259155273437325, -1.6101074218750089, -1.6671752929687413, -1.7199707031249982, -1.76092529296873, -1.7377747297286947, -1.6982566118240408, -1.6549170017242318, -1.614185929298396, -1.5646290779113794, -1.5185670852661208, -1.4659378528594729, -1.4666669368743923, -1.4196370840072519, -1.4304809570312564, -1.383056640625, -1.3431018644436374, -1.294921874999983, -1.2901000976562427, -1.2813110351562493, -1.2451171874999984, -1.2178344726562509, -1.1713867187499665, -1.121154785156254, -1.086836743541022, -1.0764770507812522, -1.1035156249999731, -1.09344482421874, -1.0529174804687442, -1.0017700195312473, -0.9851684570312105, -0.940063476562507]]]}