{"name": "MERU", "bounding_box": [37.08764648437499, -0.21334068477153628, 38.42006301879883, 0.6711159944534408], "lat_idx": [134, 144], "lon_idx": [179, 193], "line": [[[38.00695938379013, 37.99530029296881, 37.94927978515625, 37.93070983886718, 37.89406585693358, 37.857124328613295, 37.81797790527342, 37.76995086669921, 37.735816955566406, 37.68675231933594, 37.63664245605469, 37.590328216552734, 37.49093246459961, 37.397998809814446, 37.30781173706056, 37.25046157836914, 37.19775009155272, 37.139957427978516, 37.10777282714844, 37.13626861572267, 37.18339157104492, 37.228824615478516, 37.264400482177734, 37.28826141357422, 37.33353042602538, 37.35474014282227, 37.37737274169922, 37.42587280273437, 37.47325897216797, 37.521770477294936, 37.54647445678711, 37.59222793579102, 37.59880065917968, 37.581573486328125, 37.61334991455078, 37.66813659667969, 37.71789169311523, 37.76920700073242, 37.82027435302736, 37.87705230712891, 37.9283561706543, 37.99114608764649, 38.042594909667976, 38.0765380859375, 38.09157562255861, 38.11041259765624, 38.12968826293945, 38.159229278564446, 38.17607116699218, 38.192222595214844, 38.229518890380874, 38.26597976684569, 38.30076217651368, 38.319766998291016, 38.34870147705078, 38.36662673950195, 38.40055465698242, 38.41645812988281, 38.3656997680664, 38.319110870361335, 38.282196044921875, 38.23355865478515, 38.190193176269524, 38.14632797241212, 38.09663391113281, 38.05110931396485, 38.01348114013673], [0.06369594612238656, 0.014099121093871732, -0.016906738281253077, -0.0643846094608329, -0.10433568805455289, -0.13979074358940902, -0.1721951067447612, -0.15692019462585177, -0.1937951892614186, -0.20396812260149408, -0.20672668516636405, -0.18671943247317607, -0.17196013033390167, -0.16160900890825028, -0.1495740711688895, -0.11201131343839786, -0.07747925072908525, -0.039438378065828734, -0.0010225013829745144, 0.040492746978992376, 0.05730712413791423, 0.07826787233353512, 0.11396418511868048, 0.1588676273823035, 0.18081524968149754, 0.22610849142075487, 0.27071309089662826, 0.29768180847169906, 0.28147581219673556, 0.26768118143083414, 0.3112814426422382, 0.3400468826294073, 0.40291026234628186, 0.4498786628246685, 0.49003642797469293, 0.5086872577667357, 0.5256797075271676, 0.5437148213386354, 0.5610968470573623, 0.5862779617309651, 0.6097786426544393, 0.6382989883422843, 0.6621376276016276, 0.6241656541824594, 0.573873102664933, 0.518416881561281, 0.46386200189593285, 0.37904360890391164, 0.3309679925441687, 0.2501806616783163, 0.2168333232402761, 0.18250289559363367, 0.14615413546562114, 0.0993316844105921, 0.05850108340383953, 0.01181737240405315, -0.025154484435911402, -0.07281818985939315, -0.07738830894229617, -0.05857539176940948, -0.024196056649067245, -0.010155280120661574, 0.01524149253963323, 0.040499310940496774, 0.048034776002177294, 0.027177475392859474, 0.06046891212464885]]]}