{"name": "MIGORI", "bounding_box": [33.925907135009766, -1.3869132995605535, 34.73084640502929, -0.6491476893424991], "lat_idx": [122, 131], "lon_idx": [147, 156], "line": [[[34.698657989501946, 34.71358108520507, 34.73084640502929, 34.67393112182617, 34.61675262451171, 34.55438232421874, 34.48711395263671, 34.42505264282226, 34.3752555847168, 34.31489181518554, 34.248760223388665, 34.191856384277344, 34.13488769531249, 34.09004974365234, 34.043201446533196, 34.017677307128906, 33.93875885009765, 33.93093872070312, 33.92865371704101, 33.925907135009766, 34.07959365844726, 34.121284484863274, 34.1692771911621, 34.21881484985351, 34.25016021728515, 34.29373550415038, 34.33489990234375, 34.38211059570312, 34.43169403076172, 34.474983215332024, 34.502742767333984, 34.53493118286132, 34.54933929443359, 34.586902618408196, 34.63587570190429, 34.63466644287109, 34.625041961669915, 34.62163543701171, 34.61693954467773, 34.62328720092773, 34.62222290039062, 34.59194564819335, 34.617988586425774, 34.6292839050293, 34.6484031677246, 34.678447723388665, 34.698657989501946], [-1.2613677978515647, -1.3173481225967376, -1.3869132995605535, -1.354632735252381, -1.3224836587905864, -1.2875247001647878, -1.2493205070495614, -1.2140947580337538, -1.1857451200485158, -1.1517570018768244, -1.114381909370426, -1.0821455717086845, -1.0498640537261927, -1.0249794721603425, -1.0439630746841422, -1.0007232427596982, -1.000212073326105, -0.9266582131385828, -0.8713419437408492, -0.8048278689384427, -0.8052479028701736, -0.7775040268897949, -0.7626832127571131, -0.7700632810592725, -0.809060394763939, -0.8338005542755118, -0.8627328276634141, -0.8461728692054674, -0.8379664421081561, -0.8118738532066428, -0.7700304388999898, -0.7316606044769284, -0.683379054069522, -0.650273680686959, -0.6608321070671013, -0.7175679802894609, -0.7673855423927395, -0.8217089176178003, -0.871508598327636, -0.9212309718132011, -0.9859791994094907, -1.0328102111816333, -1.075684785842893, -1.124664306640624, -1.171372890472405, -1.211575150489804, -1.2613677978515647]]]}