{"name": "MOMBASA", "bounding_box": [39.5666490000001, -4.152272989894912, 39.76290699999999, -3.9194321632384623], "lat_idx": [94, 98], "lon_idx": [204, 207], "line": [[[39.641568390500424, 39.666633, 39.642934000000025, 39.62195205688475, 39.63750900000004], [-4.060434910307724, -4.1045529999999415, -4.151024000000007, -4.102591514587408, -4.054405999999914]], [[39.62206649780274, 39.661472828342596, 39.614732095365945], [-3.9572060108184894, -3.9883689812152014, -3.9696851852755297]], [[39.6032066345215, 39.635288000000116, 39.66818400000006, 39.61724400000003, 39.5709320000001, 39.58203125000006], [-3.953720808029179, -3.9924139999999833, -4.030658000000018, -4.039724999999845, -4.018985999999957, -3.9701280593871493]], [[39.673301696777344, 39.71415710449218, 39.72795700000011, 39.707024999999994, 39.66363900000004, 39.6611880000001, 39.671485900878956], [-3.9210076332092303, -3.9503242969511736, -4.000889999999909, -4.046554000000018, -4.020297000000022, -3.970331999999935, -3.9194321632384623]]]}