{"name": "NAIROBI", "bounding_box": [36.66347503662109, -1.4421386718749947, 37.103759765625014, -1.1605821198486685], "lat_idx": [122, 125], "lon_idx": [175, 180], "line": [[[36.89018249511719, 36.84485244750977, 36.7951469421387, 36.74479293823242, 36.70308685302733, 36.66347503662109, 36.68792724609375, 36.72796630859375, 36.77838134765625, 36.83404541015626, 36.88177490234375, 36.920192581767466, 36.91632080078125, 36.9644775390625, 37.014892578124986, 37.06060791015625, 37.094970703125014, 37.07580566406249, 37.02301025390626, 36.97985839843751, 36.92535400390626, 36.93035888671874, 36.9603271484375, 36.90905761718751], [-1.410511970519986, -1.3892091512680047, -1.3831167221069014, -1.3790494203567436, -1.3503193855285713, -1.3172850608825606, -1.2730712890625082, -1.2392578125000058, -1.2243041992187491, -1.2123413085937518, -1.193847656249998, -1.1605821198486685, -1.210571289062508, -1.2266235351562584, -1.226501464843736, -1.20428466796875, -1.2423706054687131, -1.2891235351562478, -1.290527343749994, -1.320556640625004, -1.344116210937478, -1.3950195312499927, -1.4359741210937178, -1.4204711914062393]]]}