{"name": "NAKURU", "bounding_box": [35.41390228271484, -1.1528248786926298, 36.600105285644524, 0.23600371181965366], "lat_idx": [124, 139], "lon_idx": [162, 175], "line": [[[36.127998352050774, 36.135746002197266, 36.14548110961913, 36.188701629638665, 36.23889160156249, 36.26893997192382, 36.288276672363274, 36.26245880126953, 36.261749267578125, 36.249786376953125, 36.24843215942382, 36.200786590576165, 36.21114349365234, 36.23708724975585, 36.21345520019531, 36.222827911376946, 36.26759719848632, 36.31386947631835, 36.363838195800774, 36.386909484863274, 36.39529037475585, 36.4006004333496, 36.434795379638665, 36.46303176879882, 36.51207733154297, 36.53073501586913, 36.5267105102539, 36.542163848876946, 36.55569458007812, 36.55310058593749, 36.56055450439453, 36.58726501464843, 36.5914306640625, 36.5807762145996, 36.5480728149414, 36.49695205688476, 36.451892852783196, 36.397754669189446, 36.33559417724609, 36.31073379516601, 36.28588485717773, 36.250843048095696, 36.20133972167969, 36.1749038696289, 36.161365509033196, 36.190086364746094, 36.165504455566406, 36.13294601440429, 36.09902954101562, 36.0453872680664, 35.991714477539055, 35.95206832885742, 35.91153717041015, 35.96076583862304, 35.96982955932617, 35.94717407226562, 35.90041732788085, 35.85314559936523, 35.81488418579101, 35.77916717529296, 35.733989715576165, 35.710979461669915, 35.686103820800774, 35.66553878784179, 35.61055755615234, 35.59251403808593, 35.575691223144524, 35.54860687255859, 35.517921447753906, 35.48887634277343, 35.45942306518554, 35.431751251220696, 35.45449829101562, 35.50199127197265, 35.553936004638665, 35.60209655761718, 35.650161743164055, 35.65545654296875, 35.670234680175774, 35.62155151367187, 35.621524810791016, 35.65131759643554, 35.68872070312499, 35.71957397460937, 35.72322463989258, 35.77819442749023, 35.79046249389648, 35.8367805480957, 35.86534118652343, 35.91466903686523, 35.95258331298828, 35.97402191162109, 35.947395324707024, 35.997390747070305, 36.036567687988274, 36.081245422363274, 36.109817504882805], [0.06052538752555378, 0.11479008942841654, 0.1665390729904187, 0.19811758399009236, 0.2069958299398442, 0.16369247436523457, 0.11663725972175584, 0.0681798234582029, 0.0009169104741840441, -0.04778797551989223, -0.10054004192351934, -0.13415703177451957, -0.18446835875511608, -0.22752709686756634, -0.28137010335922646, -0.33414652943610845, -0.35885360836982, -0.3838379085063992, -0.3884921669960064, -0.43310710787772805, -0.4825618267059348, -0.5325176715850872, -0.5692053437233003, -0.6186310648918107, -0.6087573170661985, -0.6694739460945203, -0.7195991873741115, -0.7705010175705025, -0.8237644433975141, -0.8751543760299613, -0.9248281121253893, -0.9697309136390689, -1.022693395614629, -1.0809922218322745, -1.1204711198806716, -1.1215741634368952, -1.098645210266112, -1.0739111900329674, -1.0447884798049996, -0.9988105297088659, -0.9528556466102547, -0.9161856770515515, -0.9243999123573273, -0.8791310191154487, -0.8309616446495023, -0.7886791229248115, -0.7449813485145614, -0.704267442226413, -0.6654237508773804, -0.6656340360641564, -0.6759200096130306, -0.7065162062645018, -0.6706869006156924, -0.6526868343353355, -0.6028875112533578, -0.5580455660820064, -0.5380888581275918, -0.5043257474899372, -0.47147193551063094, -0.5098119974136335, -0.5312981009483353, -0.5758965015411421, -0.6194093227386529, -0.665199458599098, -0.6703964471817088, -0.6180103421211315, -0.5674147605896028, -0.5216994285583522, -0.47151347994804277, -0.4238079786300612, -0.3758312761783657, -0.3304692506790174, -0.28585436940193076, -0.26850810647010764, -0.26965025067329795, -0.28411737084388605, -0.2645106017589527, -0.211130157113078, -0.1628984957933385, -0.150406315922736, -0.0953217968344656, -0.05382629111409147, -0.09092660248278919, -0.13931503891945426, -0.19425053894520267, -0.18172073364258082, -0.1276882439851701, -0.09551709890365105, -0.052622213959698294, -0.07542422413825174, -0.04272158816456531, 0.002614335622643858, 0.05178118124604657, 0.06134783476591121, 0.022128688171499315, -0.005449600983410809, 0.035759098827834644]]]}