{"name": "NANDI", "bounding_box": [34.73946380615234, -0.10727622359990702, 35.43819427490234, 0.5632160305976861], "lat_idx": [135, 143], "lon_idx": [155, 163], "line": [[[35.2897605895996, 35.33641052246093, 35.33819198608398, 35.37131118774413, 35.37308502197265, 35.40054321289062, 35.40444946289062, 35.4223403930664, 35.38122558593749, 35.328662872314446, 35.275432586669915, 35.22660064697265, 35.22072601318359, 35.170948028564446, 35.122241973876946, 35.083362579345696, 35.032085418701165, 34.990791320800774, 34.9406509399414, 34.891162872314446, 34.84047698974609, 34.82937622070312, 34.78687286376953, 34.818984985351555, 34.85155868530273, 34.860218048095696, 34.89981460571288, 34.92482376098632, 34.95473098754882, 34.95839691162109, 34.9405288696289, 34.955825805664055, 34.945667266845696, 34.91832733154296, 34.88360977172851, 34.92523193359374, 34.98322677612305, 35.03322601318359, 35.08273696899413, 35.13280868530273, 35.15697479248047, 35.155628204345696, 35.183258056640625, 35.20957946777343, 35.23793792724609, 35.267219543457024], [0.23328578472137462, 0.21411746740340606, 0.16394053399562558, 0.1260174959898057, 0.07496973127126186, 0.03096814081072715, -0.021163478493684527, -0.07129872590303818, -0.10101822763681899, -0.0999950394034409, -0.0972111672162933, -0.08551787585020448, -0.035748273134231984, -0.027824668213718432, -0.015380100347104244, -0.04719347879290664, -0.05176204070449513, -0.018345884978775588, -0.03165172040462829, -0.02284282445906771, -0.025478851050134706, 0.02338133566080853, -0.0044480375945498635, 0.034719772636882244, 0.07281487435102772, 0.1221261993050563, 0.15278865396976324, 0.1964041292667435, 0.23761640489100883, 0.28832271695137485, 0.3357929587364264, 0.38849800825118574, 0.4387760162353486, 0.48255810141563754, 0.5244604349136273, 0.5532934665679975, 0.5580443739890973, 0.5625718832015941, 0.5473999381065332, 0.5438883304595977, 0.4987202882766691, 0.4486927390098631, 0.40617492794990195, 0.355253219604499, 0.30893155932425953, 0.26670411229133356]]]}