{"name": "NYAMIRA", "bounding_box": [34.77786636352538, -0.887904107570654, 35.091304779052734, -0.41052299737931075], "lat_idx": [127, 133], "lon_idx": [156, 160], "line": [[[34.82911300659179, 34.878520965576165, 34.87856674194335, 34.86874389648437, 34.91174316406249, 34.955066680908196, 34.99960708618163, 35.044376373291016, 35.05229568481445, 35.050273895263665, 35.05889129638671, 35.05675506591796, 35.052593231201165, 35.06784439086913, 35.089405059814446, 35.04504013061523, 34.988471984863274, 34.957927703857415, 34.92291259765624, 34.87837982177734, 34.83707427978515, 34.792366027832024, 34.81202316284179], [-0.616136431694029, -0.6084498167037964, -0.5583668351173449, -0.5092586874961906, -0.47723653912543773, -0.45083352923392594, -0.4272383451461854, -0.44954416155815585, -0.4990185499191224, -0.5490086078643867, -0.5984739661216721, -0.6487159729003948, -0.6991062760353014, -0.7495710253715536, -0.7967405319213858, -0.8517645597457932, -0.846347272396095, -0.7954934835433903, -0.7597816586494429, -0.7367509603500331, -0.7083954215049776, -0.6858037114143342, -0.6397768259048411]]]}