{"name": "SAMBURU", "bounding_box": [36.28857421874999, 0.5666673779487564, 38.07994079589843, 2.5158431529998815], "lat_idx": [142, 162], "lon_idx": [171, 190], "line": [[[37.87861251831054, 37.84449005126953, 37.8042984008789, 37.7539939880371, 37.704254150390625, 37.66682052612304, 37.63246154785156, 37.582752227783196, 37.53596878051758, 37.48957443237304, 37.43999862670898, 37.38981628417969, 37.35297012329101, 37.32768630981445, 37.305915832519524, 37.275588989257805, 37.225173950195305, 37.175037384033196, 37.12882995605468, 37.08144378662109, 37.03404235839843, 36.985855102539055, 36.935867309570305, 36.88824462890624, 36.85134124755859, 36.831306457519524, 36.807502746582024, 36.75686645507812, 36.71895599365234, 36.667652130126946, 36.61423873901367, 36.56057739257812, 36.506389617919915, 36.47890090942382, 36.43469619750976, 36.393917083740234, 36.42893981933593, 36.44908905029296, 36.4426040649414, 36.43927001953124, 36.43603134155273, 36.3936424255371, 36.397735595703125, 36.39626693725585, 36.44359588623046, 36.41670227050781, 36.42416381835937, 36.46467971801757, 36.42743301391601, 36.387744903564446, 36.3372459411621, 36.28878784179687, 36.30107116699219, 36.32490158081055, 36.36501312255859, 36.37618637084961, 36.41951370239257, 36.44106292724609, 36.47008514404296, 36.48712158203124, 36.5207176208496, 36.52243041992187, 36.52435684204101, 36.529354095458984, 36.54070281982421, 36.54560470581054, 36.55598831176757, 36.56757736206054, 36.585010528564446, 36.63652801513671, 36.68142700195312, 36.71239471435546, 36.7226219177246, 36.681133270263665, 36.60127639770507, 36.62188339233398, 36.66467285156249, 36.70080566406249, 36.731189727783196, 36.77521133422851, 36.796150207519524, 36.815528869628906, 36.83500671386718, 36.864612579345696, 36.89227294921874, 36.9137954711914, 36.92022323608398, 36.917015075683594, 36.97076797485351, 37.01240158081054, 37.06310653686523, 37.11363220214843, 37.16216278076171, 37.18679046630859, 37.22623062133788, 37.27460098266601, 37.287422180175774, 37.30040740966796, 37.34102249145507, 37.376346588134766, 37.40340042114257, 37.43033218383789, 37.46009063720703, 37.48640823364257, 37.51696777343749, 37.54271697998046, 37.57254409790038, 37.622444152832024, 37.668262481689446, 37.719978332519524, 37.77013397216796, 37.8198013305664, 37.86966323852539, 37.93111419677734, 37.95020294189453, 37.94738006591796, 37.94726943969726, 37.95771026611328, 38.0003318786621, 38.03087615966796, 38.03506088256835, 38.037063598632805, 38.03968429565429, 38.04254150390625, 38.0453872680664, 38.07229614257812, 38.023197174072266, 37.98154067993164, 37.941810607910156, 37.89183807373047], [0.744670569896691, 0.7079079747200029, 0.6767191290855396, 0.675303339958186, 0.6682347059249947, 0.6348806023597645, 0.597677707672114, 0.5889450907707151, 0.5702127814292925, 0.5908853411674445, 0.5833424329757715, 0.578083813190457, 0.6129785776138256, 0.6580932140350347, 0.70370745658875, 0.7444081306457441, 0.7448021769523606, 0.745934665203101, 0.7653542160987808, 0.7815709114074693, 0.7626768350601246, 0.7472082972526584, 0.754005014896386, 0.7383225560188226, 0.7722727060317914, 0.8189113736152666, 0.8629091978073038, 0.8605518937110844, 0.8222420811653166, 0.8149014711379973, 0.8150382637977521, 0.815056145191192, 0.8151810765266418, 0.8570985794067317, 0.8809033632278456, 0.909981608390808, 0.9482021927833513, 0.9949526786804206, 1.0450918674469005, 1.0958042144775402, 1.145760893821713, 1.1735649108886663, 1.2238310575485283, 1.2744861841201864, 1.2555997371673595, 1.2980731725692778, 1.348838925361639, 1.3806998729705822, 1.415154457092285, 1.445825815200807, 1.4530831575393635, 1.466538906097409, 1.5157517194747943, 1.5612113475799616, 1.592001557350157, 1.5421667098999012, 1.5696048736572294, 1.6150079965591504, 1.6563659906387285, 1.7044668197631903, 1.7427517175674454, 1.7931834459304743, 1.843556642532349, 1.8938940763473464, 1.9428039789199822, 1.99273693561554, 2.0429241657257133, 2.092494964599611, 2.14089703559875, 2.1641728878021165, 2.1932921409607005, 2.232734441757195, 2.283571243286126, 2.322721481323237, 2.3608005046844465, 2.407317638397224, 2.433939218521114, 2.470654726028437, 2.512142419815059, 2.4694144725799574, 2.4113452434539733, 2.357197046279905, 2.3031463623046884, 2.254452228546137, 2.195629358291624, 2.1263861656189, 2.0756466388702424, 2.024672508239741, 2.012246847152703, 1.9843301773071305, 1.9828311204910334, 1.970029592514034, 1.957834959030155, 1.9139100313186603, 1.8818825483322204, 1.8685162067413321, 1.818706154823307, 1.7686734199524001, 1.7379387617111222, 1.702223062515259, 1.6596902608871424, 1.6174798011779852, 1.5723520517349314, 1.527308940887445, 1.4701582193374656, 1.4243192672729468, 1.38308930397034, 1.3772212266921977, 1.3988934755325333, 1.407755851745608, 1.4142808914184632, 1.4227536916732786, 1.4473930597305227, 1.402399539947515, 1.3518548011779716, 1.2899156808853172, 1.2350308895111108, 1.182948827743524, 1.1295843124389704, 1.0881996154785099, 1.0380331277847332, 0.9851428270339949, 0.9349574446678087, 0.883975982666021, 0.8329640030860962, 0.7885128855705206, 0.7988278269767743, 0.7710623741149838, 0.7390431761741619, 0.7367767095565866]]]}