{"name": "TURKANA", "bounding_box": [33.99208831787109, 0.9122861623765138, 36.72466659545898, 5.414106845855666], "lat_idx": [145, 191], "lon_idx": [148, 176], "line": [[[35.00871385009611, 34.960544421906484, 34.93762207031255, 34.90441894531255, 34.85260009765636, 34.798652648925895, 34.781490325927784, 34.77445983886718, 34.74209594726568, 34.70220947265624, 34.64025497436517, 34.58892440795909, 34.57395935058604, 34.55947494506841, 34.51503372192387, 34.46048355102544, 34.4517593383789, 34.44806671142589, 34.42702484130865, 34.401569366455135, 34.40587997436523, 34.443191528320305, 34.454597473144524, 34.453701019287216, 34.4638061523438, 34.40752029418956, 34.37069702148437, 34.31765747070312, 34.26696777343755, 34.226711273193466, 34.172412872314446, 34.1698150634765, 34.22550964355463, 34.21574020385742, 34.16359710693364, 34.10851287841802, 34.12898635864263, 34.10427093505865, 34.060638427734425, 34.091976165771534, 34.04981613159185, 34.047916412353565, 33.99208831787109, 34.085151672363274, 34.140899658203175, 34.19377136230474, 34.23005676269542, 34.26874923706054, 34.30505371093749, 34.3604965209962, 34.472808837890675, 34.594879150390675, 34.70174026489257, 34.821498870849595, 34.88340759277343, 34.93868255615233, 35.06832504272461, 35.125164031982415, 35.26581954956065, 35.42472457885753, 35.60425567626958, 35.63444137573247, 35.68272781372075, 35.73024749755859, 35.77903366088872, 35.828693389892685, 35.85118484497082, 35.83661270141601, 35.85165786743163, 35.85482788085937, 35.84702682495128, 35.84153747558599, 35.83856201171874, 35.83513259887701, 35.87647628784179, 35.89957427978526, 35.90825271606456, 35.91281509399425, 35.91810989379888, 35.92086791992193, 35.94736480712896, 35.96304321289073, 35.97215652465814, 36.05033493042003, 36.049579620361435, 36.04956436157237, 36.04959487915033, 36.04977416992193, 36.05027389526372, 36.05052185058593, 36.05099487304698, 36.051124572753956, 36.05125808715832, 36.05143737792968, 36.05158996582042, 36.09864425659179, 36.14884185791026, 36.14426040649413, 36.1510124206544, 36.14070892333984, 36.13684082031261, 36.134674072265675, 36.184970855713, 36.23433303833013, 36.26748275756836, 36.304241180419915, 36.349128723144645, 36.3861312866212, 36.40579986572259, 36.4216651916505, 36.43623352050786, 36.43811416625987, 36.47400665283208, 36.50809478759765, 36.53044891357427, 36.52885437011718, 36.53505325317382, 36.58349990844726, 36.64587783813476, 36.72466659545898, 36.714344024658196, 36.702850341796925, 36.65873336791997, 36.61169433593755, 36.57702636718761, 36.56777191162109, 36.54459381103526, 36.537502288818295, 36.54169082641595, 36.51541137695324, 36.51442337036127, 36.51773071289073, 36.50802230834966, 36.48560333251958, 36.46836090087884, 36.43415451049805, 36.40933609008788, 36.37471389770513, 36.33095169067382, 36.30100631713867, 36.29125213623052, 36.3372459411621, 36.38680267333989, 36.42743301391612, 36.46503448486333, 36.425838470459034, 36.39511489868169, 36.440223693847706, 36.393009185791065, 36.39476013183593, 36.43020248413091, 36.44001770019536, 36.44137954711913, 36.448207855224716, 36.4436912536621, 36.41625595092773, 36.37207031249999, 36.33508682250987, 36.28976440429693, 36.24962997436534, 36.2039947509765, 36.167484283447266, 36.09728240966802, 36.06689834594737, 36.03920745849603, 36.00901031494152, 35.976692199707024, 35.946186065673935, 35.915302276611435, 35.885669708252, 35.857414245605575, 35.82059478759776, 35.78546142578131, 35.74120330810552, 35.69980239868164, 35.6572036743164, 35.6097526550294, 35.56119918823247, 35.5114517211914, 35.47484588623046, 35.45328140258794, 35.37177276611339, 35.3733662492396, 35.35862025427104, 35.33707946890069, 35.315664319848224, 35.30019782331032, 35.2710494259889, 35.23143140024177, 35.22108074486646, 35.21893922996116, 35.22143766401722, 35.19930867666306, 35.18181963827026, 35.150053833842314, 35.12185722092334, 35.10401126337961, 35.105795859133984, 35.05083030989936, 35.01085536500124, 35.008000011794415, 35.00871385009611], [2.4316885266006225, 2.448504199828907, 2.4972357749938965, 2.5471608638762837, 2.581489324569766, 2.6532521247864844, 2.730736255645748, 2.797268152237057, 2.841895103454653, 2.8750791549682653, 2.9046669006347683, 2.9788818359376106, 3.053384304046692, 3.112723350524963, 3.1499722003936834, 3.1759324073792117, 3.228792190551867, 3.2828836441040674, 3.3451862335204443, 3.4155976772308994, 3.4695863723755966, 3.50863432884222, 3.5592830181122412, 3.612246274948122, 3.669844627380433, 3.6930201053619456, 3.735500812530576, 3.721397876739497, 3.748969316482487, 3.7795171737671494, 3.7677760124206503, 3.8217027187347923, 3.8309502601623473, 3.8814482688903813, 3.8707299232484123, 3.8688757419586217, 3.9349722862243577, 3.97865009307872, 4.009996891021845, 4.069443702697756, 4.121582508087167, 4.17865180969249, 4.223567008972175, 4.313866138458245, 4.367619037628239, 4.420027256011957, 4.4555788040161195, 4.493176460266118, 4.52848005294806, 4.582739830017141, 4.692042827606265, 4.794056415557926, 4.887514591217091, 4.989320278167785, 5.042523384094294, 5.088356971740728, 5.1958785057068395, 5.243019580841178, 5.413528442382807, 5.41379976272589, 5.41410684585566, 5.37413787841808, 5.388281345367484, 5.370857238769585, 5.355175971984984, 5.34606790542602, 5.3004488945007955, 5.2511072158814, 5.202399253845276, 5.1514735221863965, 5.101432323455876, 5.050604820251527, 4.999820232391356, 4.945681571960397, 4.917286396026665, 4.8707942962645925, 4.820035457611147, 4.770012378692746, 4.717221260070739, 4.666720390319885, 4.624246597290159, 4.576487064361516, 4.52119112014782, 4.454933166503957, 4.298500061035153, 4.131849288940543, 4.065814018249451, 3.9851660728454568, 3.779738426208547, 3.677125692367617, 3.4825308322907587, 3.430029630661074, 3.3741784095764715, 3.300206422805844, 3.238960742950558, 3.221292972564814, 3.221348762512215, 3.17107558250433, 3.1213989257813615, 3.072338819503782, 3.0220196247101447, 2.9718492031098562, 2.9679150581359925, 2.958221673965459, 2.920371055603033, 2.8856594562531153, 2.863169193267825, 2.82947134971619, 2.7830824851990346, 2.7354917526245113, 2.687469005584776, 2.6373598575593253, 2.602388858795108, 2.565625190734919, 2.5206918716430615, 2.470522403717102, 2.4208834171296276, 2.406604528427121, 2.3395698070525572, 2.3019778728485116, 2.2515304088591974, 2.2020571231842534, 2.1748857498170135, 2.156576633453365, 2.117231607437138, 2.0661027431488064, 2.021595954895019, 1.9719403982163113, 1.9215315580369203, 1.8785228729249224, 1.828173398971607, 1.7776455879212643, 1.7277492284775857, 1.6825697422027515, 1.63550114631665, 1.5987086296081503, 1.554272174835255, 1.5915256738663317, 1.5659345388413592, 1.5246746540069598, 1.4741055965424212, 1.4530831575393128, 1.4459090232850222, 1.4151544570922852, 1.3816040754318843, 1.3495171070098266, 1.3100180625916686, 1.2879128456115794, 1.2699651718139606, 1.2197265625000602, 1.1808580160141495, 1.1318054199219865, 1.0802841186524068, 1.0289115905762865, 0.9779097437859715, 0.9324858188629753, 0.9561890959740296, 0.9935754537582399, 1.0259578227997426, 1.075906872749439, 1.132919907569887, 1.1711162328720635, 1.1691782474518977, 1.216376543044994, 1.2597615718841506, 1.306647300720269, 1.3577840328216475, 1.4055449962616473, 1.4539310932160028, 1.5007543563842694, 1.54420173168194, 1.6014024019241364, 1.655861973762567, 1.6793247461320144, 1.707829236984308, 1.7342495918274008, 1.751065015792848, 1.7630083560944745, 1.769114851951714, 1.803267955780086, 1.8483816385269747, 1.9279459714890037, 1.979067652687488, 2.0527606995386307, 2.128973696054806, 2.1967883347209707, 2.2604389166269185, 2.3162075339511157, 2.350828691586053, 2.4122187855364325, 2.4621874666588597, 2.521792964854918, 2.5792569481457734, 2.6267271952119646, 2.668843655015159, 2.62315800370322, 2.568192454468607, 2.5132269052339793, 2.510728471177738, 2.5435650330583113, 2.485744130616524, 2.4316885266006225]]]}