{"name": "UASIN GISHU", "bounding_box": [34.852081298828125, 0.00871372874826032, 35.590740203857415, 0.946233391761777], "lat_idx": [136, 146], "lon_idx": [157, 165], "line": [[[35.53409576416015, 35.582317352294915, 35.57683944702148, 35.57352447509765, 35.52594375610351, 35.4808006286621, 35.426895141601555, 35.37623977661132, 35.37948608398437, 35.34244155883788, 35.34097290039062, 35.30416870117187, 35.269844055175774, 35.24102020263672, 35.21326828002929, 35.18920898437499, 35.1635398864746, 35.15125656127929, 35.164417266845696, 35.115459442138665, 35.06573104858398, 35.0130386352539, 34.96313095092773, 34.912971496582024, 34.86201095581055, 34.89650726318359, 34.945720672607415, 34.99069595336913, 35.040691375732415, 35.09090042114257, 35.13539505004882, 35.15554809570312, 35.14484786987304, 35.11385345458984, 35.14854431152343, 35.19839096069335, 35.24636840820312, 35.291545867919915, 35.34891510009765, 35.39509201049805, 35.43794250488281, 35.48071289062499, 35.48367691040039, 35.50156784057617, 35.493518829345696, 35.44470596313476, 35.44103240966796, 35.47155761718749, 35.47536087036133, 35.46349716186523, 35.46133041381835, 35.48093032836913, 35.48132705688476, 35.512554168701165, 35.49096679687499, 35.52838897705078], [0.1900324225425764, 0.17572508752346416, 0.11891140788793253, 0.06665994971991344, 0.0390373356640329, 0.015933813527228422, 0.02730679512023794, 0.041171379387372496, 0.09385038912295483, 0.1389473378658371, 0.19071695208549458, 0.2247835695743618, 0.2628862857818521, 0.30439484119414695, 0.3489836454391414, 0.3931828141212548, 0.4367096424102842, 0.48529416322707797, 0.5367225408554048, 0.5473052263259905, 0.5544525384902964, 0.5608466267585734, 0.5563927888870169, 0.5523398518562379, 0.5484687089920004, 0.6001592278480583, 0.6092684268951436, 0.6313119530677805, 0.6329039335250908, 0.6348476409912152, 0.6577269434928832, 0.741298377513883, 0.8283080458641119, 0.883684039115911, 0.9197240471839885, 0.9240189790725664, 0.9382829666137732, 0.9167836904525755, 0.9222723245620728, 0.9443364739418046, 0.9063912630081162, 0.8779687881469781, 0.8280035257339547, 0.7808641195297178, 0.7296937704086272, 0.7049927115440408, 0.6526221036911003, 0.6064953804016168, 0.5558103919029269, 0.5071921944618277, 0.45649307966231617, 0.4098690748214703, 0.35949692130088917, 0.32036867737770747, 0.26413923501967995, 0.2301365286111882]]]}