{"name": "VIHIGA", "bounding_box": [34.53302001953124, -0.04024292528629717, 34.92604446411133, 0.2086005061864814], "lat_idx": [136, 139], "lon_idx": [153, 158], "line": [[[34.53633499145507, 34.55284881591796, 34.55387115478515, 34.59525299072265, 34.64416503906249, 34.69392013549805, 34.74348831176757, 34.79048538208007, 34.83213424682617, 34.88055038452148, 34.91963577270507, 34.879043579101555, 34.8577537536621, 34.8392105102539, 34.7941665649414, 34.746650695800774, 34.702529907226555, 34.65392684936523, 34.6060447692871, 34.576900482177734], [-0.008652579039342304, 0.038811668753617766, 0.08900139480829009, 0.11716206371783515, 0.1283703893423018, 0.13361391425133176, 0.14032869040966336, 0.15756948292254783, 0.18533493578433485, 0.1993219405412693, 0.16787435114383542, 0.13708414137362998, 0.09175175428390295, 0.04445175826550186, 0.02258452400564757, 0.004905147477989437, -0.018898317590347526, -0.005759636405849756, 0.009097998961805336, -0.035515125840895216]]]}