{"name": "WAJIR", "bounding_box": [38.88759994506835, 0.18352864682674128, 40.9931411743164, 3.6953125000000013], "lat_idx": [138, 174], "lon_idx": [197, 219], "line": [[[39.37880706787109, 39.36025619506835, 39.341796875, 39.32231903076171, 39.30276107788085, 39.28424453735351, 39.31988906860351, 39.36749267578124, 39.42288589477538, 39.39516448974609, 39.36348724365234, 39.33191299438476, 39.28952407836913, 39.245952606201165, 39.200447082519524, 39.17766952514648, 39.15933990478515, 39.13725662231445, 39.10143661499023, 39.0610237121582, 39.03450393676758, 38.998489379882805, 38.98407363891601, 38.96176147460937, 38.940547943115234, 38.93648529052734, 38.93254852294921, 38.93010330200195, 38.93154525756836, 38.929023742675774, 38.91359329223632, 38.898494720458984, 38.908374786376946, 38.96292877197265, 38.99898147583007, 39.0194206237793, 39.04034423828125, 39.062576293945305, 39.06893157958984, 39.068103790283196, 39.10621261596679, 39.12459564208984, 39.17443466186523, 39.21883392333984, 39.263389587402344, 39.303394317626946, 39.34588623046874, 39.34495544433593, 39.34295272827148, 39.341228485107415, 39.32648086547851, 39.3199462890625, 39.313018798828125, 39.30269241333007, 39.32342529296874, 39.36642456054687, 39.417068481445305, 39.468032836914055, 39.51268005371093, 39.56256484985351, 39.585315704345696, 39.63478851318359, 39.67020416259765, 39.7237548828125, 39.76361083984374, 39.785282135009766, 39.7854881286621, 39.78554153442382, 39.78541946411133, 39.78569030761719, 39.84500885009765, 39.91472244262694, 39.978679656982415, 40.033531188964844, 40.077083587646484, 40.11325073242187, 40.15134811401367, 40.18549728393554, 40.23536300659179, 40.266849517822266, 40.33213806152343, 40.38089752197265, 40.43874740600585, 40.492263793945305, 40.498252868652344, 40.517993927001946, 40.50253295898437, 40.52462005615234, 40.54351806640624, 40.55841064453124, 40.57873153686523, 40.604148864746094, 40.63125610351562, 40.665611267089844, 40.69490432739257, 40.7292594909668, 40.77862548828124, 40.82840347290038, 40.862678527832024, 40.89608764648437, 40.94365310668945, 40.991016387939446, 40.99095916748047, 40.99259948730468, 40.99165725708008, 40.99165725708008, 40.99189376831055, 40.991462707519524, 40.9931411743164, 40.94904708862304, 40.90665054321288, 40.8592185974121, 40.807193756103516, 40.75713729858398, 40.71435546874999, 40.68968200683593, 40.65395736694335, 40.604175567626946, 40.55340957641601, 40.50909423828124, 40.45925903320312, 40.409038543701165, 40.35990905761718, 40.309852600097656, 40.26406478881836, 40.2183837890625, 40.184356689453125, 40.1430549621582, 40.100547790527344, 40.05902481079101, 40.00875091552734, 39.96159362792968, 39.92034149169922, 39.870998382568345, 39.82515335083008, 39.7770652770996, 39.73532485961913, 39.70390319824219, 39.674072265625, 39.64921569824218, 39.61402511596679, 39.58385467529296, 39.560562133789055, 39.54359817504882, 39.52642440795898, 39.503833770751946, 39.4832534790039, 39.451301574707024, 39.4308967590332, 39.40556335449218, 39.38581848144531], [1.210724592208869, 1.2577598094940219, 1.3053125143051145, 1.3556941747665419, 1.4064134359359806, 1.4539347887039267, 1.4899922609329264, 1.5081416368484504, 1.5262969732284526, 1.5684045553207333, 1.6078772544860882, 1.6473581790924081, 1.6742460727691642, 1.6998610496520916, 1.7221208810806345, 1.7672834396362231, 1.8141888380050717, 1.8595066070556592, 1.894548535346978, 1.9260644912719656, 1.9686567783355786, 2.0052740573883097, 2.0537085533142037, 2.0991570949554514, 2.147864341735839, 2.1980836391449046, 2.248435020446785, 2.299895524978637, 2.3498806953430136, 2.400647401809702, 2.44862055778503, 2.4985184669494633, 2.549958944320685, 2.563990116119383, 2.602996826171869, 2.648637056350704, 2.6952664852142396, 2.7416336536407484, 2.7961995601654026, 2.851471662521367, 2.8841032981872563, 2.9314441680908234, 2.955656766891474, 2.9787499904632604, 3.010363340377808, 3.0438578128814746, 3.0709276199340785, 3.137243509292606, 3.205664157867437, 3.2558324337005655, 3.3039579391479426, 3.3544816970825218, 3.404852628707878, 3.4542558193206854, 3.5016841888427797, 3.4674003124237, 3.460878610610963, 3.458946228027348, 3.4148237705230677, 3.422529458999642, 3.480092287063605, 3.529033184051506, 3.5653343200683647, 3.620603561401363, 3.661050558090206, 3.6152427196502783, 3.5385658740997243, 3.4778196811676074, 3.4199721813201904, 3.345135450363161, 3.3129565715789746, 3.284822463989257, 3.2593085765838565, 3.2372739315033012, 3.19135737419128, 3.1523561477661204, 3.1109068393707298, 3.072592973709114, 3.0149073600768976, 2.9759063720703116, 2.9433481693267813, 2.9212296009063743, 2.8942530155181827, 2.869555234909063, 2.819690704345701, 2.773217439651485, 2.724076509475712, 2.677804946899406, 2.6313002109527552, 2.5822777748107892, 2.5341100692749094, 2.4894287586212167, 2.445938825607303, 2.407413482666018, 2.364419937133794, 2.319936990737907, 2.311426401138308, 2.2905330657958953, 2.253078937530523, 2.206402301788325, 2.1773045063018883, 2.000533580780033, 1.9464859962463306, 1.6967784166336102, 1.4907011985778853, 1.3136650323867747, 1.022000789642326, 0.710644006729123, 0.46390002965927213, 0.43796908855437466, 0.41077983379363975, 0.3764788806438499, 0.36263808608054676, 0.34655433893203913, 0.3184350728988727, 0.2748340368270922, 0.2365940809249952, 0.22516039013861977, 0.22045564651489036, 0.1964941471815173, 0.18555289506912512, 0.18440395593643572, 0.1984088420867935, 0.2137814015150081, 0.23528115451336554, 0.26553389430045954, 0.3036096394062014, 0.3347924649715427, 0.36433401703834156, 0.39310964941978466, 0.4002761840820324, 0.41909527778625844, 0.449895143508919, 0.46078172326088035, 0.48074963688849776, 0.49568459391593434, 0.5235849022865339, 0.5632852911949084, 0.6034148335456782, 0.647300183773049, 0.684054076671607, 0.7246901988983228, 0.7693350315094057, 0.8214066028594981, 0.8710306286811844, 0.9205908775329555, 0.9759755134582475, 1.0243211984634468, 1.0753064155578562, 1.1426115036010693, 1.1929197311401443]]]}