{"name": "WEST POKOT", "bounding_box": [34.77567291259771, 1.1199536323547983, 35.790542602539055, 2.6713420890712833], "lat_idx": [147, 164], "lon_idx": [156, 167], "line": [[[35.00871385009611, 35.008000011794415, 35.0065723351908, 35.05083030989936, 35.10329742507786, 35.102030828040476, 35.11971570601798, 35.131850957147826, 35.17610893185622, 35.198431622365774, 35.2192961491121, 35.217154634206786, 35.22108074486646, 35.23143140024177, 35.2710494259889, 35.30019782331032, 35.31257049816741, 35.325777029123, 35.345407582421096, 35.36682273147357, 35.372771383988145, 35.44525268087949, 35.47311019897466, 35.4949836730957, 35.545021057128906, 35.5951156616212, 35.640926361084034, 35.68406295776373, 35.72541046142589, 35.770988464355575, 35.78064727783208, 35.77545166015624, 35.76128768920904, 35.727981567382805, 35.708694458007805, 35.70215606689464, 35.69495773315435, 35.65169525146484, 35.60955429077159, 35.5598373413087, 35.51070785522466, 35.4674682617188, 35.427665710449325, 35.386295318603565, 35.342658996582024, 35.29073333740246, 35.23975372314458, 35.18706893920909, 35.13059997558593, 35.08231735229497, 35.04090499877935, 35.01732635498052, 34.959030151367294, 34.90801620483409, 34.832832336425774, 34.82498550415044, 34.79333496093749, 34.78927612304698, 34.82561111450206, 34.85469818115245, 34.88922500610351, 34.93951416015631, 34.966773986816456, 34.99049377441417, 34.995288848877, 35.0002937316895, 35.0275611877442, 34.993404388427784, 34.98244476318364, 34.97723388671875, 34.96635055541997, 34.955085754394524, 34.94426345825206, 34.935604095459034, 34.92730331420909, 34.91877365112304, 34.915264129638786, 34.95757782143027, 35.000147790475005], [2.4316885266006225, 2.485744130616524, 2.53678356919158, 2.510728471177738, 2.506445441367252, 2.5587853866075507, 2.6113796717244813, 2.666702140110037, 2.638862446341764, 2.5812851362084084, 2.533571296833775, 2.474679636939473, 2.4122187855364325, 2.361179346961362, 2.3162075339511157, 2.2604389166269185, 2.2105915391430866, 2.160501554382058, 2.097445837727545, 2.024872277049724, 1.9677652129098053, 1.857673341393487, 1.8159890174865172, 1.770868301391544, 1.7643772363663255, 1.763192772865345, 1.7425700426101607, 1.7170251607894922, 1.6889019012452253, 1.6664935350419303, 1.6168434619904202, 1.5669556856156013, 1.518764615058894, 1.4811335802078833, 1.4347729682922292, 1.3847429752350484, 1.3352303504944405, 1.3082618713378977, 1.280703067779603, 1.289640307426448, 1.2612214088441054, 1.2254093885421757, 1.192360520362797, 1.1586985588073702, 1.1277742385863667, 1.1360111236572907, 1.1583344936371935, 1.183595418930062, 1.1878589391708907, 1.1717751026153538, 1.1999174356460565, 1.2476298809052713, 1.2503975629805963, 1.2526481151581323, 1.2654852867127016, 1.3153152465821445, 1.358998298645026, 1.4090197086335314, 1.4441664218902674, 1.484846472740109, 1.555909991264407, 1.5757193565369825, 1.619504570961109, 1.6663531064987702, 1.7176154851914582, 1.8395038843155413, 1.9227957725525449, 1.965638518333439, 2.0168161392212567, 2.0674433708192104, 2.116262435913081, 2.1667714118957493, 2.219230175018365, 2.271433830261234, 2.322212457656915, 2.3745174407958967, 2.4244437217712953, 2.4513033275668548, 2.4200710068556703]]]}