{"name": "Addis Ababa", "bounding_box": [38.65502166748064, 8.831930160522518, 38.909618377685774, 9.098340034484899], "lat_idx": [224, 228], "lon_idx": [195, 198], "line": [[[38.77191162109392, 38.82180023193365, 38.87197113037115, 38.89683151245123, 38.90668869018572, 38.899471282958984, 38.87303161621111, 38.82860946655302, 38.78699111938482, 38.74729156494135, 38.70458984375017, 38.68096160888689, 38.65837097167997, 38.677501678467024, 38.707031250000114, 38.758491516113565], [9.095648765563965, 9.085880279541016, 9.083909034729004, 9.037850379943961, 8.988720893859977, 8.939200401306266, 8.890871047973633, 8.866210937499943, 8.83545112609869, 8.872159004211483, 8.900300025939998, 8.948180198669547, 8.993228912353572, 9.041501045227108, 9.082290649414176, 9.090189933776799]]]}