{"name": "Afar", "bounding_box": [39.66199874877947, 8.842961311340389, 42.416042327880874, 14.550650596618617], "lat_idx": [224, 283], "lon_idx": [205, 233], "line": [[[40.159591674804744, 40.21233749389671, 40.281040191650675, 40.35055923461931, 40.410362243652344, 40.45359802246105, 40.50529479980463, 40.55815505981451, 40.608917236328125, 40.64926528930664, 40.70339584350603, 40.74303817749035, 40.80973434448248, 40.85443115234381, 40.89679718017601, 40.93799591064476, 40.98236846923845, 41.03467178344738, 41.10630035400385, 41.156162261963004, 41.2161941528322, 41.274280548095874, 41.335784912109546, 41.373317718505916, 41.415916442871094, 41.461566925049, 41.530292510986385, 41.57448577880865, 41.638359069824276, 41.6954460144043, 41.74567413330095, 41.809062957763615, 41.851173400878906, 41.90163040161133, 41.93704986572271, 41.97977447509771, 42.0099830627442, 42.04363250732422, 42.080585479736555, 42.11607360839861, 42.1486129760745, 42.19096755981445, 42.223838806152514, 42.25781250000017, 42.29184722900396, 42.3300514221192, 42.36638259887707, 42.41604232788086, 42.38338851928728, 42.35322570800787, 42.331279754638786, 42.312969207763786, 42.27336120605497, 42.23655700683622, 42.20688629150408, 42.181304931640796, 42.154464721679744, 42.1203231811524, 42.078319549560604, 42.04794311523449, 42.01808547973661, 41.98730850219732, 41.95685958862333, 41.909046173095874, 41.88822174072271, 41.83891296386713, 41.81407165527372, 41.803058624267635, 41.804477691650504, 41.78177642822271, 41.776390075683764, 41.78890991210966, 41.8012886047365, 41.804580688476506, 41.805187225341854, 41.804691314697436, 41.80419540405279, 41.80370712280285, 41.80304336547857, 41.74253082275396, 41.683139801025675, 41.58454132080078, 41.486381530762, 41.41239166259794, 41.35089111328125, 41.28276824951189, 41.243061065673885, 41.2342910766601, 41.19319152832054, 41.15145874023466, 41.11717987060541, 41.07957839965826, 41.08935165405279, 41.07361984252947, 41.04946136474604, 41.03416061401367, 41.01734161376976, 41.00214004516607, 40.992259979248274, 40.97698974609369, 40.95616149902372, 40.938869476318416, 40.95579147338873, 41.01422119140642, 40.981060028076456, 40.915359497070426, 40.849651336670036, 40.803791046142635, 40.76541137695341, 40.737640380859546, 40.71683883667015, 40.69530105590826, 40.69577026367193, 40.66186904907232, 40.60828018188482, 40.530731201171875, 40.47333908081066, 40.42808914184599, 40.39463043212919, 40.351860046386946, 40.302928924560604, 40.256629943847656, 40.248348236083984, 40.22465133667009, 40.176719665527344, 40.14323043823259, 40.107349395752124, 40.06681823730486, 40.012729644775334, 40.038940429687614, 40.0534210205081, 40.024250030517635, 39.970489501953296, 39.94477844238281, 39.9179306030274, 39.879981994629134, 39.82638931274431, 39.84384918212908, 39.873710632324276, 39.89064025878912, 39.866630554199446, 39.81182098388689, 39.821838378906534, 39.8656082153322, 39.88904190063499, 39.89142990112322, 39.89151000976557, 39.877929687500284, 39.854869842529354, 39.858898162841854, 39.91260910034197, 39.965621948242415, 40.0181617736817, 40.01620101928728, 40.039489746094034, 40.065780639648494, 40.08773040771513, 40.065158843994254, 40.01380920410173, 39.9898300170899, 40.02170181274431, 40.072250366211165, 40.124118804931584, 40.12775802612322, 40.12191009521496, 40.139400482177905, 40.147930145263956, 40.15270996093756, 40.15872192382824, 40.18545150756859, 40.16540908813482, 40.151058197021484, 40.1571807861331, 40.1422882080081, 40.113269805908374, 40.13024902343756, 40.154399871826456, 40.16395950317394, 40.12837982177763, 40.15956878662115, 40.188869476318416, 40.19847106933594, 40.19039916992182, 40.1830406188966, 40.158500671387, 40.13359069824236, 40.0982208251956, 40.070358276367244, 40.0681800842288, 40.058250427246264, 40.03010177612322, 40.00241088867193, 40.00082015991234, 39.953960418701286, 39.913280487060604, 39.87662887573248, 39.87606811523432, 39.87966156005888, 39.851978302002124, 39.83454895019531, 39.83211135864275, 39.81467819213873, 39.79917144775419, 39.783691406250284, 39.764011383056584, 39.762409210205135, 39.786190032958984, 39.80767822265631, 39.809188842773494, 39.789058685302734, 39.81324005126959, 39.8624801635745, 39.87844085693365, 39.88985061645536, 39.862670898437784, 39.793281555175724, 39.75643157959013, 39.75868988037115, 39.76934814453131, 39.785041809082315, 39.806659698486385, 39.78784942626959, 39.774528503418026, 39.738189697265796, 39.71810150146513, 39.73765945434599, 39.74119949340826, 39.7438697814942, 39.72172927856445, 39.73743820190458, 39.748161315918026, 39.7972106933596, 39.82719039916992, 39.82427978515631, 39.80768966674799, 39.79951095581072, 39.80632019042969, 39.818630218505916, 39.82086181640648, 39.82413101196306, 39.79174041748058, 39.798141479492244, 39.781631469726676, 39.731990814209155, 39.75448989868181, 39.7116012573245, 39.68167114257841, 39.70032882690447, 39.746440887451286, 39.71221160888683, 39.67784118652372, 39.71485900878935, 39.765041351318416, 39.81407928466791, 39.86172866821289, 39.91403961181658, 39.96522903442377, 39.98194885253923, 40.01539230346674, 40.046588897705305, 40.08368301391596, 40.14543914794922], [14.542815208435172, 14.508565902710018, 14.483070373535213, 14.45179271697998, 14.420440673828125, 14.383234024047965, 14.347327232360783, 14.312314987182674, 14.277780532836857, 14.24683952331543, 14.207637786865178, 14.173809051513729, 14.129006385803223, 14.098759651184025, 14.0660400390625, 14.035041809082088, 13.989040374755973, 13.934166908264217, 13.872072219848746, 13.813998222351074, 13.755291938781738, 13.693843841552734, 13.641756057739315, 13.608235359191895, 13.573700904846305, 13.530603408813533, 13.47375679016119, 13.440095901489258, 13.375723838806096, 13.330091476440543, 13.279054641723746, 13.223609924316406, 13.187446594238395, 13.13891506195074, 13.102156639099235, 13.063774108886719, 13.020978927612305, 12.976002693176326, 12.919293403625488, 12.864363670349064, 12.814818382263184, 12.755225181579704, 12.710201263427734, 12.667682647705078, 12.621759414672908, 12.577254295349235, 12.532261848449707, 12.478936195373478, 12.43850135803234, 12.398078918457031, 12.352304458618107, 12.304545402526912, 12.265279769897461, 12.228984832763672, 12.185932159423885, 12.142914772033691, 12.099886894226131, 12.04669284820568, 11.991915702819824, 11.94496917724615, 11.900231361389274, 11.857632637023926, 11.813643455505371, 11.796939849853459, 11.75137805938715, 11.733720779419059, 11.674198150634822, 11.623707771301326, 11.572450637817383, 11.524435997009391, 11.471118927002067, 11.421463966369743, 11.36994743347168, 11.318409919738713, 11.25170612335205, 11.192276954650879, 11.135475158691463, 11.063994407653922, 11.007491111755428, 10.971109390258846, 10.966219902038688, 10.964409828186092, 10.969240188598746, 10.960808753967342, 10.964871406555233, 10.962571144104118, 10.923700332641545, 10.86598968505865, 10.798748970031795, 10.762021064758414, 10.722650527954215, 10.683490753173828, 10.602899551391545, 10.543318748474064, 10.47995853424078, 10.424339294433594, 10.345508575439453, 10.291549682617301, 10.242240905761776, 10.158980369567814, 10.098060607910213, 10.037581443786678, 9.989829063415527, 9.964321136474723, 9.91388130187994, 9.853269577026367, 9.792658805847282, 9.729080200195256, 9.66981124877941, 9.62405967712408, 9.568329811096135, 9.501230239868164, 9.449810981750488, 9.40663909912115, 9.393379211425895, 9.38779067993164, 9.35709095001215, 9.306610107421818, 9.257439613342285, 9.189480781555176, 9.130469322204647, 9.088410377502555, 9.037740707397518, 8.99007892608654, 8.969350814819279, 8.921239852905387, 8.879328727722225, 8.845780372619743, 8.858420372009277, 8.90886020660406, 8.963688850402889, 9.004611015319824, 9.005889892578125, 9.050021171569824, 9.099672317504996, 9.147059440612793, 9.139139175415153, 9.18861007690441, 9.236478805542049, 9.29170036315918, 9.339060783386344, 9.360630035400504, 