{"name": "Amhara", "bounding_box": [35.27494430541998, 8.734150886535588, 40.19849014282242, 13.76626777648923], "lat_idx": [223, 275], "lon_idx": [161, 211], "line": [[[36.47114944458019, 36.48585128784174, 36.51285171508812, 36.53577804565458, 36.58377075195324, 36.633361816406364, 36.68352127075201, 36.73181152343767, 36.756351470947436, 36.79441833496094, 36.83673095703142, 36.87685012817377, 36.91740036010765, 36.967109680176065, 37.01763916015631, 37.064849853515796, 37.110168457031534, 37.15166854858427, 37.20241928100597, 37.24906158447277, 37.29082107543951, 37.3409881591798, 37.387420654296875, 37.43761825561518, 37.48908996582037, 37.53633117675798, 37.583381652832315, 37.633720397949276, 37.668460845947266, 37.69456100463884, 37.717208862304744, 37.747550964355526, 37.7663116455081, 37.81256103515625, 37.85153961181646, 37.88468170166021, 37.9370498657226, 37.97896957397461, 38.02785873413109, 38.079090118408374, 38.12210845947283, 38.171459197998104, 38.222179412841854, 38.27122879028343, 38.31811904907232, 38.325649261474894, 38.37572097778326, 38.42110824584961, 38.4708786010745, 38.520011901855526, 38.49930953979492, 38.46797943115257, 38.51858901977545, 38.567569732666186, 38.61814880371105, 38.66561889648466, 38.693481445312784, 38.71802139282221, 38.73902893066412, 38.739791870117244, 38.73089981079124, 38.77429962158226, 38.821430206299, 38.87187957763689, 38.92358016967802, 38.95650100708008, 39.00712966918974, 39.0396614074707, 39.01568984985357, 39.001220703125, 39.00918960571312, 39.058078765869254, 39.10308837890631, 39.144161224365405, 39.19179153442394, 39.236259460449446, 39.237159729003906, 39.26350021362316, 39.30533981323242, 39.281028747558594, 39.27473068237333, 39.29581832885742, 39.27695846557623, 39.230781555176065, 39.18199157714861, 39.19015121459961, 39.211738586425724, 39.226848602295206, 39.23722076416021, 39.24330139160162, 39.24887847900419, 39.27814865112333, 39.32975006103544, 39.37752151489286, 39.42668914794916, 39.47610092163109, 39.52637863159197, 39.548248291015625, 39.59791183471697, 39.63713836669922, 39.69073104858427, 39.742580413818416, 39.76325988769554, 39.76480102539068, 39.78516006469738, 39.7972106933596, 39.81991958618181, 39.83129119873047, 39.83824157714872, 39.863288879394474, 39.8796081542971, 39.874538421630916, 39.89350891113287, 39.929901123046875, 39.970939636230526, 40.00878143310575, 40.00424957275408, 40.03517150878923, 40.06261825561546, 40.068778991699276, 40.06772994995123, 40.10705947875999, 40.135890960693644, 40.16744995117216, 40.18529129028349, 40.19121932983427, 40.197208404541186, 40.1790390014649, 40.152500152588175, 40.135520935058594, 40.16690826416044, 40.14712905883795, 40.119731903076115, 40.12084960937506, 40.16413879394531, 40.148010253906534, 40.159049987793026, 40.180511474609546, 40.16064071655279, 40.153930664062784, 40.14833068847662, 40.144069671630916, 40.11800003051769, 40.12432861328131, 40.13969039916998, 40.08638000488287, 40.035621643066634, 39.994968414306754, 40.001781463623104, 40.0480499267581, 40.088241577148494, 40.083209991455305, 40.055747985840014, 40.02391815185564, 40.0291099548341, 39.98136138916033, 39.926040649414006, 39.872360229492415, 39.854869842529354, 39.877929687500284, 39.89151000976557, 39.89142990112322, 39.88904190063499, 39.8656082153322, 39.821838378906534, 39.79380035400419, 39.84535980224604, 39.88858032226568, 39.88830947876005, 39.868610382080135, 39.834598541259936, 39.80376052856451, 39.76623916626005, 39.768138885498104, 39.765388488769815, 39.768699645996264, 39.72217178344732, 39.65137100219732, 39.59413146972685, 39.55411148071312, 39.50148010253923, 39.46323013305681, 39.4078102111817, 39.395050048828296, 39.343589782714844, 39.32231140136747, 39.3057403564456, 39.281761169433764, 39.276741027832315, 39.28857803344732, 39.321441650390796, 39.355258941650334, 39.37590026855497, 39.34984970092779, 39.292079925537394, 39.26049804687506, 39.25181198120123, 39.30128097534174, 39.36325836181646, 39.41511917114286, 39.48521041870117, 39.4456214904788, 39.45207977294939, 39.40734863281273, 39.36349105834978, 39.313640594482706, 39.30297851562506, 39.343410491943644, 39.380851745605526, 39.387390136718864, 39.39455032348627, 39.41184997558611, 39.397190093994425, 39.34685134887707, 39.30731964111345, 39.26432037353544, 39.232200622558594, 39.21141815185547, 39.17982101440447, 39.14284133911133, 39.09540176391624, 39.070949554443416, 39.078189849853516, 39.053501129150504, 39.014118194580135, 38.97687911987322, 38.96308135986328, 38.912399291992244, 38.868148803710994, 38.8318519592288, 38.81193923950201, 38.80326080322271, 38.80485916137695, 38.79906082153332, 38.75260925292997, 38.70380020141607, 38.662979125976676, 38.70923995971674, 38.757759094238565, 38.80249023437506, 38.84828948974615, 38.83491134643583, 38.83411026000982, 38.84867095947271, 38.856681823730526, 38.847229003906364, 38.79759979248075, 38.74921035766624, 38.698249816894815, 38.648059844970874, 38.596641540527514, 38.546390533447436, 38.49686050415045, 38.47661972045904, 38.4645881652832, 38.42980957031256, 38.42316818237322, 38.388301849365234, 38.33980941772478, 38.323780059814624, 38.27479171752947, 38.22438049316412, 38.182521820068416, 38.13364028930681, 38.091758728027514, 38.06002044677763, 38.01243972778349, 37.96630859375006, 37.922279357910384, 37.87282180786161, 37.829399108886946, 37.78525924682623, 37.736850738525675, 37.688388824463175, 37.644748687744084, 37.605968475341854, 37.56856918334984, 37.538688659668026, 37.4899215698245, 37.441638946533374, 37.39997100830095, 37.354469299316634, 37.305198669433594, 37.27519989013666, 37.226039886474894, 37.1910095214846, 37.17068862915062, 37.19762039184599, 37.162239074707315, 37.11185073852556, 37.06766891479498, 37.01692962646496, 36.975620269775675, 36.925270080566406, 36.8782691955567, 36.82783126831049, 36.7776794433596, 36.72864913940424, 36.68423843383806, 36.633380889892635, 36.587520599365405, 36.537509918213175, 36.530620574951456, 36.53950119018555, 36.48936843872076, 36.44705963134783, 36.39772033691412, 36.368339538574276, 36.321918487549055, 36.30530166625982, 36.30958938598644, 36.31238174438499, 36.33201980590826, 36.370220184326456, 36.31998825073248, 36.28524017334013, 36.311229705810604, 36.32978820800781, 36.35269165039068, 36.38642883300781, 36.422168731689624, 36.443290710449276, 36.49085998535185, 36.519561767578125, 36.57075881958025, 36.53892135620117, 36.488948822021484, 36.468311309814624, 36.47737121582048, 36.49140930175787, 36.54035186767578, 36.55952835083008, 36.53461837768583, 36.523078918457315, 36.4737091064456, 36.42555999755865, 36.42169952392595, 36.42668151855469, 36.39691925048828, 36.37670135498047, 36.33930969238298, 36.339950561523665, 36.340660095214844, 36.33551025390625, 36.287708282470874, 36.24794006347673, 36.203891754150675, 36.15779113769554, 36.12208938598661, 36.11201095581049, 36.08974075317383, 36.05241012573265, 36.034519195556925, 35.99446105957048, 35.97182083129877, 35.93460845947271, 35.88439941406267, 35.83530807495117, 35.79256057739275, 35.75595855712919, 35.73640060424833, 35.69589996337902, 35.65634155273443, 35.62263870239258, 35.57508850097662, 35.55302047729492, 35.503150939941406, 35.45238113403326, 35.40203094482439, 35.35194015502947, 35.30400848388672, 35.285488128662166, 35.30252075195318, 35.28561019897461, 35.3021507263183, 35.34424209594755, 35.3540306091308, 35.389160156250284, 35.43616104125982, 35.42963027954107, 35.46540069580084, 35.50257873535156, 35.54164123535173, 35.567279815674, 35.60237121582054, 35.63325881958002, 35.68188858032238, 35.68756866455095, 35.74608993530296, 35.80342483520525, 35.873394012451115, 35.92361068725586, 35.98010635375982, 36.03912734985363, 36.10077667236334, 36.15517044067383, 36.174270629882926, 36.17630004882835, 36.176670074462834, 36.165302276611385, 36.16352081298851, 36.183429718017635, 36.198131561279524, 36.212841033935604, 36.22916030883806, 36.24620819091814, 