{"name": "Benshangul-Gumaz", "bounding_box": [34.106830596924, 8.786479949951229, 37.036209106445284, 12.056988716125502], "lat_idx": [224, 258], "lon_idx": [149, 179], "line": [[[36.292560577392635, 36.330280303955135, 36.28865051269537, 36.24085998535173, 36.27922821044939], [8.995040893554744, 8.961920738220158, 8.933490753173828, 8.95454120635992, 8.987440109253043]], [[36.077861785888615, 36.128311157226506, 36.177680969238565, 36.19702148437517, 36.22100067138683, 36.21467971801758, 36.24462127685575, 36.218860626220874, 36.20489120483393, 36.16677093505865, 36.12567901611345, 36.0766410827639, 36.026359558105526, 36.01005172729498, 36.0187606811524, 36.036838531494254, 36.07540130615257], [9.030079841613826, 9.025799751281738, 9.016519546508903, 8.969429969787598, 8.925068855285588, 8.874980926513729, 8.834271430969181, 8.791219711303711, 8.840060234069881, 8.873121261596737, 8.844050407409725, 8.855091094970703, 8.854220390319938, 8.902009010314998, 8.951819419860783, 8.999380111694393, 9.031319618225154]], [[36.45711135864258, 36.49446868896513, 36.46667098999029, 36.45058822631853, 36.4182014465332, 36.384300231933764, 36.379459381103686, 36.39437866210949, 36.43667984008806], [9.523301124572697, 9.489679336547908, 9.447360038757381, 9.39989089965826, 9.359499931335563, 9.397239685058594, 9.447730064392033, 9.49555969238287, 9.523709297180233]], [[35.80612182617216, 35.84877014160162, 35.896938323974666, 35.947608947754134, 35.96968078613281, 36.00674819946306, 36.038200378418196, 36.06829833984375, 36.10126876831083, 36.11634826660156, 36.119899749755916, 36.16246032714838, 36.208831787109546, 36.24866104125982, 36.291931152344034, 36.34247970581055, 36.340671539306925, 36.337810516357706, 36.34204864501976, 36.38140106201183, 36.401081085205305, 36.43405151367199, 36.41896057128935, 36.45285034179693, 36.50049972534208, 36.53427124023443, 36.56600952148466, 36.56385040283209, 36.517971038818416, 36.47309112548834, 36.46735000610346, 36.469970703125, 36.510848999023665, 36.55760192871122, 36.510311126708984, 36.47407913208008, 36.43228149414068, 36.40739822387724, 36.3713188171389, 36.34172058105497, 36.31164932251005, 36.301448822021655, 36.28842926025396, 36.33697891235357, 36.33272933959978, 36.31505966186546, 36.30670928955078, 36.307289123535156, 36.3188018798831, 36.365879058837834, 36.39125061035179, 36.43843841552746, 36.48004150390642, 36.530151367187784, 36.53657913208002, 36.53189849853527, 36.57884979248064, 36.627460479736385, 36.66397094726568, 36.69247817993164, 36.74267959594749, 36.790538787841854, 36.84172821044922, 36.88719940185575, 36.937278747558594, 36.98833847045904, 37.03229141235363, 37.018451690673885, 36.988098144531534, 36.95220947265648, 36.90663146972662, 36.86286926269548, 36.82323837280285, 36.777870178222884, 36.733119964599666, 36.692260742187784, 36.647651672363565, 36.631031036377124, 36.58137130737333, 36.54492950439453, 36.55279922485346, 36.56388092041021, 36.51342010498064, 36.469638824462834, 36.435718536377124, 36.400009155273494, 36.372188568115405, 36.349731445312784, 36.327491760253906, 36.284770965576456, 36.236721038818644, 36.19057083129894, 36.14091110229515, 36.12501144409197, 36.12339019775408, 36.13274002075224, 36.120990753174, 36.166191101074446, 36.14139175415056, 36.137458801269645, 36.14316177368164, 36.18560028076172, 36.21701812744158, 36.264369964599894, 36.30976867675781, 36.319141387939396, 36.31621170043951, 36.325248718261776, 36.32077026367182, 36.27024078369158, 36.22396850585943, 36.18922042846708, 36.178291320800724, 36.22253036499029, 36.202548980713175, 36.19633102417009, 36.14616012573259, 36.107059478759936, 36.063419342041016, 36.05089950561529, 36.01546096801786, 35.97117996215826, 35.937671661376896, 35.90925979614252, 35.85691070556658, 35.80825042724621, 35.75872039794922, 35.762371063232536, 35.78567123413103, 35.77067184448248, 35.721069335937784, 35.686080932617244, 35.664791107177734, 35.64978027343767, 35.60429000854509, 35.56845092773466, 35.517330169677905, 35.46863174438505, 35.420761108398494, 35.37126922607433, 35.377239227295206, 35.35546875000017, 35.39461135864286, 35.343120574951456, 35.31135940551758, 35.26836013793974, 35.21821975708002, 35.17234039306652, 35.120880126953296, 35.08140182495123, 35.0311813354495, 35.02672958374018, 35.00725173950207, 34.96142959594732, 34.91181945800798, 34.88547897338873, 34.89295959472673, 34.893878936767635, 34.8743782043457, 34.83111953735357, 34.79724884033209, 34.80921936035173, 34.80638885498047, 34.799179077148494, 34.7861900329591, 34.73674011230486, 34.69190979003923, 34.64402008056635, 34.60214996337896, 34.56529998779297, 34.51567077636736, 34.46332931518572, 34.41400909423845, 34.43291854858427, 34.46253967285179, 34.505409240722656, 34.493831634521655, 34.44358062744158, 34.39894104003923, 34.425960540771484, 34.47182083129911, 34.44681167602562, 34.41566848754883, 34.40538024902372, 34.382869720458984, 34.35491943359375, 34.304149627685604, 34.2533493041995, 34.203891754150334, 34.15370178222656, 34.127079010009766, 34.123912811279354, 34.11700820922857, 34.113178253173885, 34.106830596924, 34.12406921386713, 34.1460609436038, 34.16805648803728, 34.190570831299, 34.209220886230526, 34.222400665283146, 34.22145080566429, 34.232109069824276, 34.307659149169865, 34.3371391296389, 34.34991073608421, 34.31740951538103, 34.30187988281267, 34.302818298340014, 34.32542037963884, 34.28876876831049, 34.29522323608427, 34.31874084472662, 34.36766052246111, 34.41157913208036, 34.45006179809576, 34.48384475708036, 34.54159927368187, 34.59908676147472, 34.64109420776384, 34.68523406982439, 34.72389984130888, 34.756488800049, 34.77732467651373, 34.824302673340014, 34.872680664062784, 34.90909957885742, 34.944423675537166, 34.975116729736385, 34.95111083984392, 34.970958709716854, 34.99900817871111, 35.0005531311038, 34.96213150024414, 34.97867965698259, 34.997001647949276, 35.03728103637695, 35.059837341308764, 35.0820503234865, 35.088550567627124, 35.0919189453125, 35.0612411499024, 35.062328338623104, 35.10163116455095, 35.153980255127124, 35.197509765625114, 35.24612045288086, 35.30072021484369, 35.285488128662166, 35.29737091064459, 35.34677886962896, 35.39773941040056, 35.44871139526373, 35.49985122680687, 35.548011779785384, 35.57646179199247, 35.60892105102545, 35.648189544677734, 35.68152999877947, 35.72990036010748, 35.7449684143067, 35.77494812011719], [12.044009208679256, 12.017889976501408, 12.002750396728459, 12.009539604187125, 11.9636812210083, 11.927709579467773, 11.888750076294002, 11.847479820251522, 11.809591293334961, 11.761409759521598, 11.710941314697266, 11.683698654174748, 11.715729713439998, 11.746109962463493, 11.782381057739371, 11.784810066223145, 11.734660148620662, 11.683488845825252, 11.632040023803711, 11.60027980804449, 11.55332088470459, 11.513959884643555, 11.46344089508068, 11.42660140991211, 11.44425010681158, 11.406769752502555, 11.367500305175724, 11.314979553222713, 11.292169570922965, 11.269550323486271, 11.218741416931152, 11.16800975799572, 11.138980865478572, 11.120549201965389, 11.096172332763615, 11.060709953308105, 11.031828880310059, 10.984950065612736, 10.949440956115666, 10.90680980682373, 10.865240097045842, 10.814019203185978, 10.76520919799816, 10.779669761657715, 10.728230476379508, 10.681329727172852, 10.631230354309082, 10.58076095581066, 10.531181335449219, 10.513620376586857, 10.470351219177303, 10.453100204467773, 10.483501434326286, 10.484669685363883, 10.434921264648494, 10.38428974151617, 10.366269111633244, 10.351961135864315, 10.317440986633244, 10.359140396118107, 10.362628936767578, 10.346269607544002, 10.342181205749455, 10.318890571594295, 10.311068534851188, 10.312600135803223, 10.287679672241325, 10.238739967346305, 10.198470115661564, 10.233551025390739, 10.212380409240836, 10.237549781799373, 10.268778800964355, 10.291419982910156, 10.31383991241455, 10.284367561340389, 10.26074123382574, 10.213509559631404, 10.206398963928223, 