{"name": "Dire Dawa", "bounding_box": [41.73033905029308, 9.4738187789917, 42.34283828735359, 9.786081314086964], "lat_idx": [231, 235], "lon_idx": [225, 232], "line": [[[42.07680892944347, 42.0340309143067, 41.984130859375, 41.94105911254877, 41.88473129272472, 41.817508697509766, 41.756839752197266, 41.751380920410156, 41.776138305664176, 41.85559082031256, 41.908451080322266, 41.954650878906364, 42.01070022583008, 42.124469757080135, 42.18807983398443, 42.253299713134766, 42.34112167358404, 42.28824996948242, 42.22283172607433, 42.161899566650504, 42.135719299316406, 42.12417984008789, 42.083370208740234], [9.47494888305664, 9.50673866271967, 9.511169433593807, 9.481880187988395, 9.48351860046398, 9.479079246520996, 9.486909866332951, 9.602890968322754, 9.656040191650447, 9.676080703735465, 9.681639671325684, 9.657009124755916, 9.624499320983887, 9.712239265441838, 9.775899887085018, 9.785829544067383, 9.724120140075684, 9.67848110198986, 9.658499717712346, 9.633021354675236, 9.584831237793026, 9.521559715270996, 9.490500450134277]]]}