{"name": "Harari People", "bounding_box": [42.061191558838004, 9.188249588012695, 42.274478912353494, 9.391011238098265], "lat_idx": [228, 231], "lon_idx": [229, 232], "line": [[[42.06332015991205, 42.06698989868164, 42.101940155029354, 42.14892959594738, 42.2070884704591, 42.25531005859375, 42.267280578613395, 42.251659393310604, 42.27421951293957, 42.22309875488281, 42.16802978515631, 42.1147193908692, 42.06332015991205], [9.228260040283317, 9.287231445312557, 9.352689743042106, 9.389848709106445, 9.372570991516113, 9.386140823364371, 9.323659896850643, 9.272371292114258, 9.218811035156307, 9.198708534240723, 9.212759971618652, 9.233080863952637, 9.228260040283317]]]}