{"name": "Somali", "bounding_box": [39.09519958496088, 3.322098970413265, 47.98617935180673, 11.095950126648077], "lat_idx": [169, 248], "lon_idx": [199, 289], "line": [[[42.65578842163086, 42.703948974609375, 42.752681732177734, 42.780250549316406, 42.79196548461931, 42.845932006835994, 42.89511108398443, 42.94408416748047, 42.92155075073248, 42.885540008545206, 42.85570907592779, 42.81127166748058, 42.76652526855469, 42.73866653442411, 42.70320129394531, 42.690391540527514, 42.72093582153349, 42.75611877441435, 42.79185104370123, 42.804828643798885, 42.83108901977539, 42.858329772949276, 42.894340515136776, 42.94200134277344, 42.97862625122099, 43.017398834228686, 43.03709030151373, 43.061820983886946, 43.083549499511776, 43.12884902954107, 43.181808471679744, 43.22602844238287, 43.26298904418974, 43.27378463745117, 43.28372573852545, 43.29919052124046, 43.35043716430681, 43.39823913574219, 43.41729354858427, 43.445518493652514, 43.489151000976506, 43.53487014770525, 43.59386062622076, 43.64669036865246, 43.69108581542997, 43.76560211181646, 43.80927658081083, 43.871868133544865, 43.97220993042009, 44.033794403076115, 44.1049499511721, 44.17962265014671, 44.23445892334007, 44.32072067260742, 44.37902832031256, 44.44437026977562, 44.50244903564476, 44.5568389892581, 44.69017791748075, 44.78099822998041, 44.83078002929682, 44.948059082031534, 45.00000000000017, 45.068244934081974, 45.12314987182617, 45.18827819824219, 45.23891067504883, 45.30902099609375, 45.429340362548885, 45.48165893554693, 45.550178527832315, 45.60702133178728, 45.656150817871094, 45.76573181152372, 45.828948974609375, 45.89476013183594, 46.03041839599632, 46.0885086059572, 46.15005874633789, 46.211853027344034, 46.269950866699276, 46.32983016967802, 46.38990783691406, 46.450801849365405, 46.50920486450195, 46.579128265381144, 46.62908172607422, 46.74360275268572, 46.8680992126466, 46.91862869262724, 46.98778915405279, 47.099998474121094, 47.200000762939396, 47.29999923706055, 47.40000152587908, 47.50000000000006, 47.59999847412115, 47.70000076293951, 47.79999923706083, 47.900001525879134, 47.986179351806754, 47.55766296386747, 47.3385124206543, 46.878070831299, 46.81418228149414, 46.540370941162166, 46.49147415161133, 46.18281936645525, 45.95002746582048, 45.91068649291992, 45.759769439697436, 45.622852325439624, 45.532863616943416, 45.081367492676065, 45.015209197998104, 44.9431800842288, 44.58755874633789, 44.243198394775675, 44.0302810668947, 43.81385803222662, 43.6590690612793, 43.543434143066634, 43.46918487548828, 43.421470642090014, 43.33829879760765, 43.27967834472685, 43.185321807861555, 43.12245178222662, 43.08013916015648, 43.039085388183594, 43.01232147216791, 42.99016189575195, 42.95209884643583, 42.89804840087902, 42.8490104675293, 42.77220916748064, 42.720203399658146, 42.671543121338175, 42.59949493408209, 42.5426292419433, 42.485828399658374, 42.41650009155302, 42.31695175170927, 42.252380371094034, 42.19673919677729, 42.14151000976568, 42.087669372558764, 42.043159484863565, 42.008708953857706, 41.946220397949446, 41.92913436889654, 41.88752365112305, 41.829799652099894, 41.78054046630871, 41.729789733887, 41.67975997924822, 41.62567138671869, 41.57458877563482, 41.52288436889671, 41.47061157226557, 41.41910171508795, 41.363330841064624, 41.302558898925895, 41.24855041503935, 41.199089050293026, 41.14794921875, 41.10541915893583, 41.072650909424, 41.04071044921892, 41.001422882080135, 40.94791030883806, 40.90174102783209, 40.87321853637701, 40.83068847656244, 40.78464126586931, 40.72430038452177, 40.438041687011776, 40.286701202392635, 40.20042037963884, 40.020740509033146, 39.885631561279354, 39.79935836791992, 39.75448989868181, 39.71738052368187, 39.67636108398432, 39.61595153808594, 39.57395172119158, 39.537746429443644, 39.51221084594755, 39.46133041381853, 39.41492080688505, 39.35467910766613, 39.332199096679915, 39.23667907714872, 39.18566513061552, 39.13809967041027, 39.22283172607439, 39.28702926635742, 39.401950836181925, 39.43415069580095, 39.48517990112322, 39.480609893799, 39.51142883300781, 39.531120300293026, 39.54201889038103, 39.588111877441406, 39.62115097045893, 39.644390106201456, 39.67697906494158, 39.705600738525675, 39.72745895385748, 39.745891571044865, 39.76084136962902, 39.78631973266596, 39.80678176879883, 39.815189361572266, 39.880729675293026, 39.90962982177729, 39.94461822509771, 40.03601074218773, 40.10028076171898, 40.17676162719721, 40.242958068847884, 40.31269836425798, 40.37182998657255, 40.458221435547046, 40.53522109985357, 40.565830230713175, 40.6077117919923, 40.681911468505916, 40.755210876464844, 40.81380844116205, 40.867328643799055, 40.92462158203131, 40.903598785400675, 40.877120971679744, 40.87878036499029, 40.87985992431669, 40.873508453369084, 40.868759155273665, 40.87535095214861, 40.8841285705567, 40.86682891845709, 40.859069824219034, 40.862678527832315, 40.90238189697294, 40.93846893310564, 40.97455978393583, 41.017860412597656, 41.07352828979498, 41.13335037231445, 41.17665100097685, 41.23078918457037, 41.28536987304716, 41.36071014404325, 41.44010925292986, 41.47858810424805, 41.53033065795904, 41.57421112060564, 41.622009277344034, 41.658451080322266, 41.706821441650504, 41.74124908447277, 41.801090240478686, 41.85596084594755, 41.910770416259936, 41.96701812744146, 42.00880050659197, 42.016960144043026, 42.0578498840332, 42.06427001953131, 42.07854843139677, 42.10837173461931, 42.14226150512707, 42.159931182861555, 42.189281463623104, 42.20674133300787, 42.2107009887697, 42.20082855224615, 42.14831161499029, 42.07305908203148, 41.96754837036144, 41.89844131469749, 41.88505172729498, 41.86941909790045, 41.89067077636719, 41.931781768798885, 41.95946121215826, 41.914718627929744, 41.91944885253923, 41.92448043823259, 41.92776107788086, 41.932128906250284, 41.95072174072283, 42.02936935424799, 42.02832031249994, 42.07204055786161, 42.21792984008795, 42.265388488769645, 42.297000885009936, 42.325351715088175, 42.504871368408146, 42.53686141967802, 42.55239105224615, 42.562309265136776, 42.58041000366228, 42.61828994750982, 42.66366958618187, 42.70391082763689, 42.721458435058764, 42.73719024658226, 42.77048110961937, 42.83322906494158, 42.88671875000006, 42.899341583252124, 42.9146804809572, 42.90763092041033, 42.862190246582145, 42.83430099487322, 42.84622955322283, 42.867668151855526, 42.83037948608404, 42.78630828857439, 42.732948303222656, 42.68244171142584, 42.64665985107433, 42.601711273193644, 42.63742065429693, 42.59778976440447, 42.57329940795927, 42.5492591857913, 42.53437042236345, 42.50963973999018, 42.47592163085966, 42.43859100341791, 42.40098953247076, 42.39773178100586, 42.38676834106474, 42.34101486206066, 42.295829772949446, 42.215660095215014, 42.12467956542986, 42.03311920166033, 41.954650878906534, 41.908451080322436, 41.85559082031256, 41.81098937988304, 41.75806045532249, 41.73033905029325, 41.67250823974632, 41.6449089050293, 41.566471099853686, 41.50896835327154, 41.43492889404308, 41.361351013183764, 41.311008453369425, 41.256881713867244, 41.19712066650408, 41.14775848388672, 41.08586120605497, 41.032398223876896, 40.97877120971708, 40.92929077148449, 40.8764190673831, 40.81488037109392, 40.7949409484865, 40.845451354980526, 40.916168212890796, 40.89231109619158, 40.818080902099666, 40.750919342041016, 40.70087814331066, 40.69530105590826, 40.71683883667015, 40.737640380859546, 40.76541137695341, 40.803791046142635, 40.849651336670036, 40.915359497070426, 40.981060028076456, 41.02188110351568, 40.968120574951115, 40.938869476318416, 40.95616149902372, 40.97698974609369, 40.992259979248274, 41.00214004516607, 41.01734161376976, 41.032749176025675, 41.04946136474604, 41.07361984252947, 41.08935165405279, 41.081298828125114, 41.11717987060541, 41.15145874023466, 41.19319152832054, 41.2342910766601, 41.243061065673885, 41.28276824951189, 41.35089111328125, 41.41239166259794, 41.486381530762, 41.58454132080078, 41.63648986816435, 41.70185089111334, 41.762760162353686, 41.811061859130916,