{"name": "Tigray", "bounding_box": [36.451908111572436, 12.254220962524528, 39.99380111694366, 14.899957656860337], "lat_idx": [259, 286], "lon_idx": [173, 209], "line": [[[38.13777160644531, 38.1877708435058, 38.240619659424, 38.26962280273443, 38.302631378174, 38.33722305297874, 38.36547851562517, 38.41449356079107, 38.440013885498104, 38.49045562744146, 38.54795074462919, 38.606353759765796, 38.66650009155285, 38.731380462646655, 38.782516479492244, 38.830829620361385, 38.884410858154354, 38.924610137939624, 38.971927642822436, 39.00870895385759, 39.03156661987316, 39.08665847778349, 39.135280609130916, 39.17742156982439, 39.20354843139671, 39.22473526000982, 39.28129577636747, 39.32678222656267, 39.37919998168951, 39.4329376220706, 39.48562622070307, 39.52722167968767, 39.57666015625, 39.554073333740234, 39.60985946655302, 39.66778564453119, 39.72478103637695, 39.7753715515139, 39.82305908203142, 39.887805938720874, 39.922901153564624, 39.97375106811529, 39.992828369140796, 39.9462699890139, 39.8965682983399, 39.84539031982439, 39.796150207519474, 39.746730804443416, 39.699840545654524, 39.66909027099638, 39.71768951416021, 39.767620086670036, 39.74871063232422, 39.698699951172046, 39.68170166015619, 39.71258926391607, 39.761260986328296, 39.72743988037138, 39.77505111694347, 39.79748153686529, 39.792221069335994, 39.826229095459155, 39.82603073120134, 39.82015991210949, 39.81055068969721, 39.800468444824276, 39.80706024169939, 39.82540893554693, 39.82778930664074, 39.818439483642635, 39.76865005493164, 39.73883056640631, 39.722038269043026, 39.74234008789074, 39.742759704590014, 39.735759735107536, 39.71810913085966, 39.73550033569359, 39.774528503418026, 39.78759002685564, 39.81003952026367, 39.78916168212896, 39.77025985717802, 39.758361816406364, 39.76850128173845, 39.839950561523494, 39.88796997070318, 39.889339447021655, 39.8624801635745, 39.81324005126959, 39.7944984436038, 39.788002014160156, 39.80767822265631, 39.77976989746111, 39.72850036621094, 39.67322158813471, 39.622829437256144, 39.58493041992193, 39.54357147216825, 39.50682067871111, 39.45658874511747, 39.405548095703296, 39.36314010620117, 39.31135940551786, 39.26858901977562, 39.245128631592024, 39.24377059936529, 39.23789978027361, 39.22473144531267, 39.207630157470646, 39.183940887451456, 39.201240539550724, 39.25120162963873, 39.29425048828131, 39.30381011962919, 39.293441772460994, 39.30274963378923, 39.273330688476676, 39.25711822509777, 39.23532867431669, 39.202770233154354, 39.152961730957315, 39.11487960815458, 39.06668090820318, 39.01734924316435, 39.00188064575195, 39.00749969482439, 39.043910980224666, 39.01337051391607, 38.967159271240405, 38.95318984985346, 38.89981079101568, 38.850200653076115, 38.80099105834955, 38.75177001953131, 38.74274063110357, 38.73257827758789, 38.72174835205095, 38.700679779052905, 38.680938720703296, 38.633369445801065, 38.591979980469034, 38.558498382568416, 38.50928115844732, 38.530788421630916, 38.50104141235357, 38.450241088867415, 38.406089782715014, 38.35718917846697, 38.324420928955135, 38.283740997314624, 38.234470367431925, 38.18471145629894, 38.13518142700195, 38.08533096313488, 38.035301208496264, 37.98680877685575, 37.94380187988287, 37.89376068115229, 37.85409927368187, 37.81417083740263, 37.78071975708036, 37.75894927978533, 37.726081848144645, 37.70438003540045, 37.68334197998075, 37.64944076538109, 37.60306930541998, 37.555461883545206, 37.51163101196306, 37.460597991943416, 37.41410827636719, 37.36843872070341, 37.32141876220703, 37.271728515625284, 37.2336502075197, 37.18560028076189, 37.13439178466825, 37.09999847412115, 37.052268981933764, 37.00732040405268, 36.95653152465849, 36.91048812866211, 36.873729705810604, 36.83203887939476, 36.79191970825224, 36.75463104248075, 36.72423171997099, 36.67536163330095, 36.62570953369169, 36.57587051391596, 36.52864837646496, 36.50733947753923, 36.47880172729509, 36.46540069580078, 36.47175979614275, 36.49855041503923, 36.47476959228521, 36.451908111572436, 36.49871063232433, 36.534469604492244, 36.54906082153326, 36.56386184692377, 36.61304855346691, 36.66804885864258, 36.71833038330084, 36.76905441284208, 36.825000762939624, 36.879131317138786, 36.93840026855486, 36.9887428283692, 37.03554534912115, 37.08774566650408, 37.10764312744146, 37.12311935424822, 37.15084838867182, 37.20249938964872, 37.25131607055664, 37.30174255371111, 37.34754943847656, 37.37768173217802, 37.40428161621122, 37.42041015625, 37.469905853271484, 37.47271728515648, 37.52330780029325, 37.559402465820256, 37.58990859985357, 37.61440658569347, 37.66004562377947, 37.68424606323259, 37.71466064453119, 37.74217224121094, 37.77647399902361, 37.80728912353521, 37.8325843811038, 37.86246871948248, 37.885673522949276, 37.9198532104495, 37.95017623901367, 37.984149932861385, 38.011604309082315, 38.04423904418951, 38.110790252685604], [14.683891296386776, 14.693328857421989, 14.69167423248291, 14.641537666320914, 14.599248886108512, 14.542140007019157, 14.498411178588867, 14.471949577331657, 14.426678657531738, 14.422129631042537, 14.426524162292594, 14.445113182067928, 14.452656745910701, 14.462220191955566, 14.46936321258545, 14.490000724792537, 14.49810695648199, 14.532789230346737, 14.551778793334904, 14.586989402771053, 14.63331317901617, 14.646940231323185, 14.617779731750488, 14.58669662475586, 14.530311584472656, 14.48262977600092, 14.470796585082951, 14.499818801879883, 14.52236175537115, 14.525839805603141, 14.519601821899528, 14.548330307006779, 14.558328628540153, 14.513472557067871, 14.511974334716854, 14.49891662597662, 14.485842704773063, 14.502845764160156, 14.486914634704704, 14.458235740661678, 14.421811103820914, 14.431414604187012, 14.384229660034237, 14.363699913025016, 14.37300109863287, 14.379091262817383, 14.389880180358944, 14.375959396362305, 14.358250617981014, 14.317649841308594, 14.305239677429313, 14.301369667053336, 14.254508972167969, 14.246370315551758, 14.19870853424078, 14.159209251403922, 14.145869255065918, 14.107069015502987, 14.090801239013729, 14.045900344848633, 13.994960784912053, 13.95753097534191, 13.907409667968807, 13.85697078704834, 13.807218551635799, 13.7575302124024, 13.70720005035406, 13.660361289978027, 13.610369682312125, 13.560668945312557, 13.566708564758358, 13.525379180908146, 13.475911140441951, 13.427109718322754, 13.37627983093256, 13.326310157775936, 13.278259277343864, 13.230818748474121, 13.188529968261776, 13.138970375061092, 13.09325027465826, 13.0442991256715, 12.997188568115348, 12.947999000549316, 12.898639678955078, 12.855010032653752, 12.789899826049918, 12.726450920105037, 12.642020225524902, 12.597189903259277, 12.546541213989258, 12.45917892456049, 12.368849754333496, 12.325070381164664, 12.312601089477653, 12.308170318603516, 12.303211212158203, 12.267170906066895, 12.298231124877873, 12.333820343017692, 12.329509735107422, 12.328901290893668, 12.301009178161678, 12.30012035369873, 12.32800102233881, 12.374180793762207, 12.424989700317326, 12.474759101867733, 12.523870468139592, 12.571160316467342, 12.615470886230412, 12.662409782409725, 12.671392440795955, 12.698800086975211, 12.748531341552734, 12.798520088195744, 12.847670555114803, 12.888159751892204, 12.9362087249757, 12.983078956604004, 13.021779060363826, 13.016920089721623, 12.982960700988713, 12.998688697814885, 13.014808654785213, 13.06245040893566, 13.112709999084586, 13.14733028411871, 13.188031196594238, 13.207549095153809, 13.25718879699707, 13.247369766235408, 13.23548889160162, 13.247320175171012, 13.26034069061285, 13.310198783874455, 13.359849929809627, 13.41031932830822, 13.457219123840389, 13.514949798583984, 13.491450309753418, 13.521269798278809, 13.483969688415584, 13.473770141601676, 13.519498825073356, 13.560211181640625, 13.563570976257324, 13.538639068603572, 13.549570083618164, 13.51128959655773, 13.48215103149414, 13.495281219482422, 13.48917102813715, 13.481888771057129, 13.485850334167594, 13.484279632568416, 13.499658584594783, 13.526458740234375, 