{"name": "Central Equatoria", "bounding_box": [29.79678, 3.488987, 32.169888, 6.248087], "lat_idx": [171, 199], "lon_idx": [106, 131], "line": [[[30.309592, 30.36347, 30.414514, 30.470717, 30.522277, 30.546825, 30.573491, 30.601947, 30.65157, 30.696538, 30.738892, 30.778225, 30.821811, 30.860221, 30.897795, 30.94412, 30.986929, 31.033163, 31.08714, 31.139061, 31.194647, 31.246878, 31.297264, 31.348772, 31.401459, 31.455799, 31.506919, 31.562765, 31.614373, 31.665927, 31.718578, 31.771199, 31.824308, 31.879273, 31.934463, 31.98702, 32.042152, 32.098813, 32.112544, 32.111307, 32.11056, 32.10802, 32.10773, 32.105012, 32.107096, 32.101914, 32.108885, 32.099655, 32.096394, 32.098434, 32.107365, 32.118223, 32.137846, 32.148436, 32.169888, 32.160602, 32.16031, 32.159155, 32.144658, 32.142143, 32.13053, 32.129665, 32.088501, 32.041891, 32.061563, 32.068565, 32.067681, 32.070617, 32.064642, 32.017475, 31.997467, 31.99155, 31.971341, 31.920168, 31.870064, 31.814612, 31.759794, 31.727594, 31.750242, 31.769835, 31.797474, 31.795489, 31.755182, 31.719137, 31.668351, 31.576774, 31.290555, 31.185514, 31.140815, 31.101812, 31.056678, 31.00776, 30.96827, 30.945394, 30.910235, 30.886867, 30.870299, 30.863155, 30.823681, 30.797299, 30.778892, 30.744897, 30.693881, 30.647101, 30.597102, 30.567155, 30.57521, 30.577751, 30.562205, 30.541299, 30.491819, 30.449704, 30.402197, 30.357843, 30.30881, 30.262941, 30.214115, 30.192977, 30.181484, 30.163986, 30.122489, 30.072539, 30.036169, 30.022861, 29.97263, 29.952014, 29.953409, 29.913454, 29.861646, 29.811998, 29.798398, 29.803641, 29.800296, 29.828601, 29.862161, 29.911973, 29.959849, 30.01248, 30.063671, 30.113151, 30.168525, 30.225602, 30.273867, 30.319472, 30.363831, 30.410837, 30.454807, 30.514688, 30.519489, 30.527329, 30.572817, 30.623876, 30.670687, 30.719562, 30.758532, 30.804584, 30.855462, 30.884828, 30.906805, 30.89174, 30.903361, 30.945194, 30.956462, 30.929703, 30.930178, 30.928432, 30.984815, 31.003308, 31.010679, 31.013349, 30.98548, 30.932191, 30.880199, 30.832478, 30.788569, 30.738739, 30.692886, 30.64448, 30.604539, 30.562272, 30.523462, 30.483989, 30.447485, 30.409383, 30.372225, 30.333764], [6.079704, 6.083808, 6.085898, 6.083333, 6.092695, 6.140317, 6.188125, 6.233161, 6.212549, 6.176303, 6.140142, 6.108103, 6.075462, 6.039179, 6.003742, 5.965948, 5.933473, 5.910773, 5.912902, 5.908895, 5.89702, 5.900881, 5.890806, 5.891432, 5.897343, 5.889755, 5.883193, 5.880946, 5.874287, 5.873921, 5.864185, 5.864378, 5.864484, 5.862668, 5.863697, 5.862889, 5.851488, 5.851886, 5.799452, 5.747899, 5.694671, 5.639785, 5.588122, 5.530488, 5.476732, 5.426444, 5.373262, 5.32181, 5.267009, 5.20617, 5.154995, 5.104672, 5.052323, 5.000989, 4.952916, 4.899065, 4.847161, 4.793314, 4.743101, 4.690614, 4.638143, 4.585219, 4.546281, 4.528128, 4.478266, 4.423737, 4.369172, 4.316398, 4.262488, 4.243138, 4.190593, 4.136768, 4.087839, 4.076931, 4.046978, 4.042362, 4.028015, 3.988859, 3.939297, 3.8904, 3.845436, 3.795028, 3.764108, 3.72939, 3.731441, 3.68459, 3.793734, 3.793818, 3.77127, 3.739278, 3.717432, 3.706505, 3.675289, 3.630106, 3.594292, 3.550085, 3.502831, 3.552662, 3.58477, 3.627251, 3.677516, 3.63969, 3.639814, 3.619628, 3.610133, 3.650826, 3.700599, 3.751185, 3.799263, 3.845452, 3.836533, 3.865468, 3.883518, 3.911491, 3.923868, 3.948516, 3.936574, 3.983672, 4.03389, 4.081456, 4.111962, 4.127079, 4.161431, 4.210178, 4.210686, 4.256389, 4.306947, 4.337141, 4.342214, 4.362397, 4.411938, 4.463113, 4.514748, 4.55639, 4.600566, 4.625415, 4.648945, 4.651802, 4.653145, 4.673937, 4.696064, 4.702194, 4.686416, 4.659414, 4.633678, 4.610887, 4.639011, 4.670305, 4.724607, 4.777464, 4.811353, 4.824545, 4.84445, 4.864888, 4.899662, 4.930351, 4.929343, 4.975649, 5.0215, 5.076283, 5.130905, 5.166299, 5.219239, 5.264508, 5.315956, 5.373156, 5.385108, 5.440576, 5.492303, 5.546093, 5.589216, 5.609285, 5.633553, 5.65569, 5.680801, 5.702925, 5.730433, 5.754823, 5.793361, 5.834434, 5.86925, 5.906213, 5.943441, 5.978763, 6.013973, 6.050112]]]}