{"name": "East Equatoria", "bounding_box": [31.727594, 3.50499, 35.948997, 6.001865], "lat_idx": [171, 197], "lon_idx": [125, 168], "line": [[[31.799184, 31.774751, 31.750903, 31.732092, 31.754978, 31.808287, 31.861667, 31.911074, 31.96515, 31.99155, 31.997467, 32.002657, 32.055686, 32.071141, 32.069188, 32.067926, 32.070302, 32.03057, 32.074065, 32.126061, 32.127524, 32.130506, 32.145406, 32.144773, 32.157503, 32.160591, 32.16394, 32.161822, 32.141393, 32.126055, 32.114727, 32.100129, 32.100848, 32.100602, 32.109276, 32.101398, 32.107096, 32.105012, 32.10797, 32.109096, 32.111054, 32.11166, 32.111976, 32.114383, 32.170231, 32.224565, 32.278225, 32.333344, 32.384439, 32.440262, 32.493367, 32.545482, 32.604767, 32.660546, 32.711183, 32.762374, 32.816939, 32.872437, 32.934062, 32.990587, 33.040264, 33.093346, 33.150902, 33.20325, 33.25657, 33.31094, 33.361457, 33.414809, 33.465748, 33.519744, 33.574714, 33.637098, 33.695838, 33.751523, 33.81, 33.867106, 33.925625, 33.976778, 34.028912, 34.079902, 34.13017, 34.180965, 34.233194, 34.282256, 34.339777, 34.38919, 34.439204, 34.486532, 34.53927, 34.596378, 34.647958, 34.698772, 34.748174, 34.803916, 34.854949, 34.904547, 34.95997, 34.992877, 35.005981, 35.041308, 35.084731, 35.130149, 35.126028, 35.21368, 35.260634, 35.30583, 35.304979, 35.292596, 35.299566, 35.349206, 35.397703, 35.442548, 35.481729, 35.531969, 35.581913, 35.619218, 35.669559, 35.719987, 35.760132, 35.809008, 35.854226, 35.842453, 35.842013, 35.865188, 35.843971, 35.817471, 35.815175, 35.81287, 35.810562, 35.843403, 35.879295, 35.91386, 35.948997, 35.859834, 35.781285, 35.780753, 35.730497, 35.70355, 35.647446, 35.598761, 35.572221, 35.546846, 35.521833, 35.545034, 35.566086, 35.470029, 35.387914, 35.424446, 35.36636, 35.318515, 35.264068, 35.192811, 35.136707, 35.0842, 35.02781, 34.973366, 34.920759, 34.86754, 34.812253, 34.756584, 34.704207, 34.656476, 34.598979, 34.5489, 34.49669, 34.435196, 34.377002, 34.323273, 34.278334, 34.232604, 34.184249, 34.133002, 34.084905, 34.041072, 33.992061, 33.95102, 33.879478, 33.814834, 33.74644, 33.688297, 33.629133, 33.572704, 33.512466, 33.456544, 33.400588, 33.348821, 33.287014, 33.235337, 33.179357, 33.127235, 33.076624, 33.028629, 32.946958, 32.902362, 32.83915, 32.778613, 32.720028, 32.645958, 32.568433, 32.490998, 32.416433, 32.359772, 32.304919, 32.250312, 32.196457, 32.209159, 32.151527, 32.100595, 32.072722, 31.997282, 31.951979, 31.944577, 31.921015, 31.893335, 31.859276, 31.81014], [3.830966, 3.882244, 3.932121, 3.980252, 4.025037, 4.040885, 4.042643, 4.070218, 4.086416, 4.136768, 4.190593, 4.243479, 4.247661, 4.296545, 4.351314, 4.405134, 4.458832, 4.496862, 4.531596, 4.541372, 4.591554, 4.648208, 4.702177, 4.756066, 4.81093, 4.868516, 4.924371, 4.976333, 5.033136, 5.087897, 5.141704, 5.193979, 5.246394, 5.299775, 5.369671, 5.420959, 5.476732, 5.530488, 5.582122, 5.633931, 5.687666, 5.740966, 5.792665, 5.848611, 5.850595, 5.849353, 5.849235, 5.849787, 5.848759, 5.850043, 5.851677, 5.849664, 5.85008, 5.850221, 5.849806, 5.852104, 5.854799, 5.857354, 5.851175, 5.855675, 5.845688, 5.846689, 5.841732, 5.847088, 5.848573, 5.83868, 5.832846, 5.835876, 5.820419, 5.815344, 5.803711, 5.799241, 5.785226, 5.779847, 5.763109, 5.759739, 5.746553, 5.742991, 5.740123, 5.730248, 5.720021, 5.737153, 5.754757, 5.770575, 5.789902, 5.80043, 5.815768, 5.837946, 5.850254, 5.86835, 5.886573, 5.900452, 5.915777, 5.935633, 5.954424, 5.965275, 5.98495, 5.947022, 5.898722, 5.838, 5.764414, 5.687448, 5.624417, 5.565493, 5.533928, 5.503546, 5.453345, 5.404661, 5.355083, 5.347175, 5.361885, 5.384676, 5.415931, 5.421485, 5.417851, 5.383553, 5.386831, 5.387429, 5.357134, 5.345109, 5.323233, 5.274336, 5.223772, 5.179281, 5.133877, 5.065697, 4.988388, 4.91073, 4.833009, 4.751724, 4.710702, 4.671197, 4.631039, 4.625081, 4.625081, 4.67984, 4.678587, 4.636226, 4.606965, 4.62404, 4.669308, 4.714994, 4.760028, 4.851739, 4.897955, 4.929566, 4.917136, 4.993944, 5.007415, 4.977742, 4.943973, 4.965538, 4.942266, 4.920486, 4.899332, 4.878908, 4.859174, 4.83921, 4.81847, 4.797587, 4.777939, 4.760034, 4.730621, 4.705003, 4.678294, 4.646836, 4.617067, 4.563137, 4.518029, 4.472127, 4.423592, 4.372152, 4.323874, 4.273611, 4.218628, 4.178446, 4.1084, 4.045109, 3.978145, 3.921219, 3.863292, 3.808044, 3.749066, 3.753633, 3.758203, 3.762431, 3.767479, 3.771699, 3.776271, 3.815849, 3.854279, 3.890723, 3.840811, 3.813557, 3.796747, 3.780648, 3.765069, 3.75915, 3.752955, 3.746767, 3.740808, 3.703532, 3.667445, 3.63152, 3.596088, 3.54673, 3.517529, 3.529912, 3.571465, 3.58687, 3.613655, 3.663533, 3.710699, 3.75308, 3.793484, 3.830903]]]}