{"name": "Jungoli", "bounding_box": [30.209439, 5.720021, 35.022058, 9.516082], "lat_idx": [193, 232], "lon_idx": [110, 159], "line": [[[33.035519, 33.006066, 33.011928, 33.01532, 33.047831, 33.095973, 33.145231, 33.195563, 33.245875, 33.285254, 33.31875, 33.366102, 33.415157, 33.463713, 33.509846, 33.542543, 33.593063, 33.643289, 33.687661, 33.731812, 33.763902, 33.803754, 33.852023, 33.897725, 33.917289, 33.95685, 33.993118, 34.010913, 34.030835, 34.038339, 34.036082, 34.079198, 34.112887, 34.157454, 34.191254, 34.195938, 34.221339, 34.270561, 34.294003, 34.331544, 34.379995, 34.430428, 34.48037, 34.515496, 34.534922, 34.534773, 34.567006, 34.616579, 34.665982, 34.70896, 34.728321, 34.766299, 34.816599, 34.86707, 34.910293, 34.94282, 34.974239, 35.012785, 35.012347, 34.990523, 34.989258, 34.961403, 34.961003, 34.977038, 34.966676, 34.988438, 34.996175, 34.969315, 34.916383, 34.866886, 34.814177, 34.762679, 34.708609, 34.654772, 34.606045, 34.549275, 34.499436, 34.446331, 34.397749, 34.339777, 34.282256, 34.233194, 34.180965, 34.13017, 34.079902, 34.028912, 33.976778, 33.925625, 33.875101, 33.819146, 33.763695, 33.708924, 33.650101, 33.596517, 33.537009, 33.482077, 33.423948, 33.370271, 33.314683, 33.25657, 33.20325, 33.150902, 33.093346, 33.040264, 32.990587, 32.934062, 32.880626, 32.830081, 32.77302, 32.717099, 32.660546, 32.604767, 32.545482, 32.493367, 32.440262, 32.384439, 32.333344, 32.278225, 32.224565, 32.170231, 32.114383, 32.060124, 32.011221, 31.956919, 31.90687, 31.851298, 31.799629, 31.741854, 31.685459, 31.663421, 31.640532, 31.617035, 31.590385, 31.566511, 31.549541, 31.527619, 31.503414, 31.479167, 31.451671, 31.428056, 31.396653, 31.373083, 31.341349, 31.30998, 31.287818, 31.262871, 31.227105, 31.201786, 31.164367, 31.117643, 31.0808, 31.037161, 31.004441, 30.965232, 30.923001, 30.879463, 30.841536, 30.798004, 30.755098, 30.704826, 30.689526, 30.674052, 30.667351, 30.63975, 30.616518, 30.589261, 30.564759, 30.529984, 30.507699, 30.511442, 30.53469, 30.541235, 30.527301, 30.501427, 30.469663, 30.440515, 30.42139, 30.394904, 30.34471, 30.327568, 30.330467, 30.339879, 30.345077, 30.363445, 30.366907, 30.353092, 30.315738, 30.289839, 30.323589, 30.288016, 30.242817, 30.26011, 30.244173, 30.229335, 30.219837, 30.214038, 30.249235, 30.277187, 30.314274, 30.345843, 30.379241, 30.376893, 30.361805, 30.355856, 30.391163, 30.421416, 30.4578, 30.492717, 30.55098, 30.603914, 30.658109, 30.708738, 30.759119, 30.814573, 30.870374, 30.922757, 30.973126, 31.021935, 31.074808, 31.129744, 31.177713, 31.2261, 31.273689, 31.322407, 31.376676, 31.428985, 31.481875, 31.525134, 31.570376, 31.609306, 31.657866, 31.70817, 31.759404, 31.793311, 31.807535, 31.808532, 31.769922, 31.772098, 31.784263, 31.803872, 31.821774, 31.843199, 31.878344, 31.916148, 31.960713, 32.016301, 32.055891, 32.094266, 32.140131, 32.187782, 32.235181, 32.276613, 32.312808, 32.343107, 32.377327, 32.415391, 32.427319, 32.410183, 32.461118, 32.510307, 32.530287, 32.54489, 32.561598, 32.56811, 32.586574, 32.602728, 32.615697, 32.627622, 32.64608, 32.694408, 32.742981, 32.789795, 32.840177, 32.879755, 32.923806, 32.901292, 32.888639, 32.869137, 32.860576, 32.836178, 32.879143, 32.931948, 32.985935], [7.990756, 7.949392, 7.899505, 7.849073, 7.811055, 7.797006, 7.788217, 7.783144, 7.779198, 7.748244, 7.711007, 7.727442, 7.739915, 7.752174, 7.73177, 7.693688, 7.69397, 7.693474, 7.669785, 7.644705, 7.605768, 7.575026, 7.559698, 7.539335, 7.492649, 7.461192, 7.426696, 7.379839, 7.333313, 7.283241, 7.233169, 7.207604, 7.170116, 7.147196, 7.110193, 7.059758, 7.015221, 7.002503, 6.958195, 6.925124, 6.912301, 6.908766, 6.905444, 6.869062, 6.821914, 6.771852, 6.733427, 6.72364, 6.712342, 6.686662, 6.640365, 6.607068, 6.606727, 6.606579, 6.580617, 6.542277, 6.502573, 6.469649, 6.419531, 6.374143, 6.323334, 6.281143, 6.23081, 6.18291, 6.133159, 6.087849, 6.038207, 5.990556, 5.971155, 5.95815, 5.937459, 5.920835, 5.903092, 5.888034, 5.871316, 5.853816, 5.839848, 5.818792, 5.802705, 5.789902, 5.770575, 5.754757, 5.737153, 5.720021, 5.730248, 5.740123, 5.742991, 5.746553, 5.758503, 5.761164, 5.775615, 5.783891, 5.797308, 5.800923, 5.81319, 5.814713, 5.831307, 5.832791, 5.839762, 5.848573, 5.847088, 5.841732, 5.846689, 5.845688, 5.855675, 5.851175, 5.856622, 5.857343, 5.854929, 5.849753, 5.850221, 5.85008, 5.849664, 5.851677, 5.850043, 5.848759, 5.849787, 5.849235, 5.849353, 5.850595, 5.848611, 5.851343, 5.861848, 5.861967, 5.864835, 5.8597, 5.861788, 5.863702, 5.892055, 5.94295, 5.991576, 6.040645, 6.087275, 6.135323, 6.185864, 6.238663, 6.291665, 6.336253, 6.382176, 6.427955, 6.467656, 6.514604, 6.555716, 6.616626, 6.661755, 6.706051, 6.744079, 6.787883, 6.828121, 6.856297, 6.892191, 6.924047, 6.966009, 7.002189, 7.034866, 7.067677, 7.102204, 7.138114, 7.172667, 7.214726, 7.267983, 7.319276, 7.373909, 7.42213, 7.470786, 7.518463, 7.566033, 7.608214, 7.659867, 7.712077, 7.761597, 7.819332, 7.871395, 7.926966, 7.971036, 8.014698, 8.061758, 8.104722, 8.111403, 8.161016, 8.219129, 8.275426, 8.332291, 8.381638, 8.43475, 8.483839, 8.522154, 8.587173, 8.624471, 8.666245, 8.691509, 8.742472, 8.790957, 8.840219, 8.915437, 8.966154, 9.004795, 9.047242, 9.088899, 9.128923, 9.169343, 9.220965, 9.276077, 9.326514, 9.383153, 9.42337, 9.460516, 9.502417, 9.507307, 9.504084, 9.499153, 9.495465, 9.493262, 9.495405, 9.499868, 9.50135, 9.487112, 9.470121, 9.450767, 9.437767, 9.422926, 9.410261, 9.393948, 9.378432, 9.364846, 9.347867, 9.349437, 9.376073, 9.350042, 9.30804, 9.289522, 9.282548, 9.279189, 9.239336, 9.18974, 9.137369, 9.098276, 9.046495, 8.993452, 8.942211, 8.894371, 8.848857, 8.803047, 8.765575, 8.738434, 8.756761, 8.793613, 8.836248, 8.866889, 8.885225, 8.913818, 8.94876, 8.995526, 9.040115, 9.081355, 9.045548, 8.995202, 8.942764, 8.91914, 8.909403, 8.859237, 8.803139, 8.749955, 8.70025, 8.649137, 8.598038, 8.548634, 8.495925, 8.43412, 8.411684, 8.384622, 8.360414, 8.336954, 8.304365, 8.27369, 8.223418, 8.171812, 8.121584, 8.066513, 8.017161, 7.988352, 7.980109, 7.986909]]]}