{"name": "North Bahr-al-Ghazal", "bounding_box": [26.134083, 7.895638, 28.036385, 9.866408], "lat_idx": [215, 236], "lon_idx": [69, 89], "line": [[[26.231326, 26.260296, 26.288678, 26.308283, 26.345882, 26.393915, 26.492791, 26.547766, 26.596753, 26.702774, 26.79863, 26.889681, 26.976185, 27.02364, 27.082068, 27.14236, 27.198441, 27.250448, 27.327276, 27.41105, 27.499994, 27.565195, 27.630701, 27.690553, 27.75001, 27.82228, 27.903755, 27.927701, 27.952504, 27.976527, 27.999836, 28.021762, 28.027391, 28.004647, 27.981522, 27.957204, 27.935314, 27.913102, 27.891211, 27.870584, 27.912381, 27.956338, 27.970251, 27.980874, 27.994366, 27.967647, 27.926042, 27.944214, 27.955297, 27.917635, 27.871832, 27.802663, 27.77608, 27.751832, 27.735815, 27.689314, 27.639104, 27.590297, 27.539945, 27.486078, 27.432426, 27.384369, 27.334547, 27.290841, 27.241812, 27.200036, 27.146617, 27.099972, 27.055077, 27.004423, 26.96362, 26.915501, 26.86, 26.813085, 26.754594, 26.70398, 26.660278, 26.616091, 26.565916, 26.522407, 26.476022, 26.43297, 26.380932, 26.336831, 26.291363, 26.27389, 26.256449, 26.245073, 26.240208, 26.222745, 26.227784, 26.200565, 26.201123, 26.194377, 26.191872, 26.178632, 26.171297, 26.14693, 26.143649, 26.140892, 26.136026, 26.137198, 26.145035, 26.152121, 26.153704, 26.162247, 26.168008, 26.172426, 26.174976, 26.177287, 26.187804, 26.195154, 26.196325, 26.200657, 26.208812], [9.866408, 9.78288, 9.701048, 9.645273, 9.594234, 9.564064, 9.537175, 9.522225, 9.511689, 9.488887, 9.513897, 9.548545, 9.583591, 9.602816, 9.61441, 9.626374, 9.62739, 9.628333, 9.626879, 9.625293, 9.623609, 9.619193, 9.614756, 9.610702, 9.606675, 9.605818, 9.612355, 9.565206, 9.521573, 9.47181, 9.424884, 9.37542, 9.321767, 9.275682, 9.230522, 9.182591, 9.127116, 9.074161, 9.020709, 8.973575, 8.916414, 8.888734, 8.835341, 8.785451, 8.730613, 8.683587, 8.650152, 8.60332, 8.553449, 8.517284, 8.495849, 8.49178, 8.444776, 8.400237, 8.35041, 8.319501, 8.301454, 8.279401, 8.268329, 8.249604, 8.231889, 8.208889, 8.190857, 8.162187, 8.146731, 8.115444, 8.089316, 8.067156, 8.039044, 8.015827, 7.982138, 7.96058, 7.937649, 7.904795, 7.917088, 7.950434, 7.977494, 8.002243, 8.033926, 8.06342, 8.089052, 8.120237, 8.150396, 8.179807, 8.20795, 8.256019, 8.308814, 8.358009, 8.412809, 8.466106, 8.525883, 8.601897, 8.660263, 8.711986, 8.766309, 8.815867, 8.869872, 8.919482, 8.97816, 9.031533, 9.086646, 9.143027, 9.20839, 9.263771, 9.317797, 9.370028, 9.424727, 9.480368, 9.531935, 9.582099, 9.636467, 9.692061, 9.749472, 9.800448, 9.856259]]]}