{"name": "Unity", "bounding_box": [28.701851, 7.068426, 30.843851, 10.288068], "lat_idx": [207, 240], "lon_idx": [95, 117], "line": [[[29.003883, 29.03569, 29.082846, 29.174458, 29.271282, 29.377096, 29.430349, 29.483602, 29.535406, 29.537498, 29.537497, 29.537496, 29.537495, 29.537492, 29.590858, 29.63933, 29.688374, 29.739331, 29.791958, 29.840149, 29.888644, 29.941108, 29.999998, 30.083416, 30.133164, 30.181482, 30.227181, 30.306673, 30.349753, 30.396452, 30.483612, 30.529879, 30.56936, 30.608182, 30.662985, 30.717864, 30.758947, 30.814504, 30.838364, 30.815613, 30.767538, 30.756182, 30.756497, 30.701349, 30.645606, 30.591442, 30.533266, 30.480883, 30.442397, 30.414897, 30.379823, 30.357334, 30.364666, 30.383848, 30.37141, 30.336291, 30.301293, 30.269469, 30.234721, 30.211594, 30.224404, 30.232521, 30.246778, 30.253401, 30.267466, 30.308493, 30.303234, 30.301314, 30.345257, 30.369753, 30.365734, 30.347532, 30.339758, 30.333262, 30.3296, 30.330054, 30.376881, 30.407972, 30.434751, 30.465859, 30.49486, 30.517006, 30.541199, 30.537595, 30.521736, 30.510099, 30.524891, 30.555572, 30.577605, 30.60669, 30.633265, 30.654377, 30.675596, 30.676403, 30.695901, 30.656032, 30.610284, 30.583656, 30.558505, 30.514668, 30.46307, 30.411753, 30.358121, 30.303012, 30.250288, 30.213978, 30.185914, 30.167724, 30.142421, 30.115743, 30.099306, 30.079885, 30.057912, 30.036775, 30.016694, 29.99488, 29.966506, 29.947072, 29.929454, 29.874282, 29.821335, 29.765755, 29.713523, 29.703344, 29.693862, 29.692038, 29.683247, 29.680857, 29.676669, 29.672288, 29.665112, 29.664685, 29.655592, 29.636116, 29.593601, 29.552256, 29.503231, 29.466922, 29.424233, 29.386361, 29.346134, 29.299644, 29.260397, 29.237454, 29.213658, 29.191135, 29.168781, 29.140297, 29.116727, 29.075803, 29.024116, 28.971922, 28.917364, 28.864939, 28.811085, 28.758426, 28.708396, 28.743187, 28.784709, 28.786082, 28.797276, 28.802219, 28.797076, 28.767927, 28.766819, 28.794069, 28.825763, 28.867158, 28.904264, 28.942164, 28.98163], [9.678444, 9.718208, 9.735296, 9.749999, 9.749999, 9.749999, 9.75, 9.75, 9.75, 9.818848, 9.87625, 9.928812, 9.987598, 10.081953, 10.109203, 10.133955, 10.158999, 10.18502, 10.211893, 10.236502, 10.261265, 10.288055, 10.288068, 10.236468, 10.205695, 10.175806, 10.147538, 10.098366, 10.071718, 10.042831, 9.988916, 9.960296, 9.928058, 9.896358, 9.851609, 9.806797, 9.77325, 9.727885, 9.683012, 9.634744, 9.614044, 9.556635, 9.505123, 9.495409, 9.499308, 9.505692, 9.51034, 9.490671, 9.451596, 9.409115, 9.370192, 9.316005, 9.258723, 9.208925, 9.156719, 9.117161, 9.0786, 9.036537, 8.993682, 8.948881, 8.884638, 8.832635, 8.782526, 8.72763, 8.679561, 8.647172, 8.593129, 8.533041, 8.502392, 8.45139, 8.395274, 8.346597, 8.295465, 8.245259, 8.19242, 8.140813, 8.112203, 8.07303, 8.025001, 7.985267, 7.937583, 7.883856, 7.831501, 7.777341, 7.727417, 7.674524, 7.624087, 7.57735, 7.529944, 7.483567, 7.439219, 7.39194, 7.346423, 7.29549, 7.248723, 7.217987, 7.187808, 7.143321, 7.095878, 7.069671, 7.070159, 7.079724, 7.085775, 7.08809, 7.089353, 7.135704, 7.184133, 7.236646, 7.29601, 7.344527, 7.392778, 7.439497, 7.487591, 7.535538, 7.582588, 7.632975, 7.69655, 7.744031, 7.792733, 7.804408, 7.811645, 7.823511, 7.830015, 7.883948, 7.934931, 7.993186, 8.048477, 8.104764, 8.156278, 8.210453, 8.264581, 8.318625, 8.369408, 8.415944, 8.447279, 8.476594, 8.504859, 8.54014, 8.566439, 8.61065, 8.643415, 8.679008, 8.711197, 8.755796, 8.801828, 8.848201, 8.9061, 8.949628, 9.002422, 9.039256, 9.037066, 9.037241, 9.035052, 9.031893, 9.028937, 9.029798, 9.024766, 9.067467, 9.106578, 9.157284, 9.210316, 9.265705, 9.318662, 9.362918, 9.413122, 9.459013, 9.505937, 9.540749, 9.579838, 9.616542, 9.65214]]]}