{"name": "Upper Nile", "bounding_box": [30.756117, 7.979316, 34.145517, 12.236389], "lat_idx": [216, 259], "lon_idx": [116, 150], "line": [[[33.035519, 32.978739, 32.924555, 32.872546, 32.838856, 32.861963, 32.873595, 32.889863, 32.904579, 32.922239, 32.873915, 32.83415, 32.781735, 32.737105, 32.689764, 32.641301, 32.62271, 32.609586, 32.597099, 32.586476, 32.566421, 32.554896, 32.539612, 32.527596, 32.49423, 32.441078, 32.426075, 32.426851, 32.403619, 32.354222, 32.32519, 32.290997, 32.257596, 32.210972, 32.165602, 32.118265, 32.075433, 32.042189, 32.00111, 31.945328, 31.903883, 31.864131, 31.833877, 31.812743, 31.791811, 31.780716, 31.76041, 31.79483, 31.808762, 31.798203, 31.786376, 31.732022, 31.678517, 31.626541, 31.589778, 31.555065, 31.503783, 31.457949, 31.404844, 31.35218, 31.303039, 31.253158, 31.204474, 31.149502, 31.099389, 31.049093, 30.994993, 30.944311, 30.890815, 30.838561, 30.784987, 30.757189, 30.757774, 30.789868, 30.838635, 30.829307, 30.879246, 30.962929, 31.047304, 31.137211, 31.230554, 31.281783, 31.338275, 31.396397, 31.453407, 31.491396, 31.525218, 31.589826, 31.646494, 31.707329, 31.778334, 31.811774, 31.875178, 31.913011, 31.951005, 31.988613, 32.034728, 32.113027, 32.195954, 32.239593, 32.287735, 32.334835, 32.373972, 32.412243, 32.46973, 32.432587, 32.391111, 32.391111, 32.391111, 32.391111, 32.391111, 32.391111, 32.391111, 32.391111, 32.391111, 32.31638, 32.241681, 32.200882, 32.128966, 32.203008, 32.261465, 32.321207, 32.372598, 32.425274, 32.480519, 32.581373, 32.635976, 32.687367, 32.740247, 32.756409, 32.750809, 32.748108, 32.74044, 32.742292, 32.817173, 32.872838, 32.93133, 32.996521, 33.054975, 33.111763, 33.200614, 33.294407, 33.260832, 33.246479, 33.229894, 33.219486, 33.210355, 33.200932, 33.191218, 33.180281, 33.151455, 33.143856, 33.152442, 33.168627, 33.177517, 33.194652, 33.211066, 33.227973, 33.236369, 33.24507, 33.253883, 33.262623, 33.271098, 33.246094, 33.312723, 33.375532, 33.441673, 33.517171, 33.554075, 33.588828, 33.626924, 33.668327, 33.71071, 33.755281, 33.803667, 33.83027, 33.879801, 33.932434, 33.967432, 33.986672, 33.994605, 33.988591, 33.990618, 33.972288, 33.964629, 33.941723, 33.908078, 33.896505, 33.891402, 33.884447, 33.878119, 33.931022, 33.986326, 34.046381, 34.106669, 34.11205, 34.11759, 34.123356, 34.128671, 34.134221, 34.139653, 34.145517, 34.145517, 34.145517, 34.145517, 34.145517, 34.145517, 34.145517, 34.145517, 34.144714, 34.110251, 34.068331, 34.032991, 33.98518, 33.935168, 33.890989, 33.878202, 33.831629, 33.787792, 33.737539, 33.688968, 33.679068, 33.636721, 33.588335, 33.541602, 33.492815, 33.453278, 33.403703, 33.353758, 33.304183, 33.254376, 33.217409, 33.189116, 33.197596, 33.17111, 33.204924, 33.171092, 33.18567, 33.159148, 33.121465, 33.082217, 33.044101], [7.990756, 7.986432, 7.979316, 7.98765, 8.025385, 8.073979, 8.127539, 8.180412, 8.232227, 8.281156, 8.30708, 8.339264, 8.364405, 8.386962, 8.415344, 8.462589, 8.510492, 8.564819, 8.613581, 8.666332, 8.714393, 8.765954, 8.821144, 8.875718, 8.916095, 8.9228, 8.972268, 9.024737, 9.074249, 9.051123, 9.007761, 8.970161, 8.928013, 8.901695, 8.875084, 8.85271, 8.822493, 8.783571, 8.744076, 8.747874, 8.778181, 8.813305, 8.874599, 8.923796, 8.975843, 9.029472, 9.081993, 9.121953, 9.170417, 9.220065, 9.268938, 9.28198, 9.28873, 9.291336, 9.333741, 9.37014, 9.367973, 9.343102, 9.358535, 9.37097, 9.388577, 9.40148, 9.419139, 9.431417, 9.449725, 9.467242, 9.475404, 9.495037, 9.495587, 9.492141, 9.493324, 9.537966, 9.58851, 9.627236, 9.648813, 9.701606, 9.75, 9.749999, 9.749999, 9.749999, 9.754772, 9.759613, 9.791879, 9.853565, 9.92109, 9.966085, 10.006146, 10.082669, 10.14979, 10.221845, 10.28889, 10.338064, 10.443723, 10.512615, 10.581799, 10.650279, 10.675371, 10.717977, 10.784411, 10.827915, 10.875907, 10.922861, 10.961876, 11.000029, 11.043305, 11.108265, 11.180805, 11.25214, 11.323725, 11.389679, 11.457243, 11.52561, 11.586739, 11.646259, 11.706235, 11.768352, 11.830444, 11.864356, 11.924135, 11.95105, 11.951051, 11.951051, 11.951051, 11.951051, 11.951051, 11.951051, 11.951051, 11.951051, 11.951051, 11.99918, 12.050672, 12.106801, 12.15673, 12.211227, 12.234622, 12.232722, 12.230725, 12.228499, 12.226503, 12.224564, 12.22153, 12.218957, 12.181785, 12.111398, 12.020853, 11.964036, 11.914184, 11.862742, 11.80971, 11.750004, 11.668624, 11.581908, 11.531032, 11.43512, 11.382438, 11.280897, 11.183635, 11.083444, 11.033691, 10.982131, 10.929905, 10.878117, 10.827894, 10.777746, 10.744515, 10.71319, 10.680203, 10.64255, 10.593539, 10.547387, 10.496793, 10.441809, 10.408585, 10.373645, 10.335715, 10.292004, 10.210622, 10.159387, 10.122036, 10.074387, 10.022574, 9.971339, 9.92079, 9.873081, 9.822316, 9.777646, 9.738858, 9.688701, 9.636166, 9.584788, 9.530616, 9.499999, 9.5, 9.5, 9.500001, 9.435296, 9.368663, 9.299327, 9.235398, 9.168658, 9.103324, 9.032806, 8.977908, 8.923012, 8.869424, 8.815836, 8.764862, 8.712581, 8.656202, 8.606147, 8.569609, 8.542249, 8.506144, 8.491186, 8.496198, 8.472165, 8.423218, 8.404155, 8.379831, 8.373879, 8.387532, 8.436921, 8.464365, 8.447686, 8.467717, 8.478805, 8.448118, 8.440335, 8.449107, 8.45618, 8.448319, 8.414008, 8.370317, 8.320881, 8.278132, 8.239872, 8.202641, 8.154251, 8.111296, 8.078205, 8.046864, 8.013093]]]}