{"name": "West Bahr-al-Ghazal", "bounding_box": [23.440849, 6.647834, 28.534497, 10.438989], "lat_idx": [202, 241], "lon_idx": [42, 94], "line": [[[27.898552, 27.903934, 27.911004, 27.916606, 27.893149, 27.873521, 27.869777, 27.867917, 27.865139, 27.91661, 27.969043, 28.018747, 28.075309, 28.127371, 28.16863, 28.200881, 28.228175, 28.254764, 28.288618, 28.313393, 28.291287, 28.29162, 28.327229, 28.372646, 28.411055, 28.453532, 28.490542, 28.531567, 28.526699, 28.515715, 28.508664, 28.504436, 28.49343, 28.496841, 28.496473, 28.496226, 28.495573, 28.495601, 28.495122, 28.497323, 28.476459, 28.425425, 28.369812, 28.313149, 28.260873, 28.206771, 28.151002, 28.098415, 28.047603, 27.999687, 27.952339, 27.898843, 27.84474, 27.790609, 27.734774, 27.681364, 27.631326, 27.574784, 27.521069, 27.466621, 27.40998, 27.358692, 27.303135, 27.249396, 27.195275, 27.139233, 27.084136, 27.033992, 26.982049, 26.927529, 26.871918, 26.817119, 26.761299, 26.710556, 26.660439, 26.606194, 26.551212, 26.497322, 26.441934, 26.391834, 26.330528, 26.277611, 26.217501, 26.180389, 26.134695, 26.089083, 26.091139, 26.041916, 26.048778, 26.0, 25.932722, 25.89275, 25.858389, 25.808861, 25.746611, 25.702528, 25.6425, 25.595306, 25.544416, 25.496529, 25.454445, 25.40275, 25.349472, 25.341333, 25.294195, 25.246529, 25.196388, 25.194279, 25.216972, 25.263555, 25.302528, 25.281555, 25.291195, 25.255417, 25.219668, 25.173639, 25.113722, 25.070194, 25.009111, 24.971277, 24.937056, 24.900807, 24.893583, 24.869278, 24.824612, 24.773167, 24.728556, 24.678528, 24.629999, 24.583084, 24.528778, 24.489111, 24.449722, 24.39825, 24.350056, 24.301195, 24.251417, 24.205055, 24.172861, 24.155806, 24.161417, 24.178667, 24.208723, 24.245138, 24.233194, 24.246302, 24.200636, 24.150509, 24.100003, 24.051034, 24.000927, 23.958631, 23.907141, 23.855703, 23.805828, 23.754381, 23.70447, 23.653219, 23.603823, 23.56341, 23.522448, 23.512678, 23.537259, 23.571708, 23.582429, 23.583479, 23.534898, 23.486459, 23.450495, 23.45681, 23.465946, 23.485284, 23.533893, 23.577989, 23.613001, 23.651632, 23.636151, 23.638833, 23.663858, 23.635952, 23.640236, 23.629757, 23.696254, 23.755122, 23.819259, 23.888178, 23.95564, 24.006501, 24.058687, 24.108199, 24.115532, 24.165138, 24.213298, 24.250713, 24.300614, 24.348613, 24.395685, 24.433557, 24.482218, 24.531093, 24.581329, 24.628815, 24.67856, 24.717274, 24.758412, 24.805324, 24.849197, 24.890191, 24.931715, 24.977178, 24.985988, 25.010477, 25.042203, 25.04815, 25.07359, 25.038451, 25.050535, 25.057021, 25.083339, 25.12671, 25.176743, 25.210788, 25.258653, 25.307005, 25.352539, 25.40316, 25.453445, 25.503478, 25.549526, 25.599742, 25.649835, 25.699738, 25.74746, 25.797124, 25.84465, 25.89508, 25.933123, 25.932814, 25.932517, 25.932219, 25.987946, 26.029749, 26.078324, 26.116668, 26.177625, 26.230606, 26.199624, 26.197362, 26.194065, 26.191725, 26.179375, 26.177178, 26.174868, 26.169927, 26.165857, 26.155547, 26.155164, 26.149662, 26.137281, 26.134227, 26.13605, 26.139363, 26.144487, 26.168258, 26.178009, 26.185393, 26.19573, 26.195634, 26.204299, 26.214674, 26.229246, 26.225021, 26.243026, 26.250347, 26.262665, 26.276884, 26.315722, 26.357569, 26.403966, 26.448438, 26.492975, 26.541443, 26.583184, 26.626788, 26.678489, 26.725163, 26.773576, 26.831731, 26.880034, 26.92197, 26.968382, 27.010504, 27.058974, 27.109143, 27.154717, 27.208085, 27.267117, 27.31263, 27.360204, 27.408733, 27.463899, 27.51107, 27.564171, 27.613166, 27.669173, 27.717215, 27.743968, 27.762937, 27.788332, 27.82754, 27.882266], [8.499404, 8.447613, 8.394901, 8.343131, 8.297468, 8.250044, 8.197418, 8.1432, 8.087899, 8.071931, 8.062112, 8.050454, 8.040885, 8.027313, 7.995542, 7.952243, 7.909791, 7.867271, 7.82129, 7.774442, 7.725393, 7.669466, 7.628073, 7.584579, 7.552274, 7.51368, 7.474882, 7.441008, 7.386726, 7.332941, 7.281524, 7.231691, 7.181909, 7.130895, 7.07762, 7.024715, 6.969427, 6.915941, 6.861777, 6.806662, 6.75896, 6.754508, 6.751536, 6.749553, 6.749477, 6.746883, 6.748194, 6.747056, 6.740713, 6.765147, 6.793142, 6.797761, 6.794072, 6.784507, 6.783049, 6.775817, 6.775176, 6.767928, 6.761955, 6.75794, 6.746813, 6.746443, 6.743029, 6.736444, 6.726888, 6.722883, 6.718725, 6.716882, 6.707311, 6.700867, 6.701333, 6.693467, 6.682385, 6.677712, 6.679496, 6.670964, 6.664828, 6.659296, 6.650292, 6.661722, 6.697834, 6.709583, 6.749361, 6.787361, 6.818528, 6.851528, 6.908917, 6.925194, 6.974778, 7.009944, 7.042944, 7.073361, 7.111528, 7.125, 7.161139, 7.192028, 7.214305, 7.239944, 7.255972, 7.276333, 7.305139, 7.334917, 7.372972, 7.425139, 7.4505, 7.474945, 7.506084, 7.558445, 7.610139, 7.629528, 7.669805, 7.720472, 7.782805, 7.829639, 7.872611, 7.901166, 7.887361, 7.91225, 7.957639, 7.991139, 8.029388, 8.066417, 8.116834, 8.162556, 8.186444, 8.183416, 8.208167, 8.216556, 8.228778, 8.210944, 8.212, 8.244917, 8.278973, 8.275611, 8.2605, 8.272445, 8.282139, 8.304833, 8.344889, 8.392722, 8.445139, 8.493055, 8.533083, 8.567778, 8.618222, 8.667491, 8.68859, 8.691316, 8.688534, 8.701528, 8.702055, 8.729347, 8.719334, 8.723376, 8.717688, 8.722501, 8.727777, 8.734469, 8.747755, 8.718216, 8.74813, 8.798407, 8.841987, 8.880138, 8.929981, 8.981137, 8.965727, 8.979471, 9.015192, 9.066482, 9.117142, 9.164153, 9.177843, 9.204263, 9.24064, 9.273031, 9.323094, 9.373229, 9.417001, 9.458918, 9.508971, 9.558283, 9.671553, 9.670883, 9.670154, 9.669371, 9.668604, 9.668026, 9.667178, 9.67495, 9.724593, 9.732414, 9.746712, 9.780607, 9.78476, 9.800992, 9.784009, 9.816758, 9.829025, 9.81596, 9.814501, 9.798813, 9.805341, 9.837621, 9.808823, 9.791342, 9.816351, 9.84522, 9.873294, 9.895231, 9.944923, 9.989142, 10.028221, 10.078318, 10.121576, 10.157861, 10.207045, 10.256968, 10.30039, 10.326134, 10.320136, 10.35797, 10.342994, 10.356511, 10.378113, 10.381598, 10.377781, 10.383784, 10.403853, 10.405084, 10.405003, 10.410677, 10.426079, 10.419955, 10.404002, 10.403777, 10.333553, 10.280758, 10.230067, 10.179166, 10.162232, 10.131922, 10.058337, 10.000001, 9.947757, 9.868483, 9.826922, 9.770924, 9.716999, 9.666005, 9.608702, 9.5553, 9.499249, 9.441672, 9.391074, 9.33718, 9.280599, 9.228244, 9.172179, 9.117578, 9.058728, 9.002463, 8.946183, 8.8919, 8.837018, 8.785876, 8.731365, 8.681204, 8.62818, 8.571957, 8.514732, 8.457271, 8.400727, 8.346002, 8.29115, 8.240183, 8.19903, 8.162765, 8.141153, 8.108827, 8.07994, 8.051463, 8.023262, 7.994243, 7.961136, 7.942253, 7.907587, 7.91657, 7.941523, 7.969373, 7.988703, 8.019346, 8.042042, 8.070149, 8.09564, 8.118902, 8.15109, 8.172068, 8.200767, 8.220373, 8.238375, 8.256891, 8.273074, 8.288857, 8.310915, 8.327568, 8.371152, 8.417478, 8.461572, 8.494818, 8.497179]]]}