{"name": "West Equatoria", "bounding_box": [26.284445, 4.28069, 31.017784, 6.798119], "lat_idx": [179, 205], "lon_idx": [71, 119], "line": [[[29.812024, 29.76603, 29.716055, 29.677544, 29.632229, 29.582979, 29.532972, 29.500815, 29.468633, 29.475615, 29.447662, 29.439609, 29.406469, 29.36191, 29.34735, 29.297817, 29.25536, 29.20985, 29.175621, 29.136552, 29.089292, 29.050768, 29.008919, 28.960227, 28.909836, 28.859609, 28.810942, 28.804997, 28.754839, 28.714438, 28.68849, 28.661274, 28.609135, 28.577407, 28.526991, 28.49527, 28.464963, 28.418239, 28.373828, 28.355905, 28.304674, 28.254797, 28.204501, 28.168056, 28.145619, 28.095225, 28.0492, 28.039626, 28.013818, 27.963245, 27.922659, 27.874323, 27.839293, 27.790011, 27.784787, 27.770052, 27.772976, 27.743266, 27.701707, 27.675442, 27.628343, 27.577345, 27.53282, 27.512473, 27.471603, 27.458305, 27.413584, 27.374082, 27.332001, 27.295166, 27.272777, 27.248278, 27.238222, 27.238278, 27.260279, 27.27325, 27.236166, 27.237639, 27.211027, 27.172638, 27.12875, 27.080084, 27.028555, 27.0, 26.939362, 26.90275, 26.850361, 26.834167, 26.793194, 26.748667, 26.696167, 26.624777, 26.574333, 26.539139, 26.513611, 26.463499, 26.467388, 26.519361, 26.530222, 26.479999, 26.47311, 26.428778, 26.359806, 26.300501, 26.302389, 26.297777, 26.336083, 26.3675, 26.409805, 26.453313, 26.502972, 26.558673, 26.61129, 26.667996, 26.719829, 26.769572, 26.825271, 26.879165, 26.938129, 26.989444, 27.043494, 27.097405, 27.147443, 27.201783, 27.259045, 27.311663, 27.366123, 27.419204, 27.476741, 27.528963, 27.584738, 27.639682, 27.696008, 27.751847, 27.801907, 27.854816, 27.908565, 27.959976, 28.005317, 28.055547, 28.109576, 28.163855, 28.219885, 28.272853, 28.326628, 28.376545, 28.428718, 28.485611, 28.499468, 28.496425, 28.496934, 28.501692, 28.489672, 28.471351, 28.493444, 28.485905, 28.468065, 28.511445, 28.535111, 28.555276, 28.565808, 28.604061, 28.652354, 28.689904, 28.715531, 28.747866, 28.772537, 28.807181, 28.850014, 28.890888, 28.939001, 28.986104, 29.042468, 29.092512, 29.148186, 29.198216, 29.250293, 29.303075, 29.35445, 29.411993, 29.465175, 29.5159, 29.56978, 29.579957, 29.583884, 29.602455, 29.613093, 29.624415, 29.659439, 29.704233, 29.74668, 29.790256, 29.787189, 29.788085, 29.787007, 29.797821, 29.853258, 29.879621, 29.900375, 29.94115, 29.988152, 30.041317, 30.099542, 30.134142, 30.147392, 30.171772, 30.196083, 30.202686, 30.247193, 30.309592, 30.342615, 30.384302, 30.420254, 30.455364, 30.494088, 30.537139, 30.57257, 30.613796, 30.655105, 30.703048, 30.745413, 30.796126, 30.84436, 30.894278, 30.946432, 30.993596, 31.01149, 31.010221, 31.003526, 30.976305, 30.929761, 30.929986, 30.944778, 30.955582, 30.928742, 30.896503, 30.908433, 30.900457, 30.874302, 30.821322, 30.771188, 30.730275, 30.685667, 30.635913, 30.580645, 30.527329, 30.519489, 30.514973, 30.469473, 30.424635, 30.374429, 30.329112, 30.289172, 30.238695, 30.183504, 30.132964, 30.086659, 30.033829, 29.982307, 29.934557, 29.883027, 29.838494], [4.56356, 4.58611, 4.595701, 4.628551, 4.652294, 4.661171, 4.656352, 4.695818, 4.657189, 4.607345, 4.56571, 4.516161, 4.476508, 4.452036, 4.402313, 4.3938, 4.366439, 4.345559, 4.382019, 4.414843, 4.433655, 4.465982, 4.49516, 4.481685, 4.476039, 4.483556, 4.495674, 4.545636, 4.544741, 4.513746, 4.470216, 4.426506, 4.422415, 4.382035, 4.381305, 4.342286, 4.300662, 4.280768, 4.305907, 4.35283, 4.361251, 4.348414, 4.354574, 4.389148, 4.433941, 4.438095, 4.460774, 4.512087, 4.55544, 4.564678, 4.535377, 4.553643, 4.592507, 4.608024, 4.658242, 4.70617, 4.757226, 4.798048, 4.8265, 4.870597, 4.892898, 4.888064, 4.914108, 4.960735, 4.99015, 5.069417, 5.114944, 5.173028, 5.204528, 5.24075, 5.292278, 5.340556, 5.390528, 5.445722, 5.509361, 5.566306, 5.601583, 5.652833, 5.703889, 5.740111, 5.781, 5.798028, 5.814167, 5.859889, 5.864278, 5.898861, 5.894778, 5.953306, 5.990445, 6.014639, 6.019722, 6.020139, 6.030972, 6.068278, 6.115861, 6.081194, 6.132833, 6.169111, 6.225083, 6.228083, 6.28075, 6.304139, 6.350472, 6.395139, 6.446556, 6.497611, 6.546195, 6.587472, 6.621528, 6.649718, 6.659909, 6.666293, 6.672052, 6.680298, 6.67848, 6.683591, 6.695755, 6.70145, 6.701873, 6.707969, 6.719, 6.720463, 6.723839, 6.727823, 6.735928, 6.743788, 6.746204, 6.749051, 6.757791, 6.763109, 6.768081, 6.778109, 6.776706, 6.782644, 6.78705, 6.794063, 6.796726, 6.78951, 6.760802, 6.742548, 6.746734, 6.747838, 6.749949, 6.7489, 6.749722, 6.753142, 6.75387, 6.760172, 6.706384, 6.652757, 6.59939, 6.544984, 6.495405, 6.444706, 6.396213, 6.344192, 6.296818, 6.267188, 6.213563, 6.158661, 6.105919, 6.072065, 6.054154, 6.014562, 5.96872, 5.920351, 5.876629, 5.839262, 5.812828, 5.78126, 5.751057, 5.732286, 5.72182, 5.72039, 5.717713, 5.710703, 5.703844, 5.698912, 5.697866, 5.692181, 5.686124, 5.684183, 5.681487, 5.736869, 5.788536, 5.837513, 5.893287, 5.949865, 5.99038, 6.021131, 6.055729, 6.095179, 6.146791, 6.205248, 6.257058, 6.309131, 6.308544, 6.263102, 6.309965, 6.344049, 6.364695, 6.363786, 6.354036, 6.3107, 6.261374, 6.216754, 6.170068, 6.116502, 6.085549, 6.079704, 6.042052, 6.006737, 5.969504, 5.933798, 5.897866, 5.860212, 5.820609, 5.783723, 5.744915, 5.726597, 5.698488, 5.677329, 5.650008, 5.626827, 5.606428, 5.587625, 5.539317, 5.487251, 5.430595, 5.386407, 5.349841, 5.295326, 5.24416, 5.193742, 5.15055, 5.106195, 5.051895, 4.999116, 4.951191, 4.93228, 4.910446, 4.874553, 4.848788, 4.831352, 4.814825, 4.777464, 4.724607, 4.672759, 4.651547, 4.616168, 4.628142, 4.653404, 4.683949, 4.695852, 4.702275, 4.678551, 4.655927, 4.652605, 4.650278, 4.634046, 4.61018, 4.584595]]]}