{"name": "Central Darfur", "bounding_box": [22.555232, 10.689637, 24.711274, 13.557274], "lat_idx": [243, 273], "lon_idx": [34, 56], "line": [[[23.051519, 23.001916, 22.985577, 22.955483, 22.924618, 22.883309, 22.929476, 22.988197, 22.978869, 22.943662, 22.829233, 22.786681, 22.739745, 22.657982, 22.608223, 22.560749, 22.555232, 22.570132, 22.582843, 22.631735, 22.625354, 22.656212, 22.681739, 22.712767, 22.72776, 22.712456, 22.694656, 22.686914, 22.682944, 22.665806, 22.642721, 22.618306, 22.629214, 22.663438, 22.68179, 22.725985, 22.765958, 22.801734, 22.845777, 22.895408, 22.904642, 22.932446, 22.972497, 22.971266, 23.008624, 23.0363, 23.048809, 23.101829, 23.155948, 23.190124, 23.199024, 23.21925, 23.265504, 23.312396, 23.358075, 23.401699, 23.440115, 23.49348, 23.53933, 23.586815, 23.635418, 23.687723, 23.736347, 23.769198, 23.810645, 23.865259, 23.923219, 23.969635, 24.018669, 24.051066, 24.083416, 24.134983, 24.187463, 24.237723, 24.260643, 24.29432, 24.343544, 24.395228, 24.446626, 24.501225, 24.557435, 24.607625, 24.658379, 24.70582, 24.699788, 24.671055, 24.643416, 24.617366, 24.569734, 24.525675, 24.479842, 24.437718, 24.393632, 24.37725, 24.385483, 24.335919, 24.324817, 24.315404, 24.267674, 24.210186, 24.15741, 24.106177, 24.05001, 23.998142, 23.946308, 23.895911, 23.861342, 23.844029, 23.799292, 23.783037, 23.776217, 23.775455, 23.78376, 23.781563, 23.763727, 23.745957, 23.734736, 23.716403, 23.705923, 23.692804, 23.697334, 23.73378, 23.734829, 23.742662, 23.754986, 23.733321, 23.727971, 23.719084, 23.712038, 23.713797, 23.720882, 23.729535, 23.74027, 23.730931, 23.693181, 23.664543, 23.635497, 23.59866, 23.558466, 23.514535, 23.470556, 23.433959, 23.397132, 23.361519, 23.329325, 23.292495, 23.258589, 23.223898, 23.186974, 23.151519, 23.11471, 23.079187], [10.689637, 10.706428, 10.759546, 10.805975, 10.846826, 10.895473, 11.091862, 11.221353, 11.305554, 11.426586, 11.418917, 11.451239, 11.48747, 11.514373, 11.566935, 11.631916, 11.702793, 11.796142, 11.85379, 12.051691, 12.103564, 12.148226, 12.19603, 12.240313, 12.291851, 12.339878, 12.390336, 12.444438, 12.497668, 12.547823, 12.597899, 12.647564, 12.698141, 12.737926, 12.790718, 12.817768, 12.855317, 12.894097, 12.921811, 12.942064, 12.992507, 13.034555, 13.067827, 13.118664, 13.159048, 13.203749, 13.255662, 13.265651, 13.28036, 13.317852, 13.370131, 13.416459, 13.443751, 13.462763, 13.484937, 13.512917, 13.546067, 13.548837, 13.528486, 13.510567, 13.49179, 13.475123, 13.457006, 13.417437, 13.383312, 13.379296, 13.381281, 13.354381, 13.336686, 13.297399, 13.256443, 13.265233, 13.269449, 13.26904, 13.317043, 13.354633, 13.370383, 13.394302, 13.409333, 13.415775, 13.415781, 13.416575, 13.424343, 13.407428, 13.35742, 13.312103, 13.267376, 13.223046, 13.204761, 13.177501, 13.147415, 13.115481, 13.088693, 13.038994, 12.989621, 12.978096, 12.923001, 12.873889, 12.853456, 12.860212, 12.85498, 12.83459, 12.830028, 12.819183, 12.810887, 12.807164, 12.766642, 12.71967, 12.696831, 12.643458, 12.589098, 12.538518, 12.488555, 12.436759, 12.384791, 12.336042, 12.285317, 12.233578, 12.179061, 12.130272, 12.079327, 12.039835, 11.988873, 11.936713, 11.883028, 11.835369, 11.784984, 11.729329, 11.673605, 11.619973, 11.565431, 11.514312, 11.461705, 11.411843, 11.376887, 11.325881, 11.283929, 11.244327, 11.214489, 11.184114, 11.150513, 11.113756, 11.077065, 11.041287, 11.001952, 10.965517, 10.922801, 10.884075, 10.843886, 10.807559, 10.767399, 10.727235]]]}