{"name": "Gedarif", "bounding_box": [33.567792, 12.65653, 36.552578, 15.757235], "lat_idx": [263, 295], "lon_idx": [144, 175], "line": [[[35.692321, 35.643692, 35.595259, 35.54404, 35.492277, 35.438913, 35.387811, 35.336617, 35.297584, 35.251603, 35.205535, 35.175336, 35.131284, 35.080916, 35.03593, 34.983226, 34.943549, 34.898301, 34.866006, 34.823033, 34.802763, 34.772748, 34.72156, 34.671439, 34.629753, 34.594446, 34.552632, 34.514712, 34.475666, 34.44077, 34.41268, 34.37431, 34.342401, 34.315155, 34.284086, 34.282855, 34.31078, 34.260742, 34.206082, 34.158778, 34.124308, 34.09109, 34.076379, 34.053742, 34.020615, 33.976919, 33.948282, 33.935841, 33.91656, 33.939695, 33.974548, 34.003099, 34.032893, 34.066751, 34.093795, 34.125166, 34.160591, 34.186273, 34.216699, 34.249708, 34.277949, 34.291634, 34.276606, 34.251182, 34.222692, 34.194253, 34.161403, 34.129231, 34.096049, 34.069016, 34.038515, 34.003118, 33.949005, 33.897306, 33.846822, 33.79993, 33.753979, 33.705268, 33.656245, 33.643972, 33.617517, 33.577811, 33.569704, 33.579016, 33.605031, 33.624335, 33.661081, 33.715118, 33.76357, 33.816547, 33.87135, 33.925108, 33.979596, 34.033171, 34.081757, 34.131967, 34.179615, 34.225308, 34.268511, 34.318166, 34.358538, 34.410352, 34.464025, 34.518452, 34.572041, 34.619159, 34.665648, 34.697965, 34.696362, 34.691478, 34.728067, 34.771628, 34.814524, 34.863001, 34.908997, 34.956902, 34.997096, 35.015365, 35.033877, 35.054199, 35.077861, 35.113487, 35.152494, 35.202803, 35.253199, 35.308098, 35.358825, 35.415234, 35.467788, 35.520808, 35.576315, 35.627939, 35.683886, 35.741145, 35.797304, 35.849761, 35.90016, 35.900204, 35.906764, 35.928337, 35.913299, 35.896264, 35.886614, 35.889985, 35.886522, 35.886643, 35.887868, 35.87423, 35.876669, 35.906026, 35.93973, 35.990069, 36.039548, 36.092484, 36.143104, 36.190811, 36.233586, 36.28091, 36.333201, 36.386036, 36.436114, 36.485781, 36.549504, 36.516803, 36.491782, 36.465654, 36.48171, 36.497195, 36.469909, 36.430419, 36.408847, 36.395086, 36.356728, 36.309449, 36.282397, 36.256936, 36.235199, 36.214691, 36.192478, 36.17139, 36.160146, 36.146792, 36.172061, 36.164134, 36.159919, 36.099006, 36.030292, 35.948065, 35.889938, 35.824952, 35.772483, 35.722284], [12.667101, 12.692002, 12.710746, 12.72222, 12.728939, 12.731997, 12.739714, 12.746889, 12.782869, 12.809182, 12.828876, 12.86977, 12.901203, 12.91174, 12.937598, 12.940355, 12.972111, 13.000227, 13.038732, 13.07359, 13.126123, 13.170578, 13.184697, 13.179602, 13.208158, 13.244548, 13.27224, 13.314241, 13.352747, 13.392582, 13.439676, 13.480944, 13.52448, 13.572805, 13.61881, 13.669139, 13.712646, 13.72504, 13.737326, 13.758906, 13.802869, 13.84174, 13.895316, 13.942877, 13.98141, 14.01257, 14.056259, 14.107959, 14.154675, 14.201114, 14.242647, 14.283892, 14.324447, 14.367846, 14.413618, 14.457352, 14.501114, 14.545557, 14.588061, 14.630496, 14.679474, 14.732208, 14.783027, 14.826215, 14.874513, 14.921338, 14.966342, 15.01346, 15.059414, 15.105756, 15.146043, 15.183929, 15.210011, 15.230816, 15.250611, 15.275192, 15.297181, 15.309675, 15.319771, 15.370388, 15.416376, 15.448343, 15.497686, 15.548366, 15.594601, 15.642456, 15.676634, 15.691347, 15.71039, 15.716422, 15.728874, 15.745068, 15.754191, 15.750602, 15.734853, 15.729549, 15.714169, 15.693353, 15.662451, 15.645152, 15.605975, 15.590926, 15.578103, 15.570989, 15.560144, 15.538575, 15.516424, 15.476986, 15.422498, 15.368725, 15.328538, 15.301075, 15.273354, 15.260729, 15.231564, 15.210354, 15.179228, 15.130846, 15.081408, 15.035116, 14.981904, 14.94517, 14.907394, 14.908896, 14.913396, 14.914571, 14.917763, 14.921052, 14.919836, 14.925185, 14.929931, 14.932579, 14.936158, 14.938937, 14.946414, 14.949363, 14.956858, 14.90205, 14.845867, 14.798392, 14.743709, 14.69428, 14.643355, 14.592762, 14.539556, 14.487669, 14.436141, 14.386824, 14.335474, 14.291169, 14.254003, 14.233043, 14.209734, 14.210341, 14.213742, 14.23633, 14.262569, 14.284669, 14.274048, 14.260583, 14.242311, 14.233025, 14.234282, 14.129009, 14.055162, 13.978046, 13.905139, 13.834824, 13.791981, 13.718287, 13.65902, 13.562207, 13.492359, 13.416956, 13.373811, 13.293468, 13.224782, 13.159978, 13.089787, 13.023234, 12.974378, 12.92602, 12.849648, 12.750043, 12.697182, 12.689197, 12.717455, 12.70839, 12.693298, 12.676425, 12.662802, 12.67035]]]}