{"name": "Khartoum", "bounding_box": [31.698967, 15.17866, 34.37677, 16.629747], "lat_idx": [288, 303], "lon_idx": [125, 153], "line": [[[32.538721, 32.494284, 32.444806, 32.397284, 32.34674, 32.32253, 32.301691, 32.276211, 32.248082, 32.219586, 32.193374, 32.177105, 32.151386, 32.130426, 32.104419, 32.078927, 32.045406, 32.014054, 31.985133, 31.963592, 31.942906, 31.920997, 31.903217, 31.880753, 31.855612, 31.834816, 31.813951, 31.788824, 31.765097, 31.744599, 31.721315, 31.702367, 31.740998, 31.786033, 31.833909, 31.886663, 31.924688, 31.968745, 32.010857, 32.050943, 32.092673, 32.136204, 32.179709, 32.232775, 32.291451, 32.347496, 32.400048, 32.455864, 32.508018, 32.559982, 32.612361, 32.662834, 32.714624, 32.761648, 32.806153, 32.857613, 32.911005, 32.963995, 33.019314, 33.069252, 33.123385, 33.172795, 33.223985, 33.277472, 33.327605, 33.38158, 33.43572, 33.478801, 33.519725, 33.566595, 33.613419, 33.660128, 33.713853, 33.765806, 33.81672, 33.867509, 33.920399, 33.973633, 34.02295, 34.076383, 34.12971, 34.180354, 34.230421, 34.256097, 34.279672, 34.307393, 34.331085, 34.34262, 34.360939, 34.37626, 34.324531, 34.272247, 34.221649, 34.166828, 34.115604, 34.058941, 34.009684, 33.958227, 33.902669, 33.851107, 33.800957, 33.74957, 33.696021, 33.6455, 33.62068, 33.597895, 33.576138, 33.569949, 33.521973, 33.468584, 33.419213, 33.373618, 33.320228, 33.284662, 33.241143, 33.213126, 33.191714, 33.141855, 33.111947, 33.063306, 33.005347, 32.953382, 32.906389, 32.858973, 32.805599, 32.766737, 32.726661, 32.68803, 32.694023, 32.676046, 32.670236, 32.641697, 32.587456], [15.195083, 15.219705, 15.207211, 15.18752, 15.212022, 15.258209, 15.306461, 15.357623, 15.406228, 15.452095, 15.507104, 15.555307, 15.600378, 15.648613, 15.699746, 15.74506, 15.787506, 15.828236, 15.873607, 15.919631, 15.970379, 16.017296, 16.06622, 16.115138, 16.166647, 16.219169, 16.267376, 16.317301, 16.367787, 16.421336, 16.467959, 16.516791, 16.551295, 16.578059, 16.609163, 16.629747, 16.596147, 16.566255, 16.535802, 16.50101, 16.467065, 16.436286, 16.405456, 16.392339, 16.387228, 16.3815, 16.371143, 16.367073, 16.360567, 16.355382, 16.348599, 16.342441, 16.321658, 16.287801, 16.257726, 16.247484, 16.236238, 16.226288, 16.213865, 16.209633, 16.197114, 16.186353, 16.181324, 16.168744, 16.148969, 16.129126, 16.11085, 16.079122, 16.048441, 16.024943, 16.004449, 15.986111, 15.985366, 15.988227, 15.989088, 15.990687, 15.998362, 16.005385, 16.015433, 16.027509, 16.033422, 16.045539, 16.037494, 15.991012, 15.9464, 15.899517, 15.854575, 15.804757, 15.756548, 15.707347, 15.692502, 15.700028, 15.712511, 15.719539, 15.730333, 15.742247, 15.756992, 15.747949, 15.737833, 15.721948, 15.712851, 15.702855, 15.691189, 15.670859, 15.627029, 15.582183, 15.53067, 15.478823, 15.455991, 15.433043, 15.410239, 15.388117, 15.386371, 15.347458, 15.313784, 15.268048, 15.220379, 15.233488, 15.275225, 15.290178, 15.273077, 15.27025, 15.301379, 15.326065, 15.345039, 15.380425, 15.411507, 15.378444, 15.327115, 15.280389, 15.227081, 15.183257, 15.189018]]]}