{"name": "North Darfur", "bounding_box": [22.769607, 11.748951, 27.54644, 20.026534], "lat_idx": [253, 337], "lon_idx": [36, 84], "line": [[[25.0, 25.050919, 25.108002, 25.159843, 25.217435, 25.279961, 25.342421, 25.404145, 25.46236, 25.525854, 25.581095, 25.638072, 25.690517, 25.747045, 25.802533, 25.866399, 25.917954, 25.971201, 26.023934, 26.076353, 26.142423, 26.206054, 26.264416, 26.328928, 26.387186, 26.44101, 26.495668, 26.550383, 26.605205, 26.66256, 26.713455, 26.768454, 26.82145, 26.87633, 26.931023, 26.984084, 27.035385, 27.086722, 27.14178, 27.202064, 27.254061, 27.305032, 27.36328, 27.417696, 27.471855, 27.501893, 27.499419, 27.498443, 27.497613, 27.493365, 27.497127, 27.499091, 27.499681, 27.499924, 27.498718, 27.499696, 27.501028, 27.499501, 27.499305, 27.498513, 27.499647, 27.498152, 27.499415, 27.499815, 27.499922, 27.499198, 27.500033, 27.494891, 27.499409, 27.498092, 27.500729, 27.500872, 27.496905, 27.498796, 27.499014, 27.499701, 27.499751, 27.499571, 27.498239, 27.497284, 27.497742, 27.49649, 27.49889, 27.499878, 27.500413, 27.499585, 27.499902, 27.499969, 27.49999, 27.499996, 27.497763, 27.497193, 27.499304, 27.4971, 27.498544, 27.498325, 27.49922, 27.498705, 27.499693, 27.497863, 27.498836, 27.496402, 27.49936, 27.500924, 27.496614, 27.496668, 27.493089, 27.444346, 27.384875, 27.326768, 27.270524, 27.21844, 27.159185, 27.108016, 27.048517, 26.996508, 26.959324, 26.959786, 26.95991, 26.959948, 26.972345, 26.977008, 26.978615, 26.979904, 26.993411, 26.996445, 26.998875, 26.999814, 27.009639, 27.016938, 27.019112, 27.021382, 27.029255, 27.036494, 27.041668, 27.043985, 27.047042, 27.0584, 27.059538, 27.059155, 27.06591, 27.075714, 27.096042, 27.113523, 27.129786, 27.150049, 27.182474, 27.209282, 27.225906, 27.240052, 27.249734, 27.264131, 27.252108, 27.222577, 27.212631, 27.207866, 27.196146, 27.188061, 27.181258, 27.170314, 27.167425, 27.157784, 27.147037, 27.201098, 27.251474, 27.303552, 27.359862, 27.416722, 27.469555, 27.482579, 27.47589, 27.469736, 27.464952, 27.470503, 27.503577, 27.529367, 27.545561, 27.537748, 27.513709, 27.481771, 27.449685, 27.417252, 27.387274, 27.381472, 27.369414, 27.357276, 27.324765, 27.291825, 27.250932, 27.216384, 27.1847, 27.15449, 27.135966, 27.128101, 27.123662, 27.123437, 27.12414, 27.131032, 27.122844, 27.104729, 27.099344, 27.083118, 27.082733, 27.079544, 27.078824, 27.073267, 27.068853, 27.091902, 27.118138, 27.140961, 27.166114, 27.185154, 27.198242, 27.215928, 27.162617, 27.110941, 27.059241, 26.998061, 26.944436, 26.896073, 26.84567, 26.788023, 26.739169, 26.69165, 26.648608, 26.598558, 26.547491, 26.496435, 26.443901, 26.393711, 26.343304, 26.295874, 26.246346, 26.211739, 26.208075, 26.177991, 26.131879, 26.081729, 26.050049, 26.027355, 25.977677, 25.951357, 25.923434, 25.896737, 25.929744, 25.983355, 26.035495, 26.084762, 26.084202, 26.047144, 26.007324, 25.972615, 25.93973, 25.903831, 25.871114, 25.839355, 25.790022, 25.734855, 25.688887, 25.640861, 25.591678, 25.579118, 25.548432, 25.495559, 25.443335, 25.389398, 25.336801, 25.283482, 25.233711, 25.181495, 25.129607, 25.074109, 25.018029, 24.96863, 24.929972, 24.880293, 24.833437, 24.789373, 24.740852, 24.69, 24.635863, 24.584033, 24.530296, 24.479804, 24.504228, 24.548053, 24.596463, 24.634165, 24.660793, 24.68945, 24.710645, 24.678544, 24.628292, 24.566765, 24.516656, 24.466157, 24.413525, 24.367859, 24.314141, 24.267086, 24.249783, 24.201143, 24.146072, 24.095712, 24.056442, 24.024807, 23.974652, 23.923219, 23.869744, 23.817069, 23.770614, 23.741283, 23.692713, 23.642168, 23.592568, 23.544216, 23.49348, 23.440115, 23.401699, 23.358075, 23.312396, 23.265504, 23.214895, 23.184284, 23.170212, 23.151685, 23.182697, 23.181782, 23.178821, 23.129582, 23.118431, 23.129845, 23.150006, 23.179493, 23.22076, 23.24525, 23.227462, 23.211837, 23.177648, 23.131675, 23.115626, 23.132662, 23.141818, 23.125276, 23.101343, 23.062846, 23.024039, 22.973485, 22.927231, 22.877298, 22.830286, 22.824246, 22.831841, 22.840165, 22.848806, 22.860248, 22.869573, 22.847496, 22.809083, 22.769607, 22.807818, 22.850774, 22.883131, 22.936013, 22.930439, 22.970695, 23.002115, 22.987566, 23.001597, 22.986494, 22.975851, 22.935634, 22.927279, 22.935636, 22.982846, 23.019975, 23.053349, 23.093454, 23.128024, 23.179116, 23.229761, 23.282302, 23.332722, 23.393236, 23.442008, 23.488067, 23.537014, 23.590233, 23.651663, 23.707652, 23.759182, 23.812903, 23.865401, 23.916474, 23.973468, 24.0, 24.000001, 24.0, 24.0, 24.0, 24.0, 24.0, 23.999999, 24.0, 24.0, 24.0, 24.0, 24.0, 24.0, 24.0, 24.0, 24.0, 24.0, 24.000001, 24.0, 24.0, 24.0, 24.000001, 24.0, 24.0, 24.0, 24.0, 24.0, 24.0, 24.0, 24.0, 24.0, 24.0, 24.0, 24.0, 24.0, 24.0, 24.0, 24.0, 24.0, 24.0, 24.0, 24.0, 25.0], [20.026534, 20.013199, 20.006128, 20.006069, 20.009748, 20.01, 20.001977, 20.000008, 20.000025, 20.000078, 20.000247, 20.001042, 20.000829, 20.000781, 19.999995, 19.999986, 19.99994, 20.000467, 20.001249, 20.000023, 20.000071, 20.000226, 20.000411, 19.999525, 19.999946, 19.999773, 19.99965, 20.000247, 19.999885, 20.003315, 19.999781, 19.999811, 19.998818, 19.999627, 20.000313, 19.999568, 19.998465, 20.000875, 20.001656, 19.9997, 20.000185, 20.000778, 20.000387, 19.999988, 19.997675, 19.956041, 19.894374, 19.836856, 19.78095, 19.729621, 19.671318, 19.617692, 19.564837, 19.510744, 19.458428, 19.39907, 19.340108, 19.283684, 19.227229, 19.171634, 19.113801, 19.062624, 19.010088, 18.9437, 18.887342, 18.834825, 18.78374, 18.72998, 18.677537, 18.619534, 18.560366, 18.507888, 18.45491, 18.397255, 18.341268, 18.289989, 18.231284, 18.17681, 18.120859, 18.061007, 18.002131, 17.950616, 17.896092, 17.844966, 17.783936, 17.732688, 17.669896, 17.617311, 17.554735, 17.50356, 17.450647, 17.392551, 17.334692, 17.276222, 17.219945, 17.164444, 17.113048, 17.053644, 16.992381, 16.93349, 16.87649, 16.821609, 16.763963, 16.712004, 16.658011, 16.599165, 16.543244, 16.519179, 16.521403, 16.520333, 16.523605, 16.521141, 16.525557, 16.52303, 16.52124, 16.526219, 16.482298, 16.421235, 16.36652, 16.31399, 16.256684, 16.201179, 16.147647, 16.088406, 16.031876, 15.981442, 15.923068, 15.872331, 15.823151, 15.765793, 15.704705, 15.654553, 15.603247, 15.544163, 15.478522, 15.425158, 15.361085, 15.299796, 15.242564, 15.189011, 15.132783, 15.076045, 15.017003, 14.967484, 14.913081, 14.859569, 14.821314, 14.767526, 14.713045, 14.662547, 14.611466, 14.556281, 14.500668, 14.457267, 14.408089, 14.357069, 14.302616, 14.245491, 14.190742, 14.136674, 14.080722, 14.026124, 13.969632, 13.976706, 13.976771, 13.981758, 13.98146, 13.982472, 13.981351, 13.930462, 13.878517, 13.827311, 13.77666, 13.725189, 13.686656, 13.639976, 13.591503, 13.540697, 13.496731, 13.457086, 13.416469, 13.376633, 13.331992, 13.280844, 13.228745, 13.17628, 13.132774, 13.093305, 13.054466, 13.01638, 12.971792, 12.925308, 12.869898, 12.818405, 12.763904, 12.70876, 12.658012, 12.602405, 12.546658, 12.492928, 12.434801, 12.384517, 12.327335, 12.27249, 12.217516, 12.159807, 12.108295, 12.059143, 12.016556, 11.969352, 11.923642, 11.876956, 11.827575, 11.779559, 11.784075, 11.790174, 11.791284, 11.786468, 11.777168, 11.755743, 11.753935, 11.760673, 11.785626, 11.80697, 11.834323, 11.84676, 11.856493, 11.864695, 11.868518, 11.87342, 11.880597, 11.904832, 11.926327, 11.968549, 12.019447, 12.062846, 12.095474, 12.114304, 12.156515, 12.204946, 12.221518, 12.265202, 12.309524, 12.354934, 12.39616, 12.396277, 12.414467, 12.425855, 12.48424, 12.518943, 12.556765, 12.596842, 12.640343, 12.67861, 12.718617, 12.760636, 12.769665, 12.784649, 12.812231, 12.83607, 12.866287, 12.916724, 12.959362, 12.963885, 12.960708, 12.961554, 12.964216, 12.958438, 12.964214, 12.969111, 12.950395, 12.941153, 12.944439, 12.963617, 12.996338, 13.017873, 13.040309, 13.066805, 13.095855, 13.107003, 13.100648, 13.103116, 13.110898, 13.116687, 13.165763, 13.192364, 13.214888, 13.248804, 13.295108, 13.337121, 13.386489, 13.425545, 13.419935, 13.416819, 13.414959, 13.415088, 13.401747, 13.381318, 13.361108, 13.336779, 