{"name": "Southern Darfur", "bounding_box": [23.051519, 9.655377, 25.928409, 13.117664], "lat_idx": [233, 268], "lon_idx": [39, 68], "line": [[[25.433646, 25.437625, 25.438135, 25.444795, 25.449494, 25.455729, 25.461545, 25.432481, 25.41121, 25.410946, 25.408718, 25.407341, 25.40448, 25.394672, 25.364599, 25.325899, 25.288127, 25.291524, 25.299717, 25.309049, 25.309342, 25.306859, 25.297079, 25.290243, 25.289732, 25.287594, 25.29058, 25.293434, 25.30448, 25.324724, 25.351986, 25.381137, 25.430902, 25.479075, 25.524459, 25.550387, 25.538739, 25.540675, 25.567886, 25.625136, 25.665802, 25.700401, 25.712081, 25.698331, 25.707597, 25.72922, 25.745036, 25.768486, 25.801911, 25.829748, 25.870645, 25.900012, 25.927629, 25.928409, 25.911042, 25.879919, 25.831487, 25.783483, 25.73523, 25.686065, 25.635944, 25.586063, 25.537337, 25.486638, 25.436012, 25.385854, 25.33574, 25.28907, 25.240172, 25.190138, 25.141402, 25.095796, 25.069687, 25.0509, 25.044655, 25.069703, 25.071854, 25.035958, 25.012227, 24.985403, 24.971064, 24.937795, 24.893803, 24.853428, 24.809781, 24.761417, 24.721166, 24.682818, 24.632691, 24.583933, 24.533539, 24.488631, 24.440678, 24.403341, 24.355426, 24.307154, 24.257265, 24.216678, 24.171615, 24.121615, 24.111003, 24.064982, 24.006501, 23.95564, 23.888178, 23.819259, 23.755122, 23.696254, 23.670187, 23.437869, 23.302394, 23.256741, 23.216636, 23.178196, 23.148107, 23.098692, 23.051519, 23.08225, 23.119951, 23.156292, 23.191284, 23.230476, 23.264964, 23.297575, 23.333155, 23.366121, 23.405671, 23.445102, 23.482906, 23.528332, 23.572414, 23.610659, 23.643915, 23.675681, 23.699787, 23.743265, 23.738128, 23.728168, 23.720316, 23.71344, 23.711667, 23.720613, 23.728754, 23.737924, 23.753899, 23.742756, 23.733421, 23.723521, 23.693823, 23.696779, 23.709901, 23.723797, 23.739132, 23.752551, 23.767148, 23.78606, 23.780235, 23.774003, 23.779, 23.784284, 23.818574, 23.855371, 23.876885, 23.923545, 23.9736, 24.023595, 24.079956, 24.132739, 24.182987, 24.240269, 24.294897, 24.320116, 24.326974, 24.365722, 24.37725, 24.393632, 24.437718, 24.493356, 24.544773, 24.601396, 24.655597, 24.706338, 24.75894, 24.803259, 24.848803, 24.896894, 24.946657, 24.98524, 25.035499, 25.087274, 25.139812, 25.194462, 25.245836, 25.297485, 25.353956, 25.409126], [12.959083, 12.908488, 12.857426, 12.802184, 12.750859, 12.697976, 12.648289, 12.602334, 12.551077, 12.496117, 12.444812, 12.390018, 12.33982, 12.284056, 12.239966, 12.207208, 12.173738, 12.120784, 12.070474, 12.019242, 11.965875, 11.910886, 11.855468, 11.805122, 11.754684, 11.703606, 11.652598, 11.597776, 11.54724, 11.501085, 11.456457, 11.409447, 11.385447, 11.360785, 11.33099, 11.287611, 11.231448, 11.178225, 11.132712, 11.139002, 11.106849, 11.061268, 11.007332, 10.957559, 10.90504, 10.855323, 10.806317, 10.754886, 10.7144, 10.667798, 10.628994, 10.587855, 10.544019, 10.493459, 10.445498, 10.403973, 10.416775, 10.430953, 10.416118, 10.406191, 10.405522, 10.397789, 10.385433, 10.38003, 10.382356, 10.381092, 10.373148, 10.353735, 10.340704, 10.347858, 10.335152, 10.314126, 10.271186, 10.224478, 10.174247, 10.130363, 10.080357, 10.045451, 10.001267, 9.958389, 9.910084, 9.872708, 9.848221, 9.818115, 9.792999, 9.80716, 9.837495, 9.805293, 9.801721, 9.813303, 9.811288, 9.833475, 9.817868, 9.784407, 9.799537, 9.786072, 9.782668, 9.753148, 9.731268, 9.731712, 9.682796, 9.663158, 9.668026, 9.668604, 9.669371, 9.670154, 9.670883, 9.671553, 9.891795, 10.25752, 10.470789, 10.515305, 10.549942, 10.582094, 10.622874, 10.655173, 10.689637, 10.732628, 10.773198, 10.81107, 10.849396, 10.889669, 10.927833, 10.969649, 11.007249, 11.045811, 11.086881, 11.124989, 11.161849, 11.195477, 11.222011, 11.256675, 11.295394, 11.340924, 11.388071, 11.417946, 11.472104, 11.521419, 11.574128, 11.627275, 11.681373, 11.738424, 11.790869, 11.840825, 11.88917, 11.942932, 11.995713, 12.049508, 12.09297, 12.148887, 12.200944, 12.252331, 12.301238, 12.350805, 12.398674, 12.44673, 12.502049, 12.556895, 12.609379, 12.662912, 12.702339, 12.741473, 12.789679, 12.81082, 12.813229, 12.822781, 12.83146, 12.846324, 12.862288, 12.858593, 12.855736, 12.902739, 12.953041, 12.985337, 13.038994, 13.088693, 13.115481, 13.116989, 13.109567, 13.102401, 13.101094, 13.103789, 13.090722, 13.059483, 13.033993, 13.0093, 12.986787, 12.95063, 12.945857, 12.940143, 12.953089, 12.972504, 12.956966, 12.95911, 12.967306, 12.962189]]]}