{"name": "South Kordufan", "bounding_box": [29.214414, 9.711841, 32.46973, 12.746522], "lat_idx": [233, 264], "lon_idx": [100, 134], "line": [[[29.785308, 29.835282, 29.890895, 29.942697, 29.990982, 30.005091, 30.024415, 30.041582, 30.041696, 30.036884, 30.078667, 30.124965, 30.167946, 30.216685, 30.266718, 30.32146, 30.377072, 30.396188, 30.43666, 30.471162, 30.490242, 30.509046, 30.540753, 30.58374, 30.636021, 30.687375, 30.737982, 30.791799, 30.834529, 30.86371, 30.914556, 30.944116, 30.999824, 31.039045, 31.054114, 31.050562, 31.048469, 31.088108, 31.140476, 31.190971, 31.240968, 31.292275, 31.347222, 31.403906, 31.454696, 31.505833, 31.559829, 31.609642, 31.657327, 31.695708, 31.716818, 31.734973, 31.753438, 31.768588, 31.787214, 31.810826, 31.840214, 31.892389, 31.941252, 31.972839, 32.008455, 32.047538, 32.076377, 32.128966, 32.200882, 32.241681, 32.280896, 32.353508, 32.391111, 32.391111, 32.391111, 32.391111, 32.391111, 32.391111, 32.391111, 32.391111, 32.432587, 32.46973, 32.412243, 32.373972, 32.334835, 32.287735, 32.239593, 32.195954, 32.148885, 32.07332, 31.988613, 31.951005, 31.913011, 31.875178, 31.839723, 31.778334, 31.733909, 31.677855, 31.621868, 31.555609, 31.500541, 31.453407, 31.396397, 31.353598, 31.308627, 31.230554, 31.179994, 31.090184, 31.003733, 30.918667, 30.837905, 30.776436, 30.736521, 30.680473, 30.624993, 30.56936, 30.529879, 30.483612, 30.436912, 30.349753, 30.306673, 30.227181, 30.181482, 30.133164, 30.083416, 29.999998, 29.942287, 29.922942, 29.89816, 29.87028, 29.843325, 29.813483, 29.779482, 29.748244, 29.710001, 29.673699, 29.63789, 29.606137, 29.568566, 29.528324, 29.488207, 29.446708, 29.407147, 29.373823, 29.349501, 29.336535, 29.339037, 29.365235, 29.408411, 29.446457, 29.476695, 29.470177, 29.460016, 29.455537, 29.440263, 29.426863, 29.408997, 29.393868, 29.37776, 29.336119, 29.285373, 29.240005, 29.214987, 29.243899, 29.254438, 29.264552, 29.297709, 29.346683, 29.374517, 29.421144, 29.469579, 29.508222, 29.547254, 29.551942, 29.513175, 29.503593, 29.526604, 29.560761, 29.59804, 29.640497, 29.666336, 29.691281, 29.71866, 29.746666, 29.768462], [12.743801, 12.746522, 12.745197, 12.742689, 12.713602, 12.664702, 12.615714, 12.563613, 12.512703, 12.461181, 12.432214, 12.459293, 12.491218, 12.505451, 12.522827, 12.531287, 12.545149, 12.494733, 12.460516, 12.417307, 12.36714, 12.318336, 12.270681, 12.239316, 12.24583, 12.250386, 12.250316, 12.253753, 12.280078, 12.320827, 12.328192, 12.372213, 12.377972, 12.413461, 12.46118, 12.514328, 12.567225, 12.599314, 12.604549, 12.604038, 12.61102, 12.623803, 12.636246, 12.641407, 12.642921, 12.620571, 12.598412, 12.581281, 12.564236, 12.53142, 12.482933, 12.429464, 12.379239, 12.331191, 12.281148, 12.234571, 12.189631, 12.177688, 12.154396, 12.110572, 12.067493, 12.027008, 11.980301, 11.924135, 11.864356, 11.830444, 11.797848, 11.737491, 11.646259, 11.586739, 11.52561, 11.457243, 11.389679, 11.323725, 11.25214, 11.180805, 11.108265, 11.043305, 11.000029, 10.961876, 10.922861, 10.875907, 10.827915, 10.784411, 10.737488, 10.696371, 10.650279, 10.581799, 10.512615, 10.443723, 10.379163, 10.28889, 10.253327, 10.186934, 10.120621, 10.042142, 9.976917, 9.92109, 9.853565, 9.805073, 9.770644, 9.754772, 9.749999, 9.749999, 9.749999, 9.75, 9.750001, 9.75897, 9.791562, 9.837328, 9.882631, 9.928058, 9.960296, 9.988916, 10.017804, 10.071718, 10.098366, 10.147538, 10.175806, 10.205695, 10.236468, 10.288068, 10.288055, 10.335692, 10.385109, 10.43107, 10.475828, 10.518429, 10.560145, 10.601897, 10.641534, 10.679857, 10.715014, 10.761482, 10.797122, 10.828212, 10.858581, 10.89138, 10.927554, 10.966574, 11.012753, 11.0625, 11.118551, 11.163167, 11.191911, 11.231152, 11.27141, 11.322648, 11.373591, 11.425366, 11.474549, 11.527085, 11.580898, 11.631243, 11.680069, 11.708681, 11.720929, 11.747719, 11.794291, 11.842132, 11.895983, 11.948434, 11.990868, 12.009081, 12.053539, 12.081468, 12.104266, 12.140575, 12.178751, 12.230262, 12.270248, 12.323025, 12.370459, 12.408454, 12.442727, 12.475865, 12.525004, 12.574428, 12.623469, 12.67088, 12.724068]]]}