{"name": "Western Darfur", "bounding_box": [21.814939, 12.030722, 23.24525, 14.986525], "lat_idx": [256, 287], "lon_idx": [26, 41], "line": [[[22.769607, 22.809083, 22.847496, 22.869573, 22.860248, 22.848806, 22.840165, 22.831841, 22.824246, 22.830286, 22.872789, 22.921522, 22.968342, 23.024039, 23.056044, 23.091297, 23.119319, 23.143519, 23.135336, 23.121909, 23.123875, 23.162869, 23.213318, 23.215852, 23.231588, 23.243743, 23.207512, 23.169581, 23.143644, 23.125281, 23.112372, 23.144885, 23.194407, 23.180448, 23.182347, 23.147861, 23.175824, 23.184407, 23.21727, 23.203006, 23.194098, 23.164418, 23.11502, 23.063857, 23.039989, 23.013388, 22.980184, 22.971722, 22.94176, 22.893316, 22.906326, 22.867979, 22.820811, 22.78469, 22.744853, 22.704624, 22.673288, 22.645934, 22.618995, 22.63247, 22.659101, 22.678719, 22.691306, 22.690914, 22.706085, 22.726971, 22.718787, 22.691077, 22.66292, 22.633759, 22.602764, 22.555245, 22.507673, 22.48649, 22.493807, 22.492725, 22.475554, 22.45375, 22.433113, 22.425628, 22.403729, 22.387556, 22.414756, 22.440793, 22.476648, 22.412204, 22.329701, 22.20131, 22.152939, 21.945537, 21.916102, 21.883953, 21.860285, 21.831647, 21.848287, 21.86049, 21.879549, 21.897882, 21.93341, 21.9447, 21.987077, 22.01127, 22.061492, 22.107862, 22.147452, 22.179831, 22.209256, 22.250037, 22.282568, 22.277739, 22.238636, 22.216903, 22.214996, 22.205708, 22.168488, 22.143752, 22.115256, 22.119916, 22.082928, 22.142024, 22.20141, 22.22558, 22.27414, 22.316405, 22.378224, 22.439049, 22.487504, 22.539078, 22.577493, 22.547942, 22.488468, 22.425053, 22.455992, 22.436774, 22.443961, 22.395776, 22.409847, 22.464737, 22.513442, 22.578376, 22.717122, 22.668888, 22.701987, 22.750951, 22.746977], [14.986525, 14.950347, 14.914132, 14.868792, 14.814827, 14.760481, 14.710798, 14.660024, 14.607846, 14.553977, 14.523353, 14.511498, 14.530544, 14.523832, 14.484182, 14.448, 14.4052, 14.355452, 14.301395, 14.249518, 14.198459, 14.161449, 14.150837, 14.099063, 14.046737, 13.996645, 13.956728, 13.923052, 13.877319, 13.825193, 13.776752, 13.736686, 13.719021, 13.664722, 13.611847, 13.572306, 13.523821, 13.473163, 13.434144, 13.385204, 13.333752, 13.284693, 13.270043, 13.259517, 13.215224, 13.1702, 13.131803, 13.079291, 13.037021, 13.018738, 12.967691, 12.929207, 12.902194, 12.866853, 12.836211, 12.803918, 12.759267, 12.714105, 12.67097, 12.61434, 12.567045, 12.513735, 12.462042, 12.406145, 12.353222, 12.304475, 12.250566, 12.208021, 12.160703, 12.116959, 12.070587, 12.054544, 12.037839, 12.083271, 12.134503, 12.184627, 12.232232, 12.277853, 12.323615, 12.373885, 12.419281, 12.46671, 12.509302, 12.552296, 12.632859, 12.652636, 12.682048, 12.757005, 12.670565, 12.63107, 12.671782, 12.710856, 12.755493, 12.796562, 12.843802, 12.892699, 12.939569, 12.986131, 13.021385, 13.070894, 13.097796, 13.142354, 13.144245, 13.162962, 13.194528, 13.233004, 13.274135, 13.303389, 13.341743, 13.39181, 13.423413, 13.468492, 13.518817, 13.567987, 13.601844, 13.64546, 13.687062, 13.737086, 13.771194, 13.854542, 13.915873, 13.960174, 13.973463, 14.015406, 14.041003, 14.054689, 14.108265, 14.11728, 14.190737, 14.237434, 14.251824, 14.293472, 14.333136, 14.412092, 14.486921, 14.519156, 14.605106, 14.629797, 14.645377, 14.650931, 14.697566, 14.852031, 14.890196, 14.901897, 14.952421]]]}