{"name": "West Kordofan", "bounding_box": [27.06819597039586, 9.347221, 29.94228735312581, 14.12144381620071], "lat_idx": [229, 278], "lon_idx": [79, 108], "line": [[[27.21709439891439, 27.2025246964147, 27.18633109270813, 27.16933720870193, 27.14500091699208, 27.12080080915511, 27.09592719555886, 27.07085840933274, 27.07212858103179, 27.07889350126602, 27.08060015116109, 27.0829615902008, 27.08035856368309, 27.09334272631143, 27.10113473641151, 27.11765394202824, 27.12950735932662, 27.12967253110989, 27.12265537696139, 27.12402160618134, 27.12592278479498, 27.13158869876075, 27.14330125236891, 27.1634112956805, 27.19873173429816, 27.23534725756997, 27.27411684675637, 27.31311237521959, 27.34701919024067, 27.35911960445917, 27.37648159233671, 27.383836121483, 27.40475377202795, 27.43968395865087, 27.47072478990888, 27.50747750465555, 27.53325016291008, 27.54644033230033, 27.53779888853764, 27.50678454397218, 27.48114955541143, 27.46521405999905, 27.46837819393815, 27.4745200959336, 27.48203061964745, 27.47850268887856, 27.46576693789075, 27.46290482966577, 27.50241873429916, 27.55412975984713, 27.6042208158553, 27.65860580004207, 27.71576135516097, 27.76741346516464, 27.80328012140605, 27.85641083774203, 27.90560694859982, 27.95895836961681, 27.98678115720006, 28.04317327283419, 28.06649634922892, 28.05816280323305, 28.10839611378326, 28.1605158572211, 28.21124139891802, 28.25258651895829, 28.30440408697107, 28.35137394582371, 28.40039200865258, 28.45376926267633, 28.50427521070107, 28.55837307293948, 28.60645958164042, 28.65157039251784, 28.70795683543527, 28.75324391777507, 28.8037432855981, 28.85377708459421, 28.86974447140827, 28.90942966679905, 28.95792712313863, 29.00762683799472, 29.05597617414274, 29.10598200455387, 29.14238166655073, 29.17656624520285, 29.21061659615889, 29.25224591877325, 29.28645002476195, 29.33152716129598, 29.38050310866676, 29.43223053740543, 29.48075709240024, 29.52415094568337, 29.52329377767001, 29.52366057432921, 29.5298183488689, 29.53114678295177, 29.54723937477459, 29.58907774035035, 29.62002801388738, 29.64545767787444, 29.67443322379709, 29.70160749337607, 29.73028875076301, 29.75377873574084, 29.77856308774286, 29.76123629148664, 29.74285955290652, 29.71477909785281, 29.68504134913464, 29.66388017666042, 29.63817762672652, 29.59141298756033, 29.55329260480518, 29.51858631454914, 29.50526990766034, 29.52287417728665, 29.56111108147183, 29.5427759073436, 29.50648372221828, 29.46389862276663, 29.41478419634144, 29.37163828737684, 29.34129784183765, 29.29156837759935, 29.26187102552704, 29.25528948829815, 29.23991058888389, 29.2144139449643, 29.2445101698781, 29.29132354629209, 29.34357991843672, 29.37949422436895, 29.39593759214124, 29.41036286842998, 29.4271771927443, 29.44353959521195, 29.45925383108879, 29.4591174899439, 29.47147818079438, 29.47881543535192, 29.43925702163572, 29.40107900083157, 29.35856991977165, 29.3364365039461, 29.3386332355581, 29.35393451609183, 29.38063092703002, 29.41479638993481, 29.4518780102441, 29.4936551672388, 29.53679613151808, 29.57837393604346, 29.61463455223658, 29.64598894896162, 29.68390860660283, 29.71875041608522, 29.75627704178458, 29.78279367555818, 29.82009870556674, 29.8487547915515, 29.87487221637234, 29.90317390955923, 29.92470643115641, 29.888644, 29.84014900000017, 29.79195800000019, 29.739331, 29.68837400000018, 29.63933, 29.590858, 29.537492, 29.537495, 29.537496, 29.537497, 29.537498, 29.53750000000014, 29.48360200000019, 29.430349, 29.37709600000017, 29.31831, 29.22287, 29.11744500000015, 29.070734, 29.02278600000017, 28.978565, 28.927141, 28.879913, 28.834526, 28.791374, 28.759587, 28.740141, 28.651515, 28.558586, 28.472697, 28.381176, 28.295287, 28.206581, 28.12562, 28.038889, 27.90555457900007, 27.87467393129118, 27.84735302999278, 27.83933713233512, 27.81075682027905, 27.78659758251628, 27.76118215561796, 27.74268604574081, 27.71894366660583, 27.69243010236639, 27.67274128751651, 27.6502155109297, 27.6273942912002, 27.6040979559769, 27.58243521863074, 27.56129697068064, 27.53882841017437, 27.51798109730644, 27.49439556038853, 27.47610236039062, 27.45098751574153, 27.43382880245691, 27.42113189880166, 27.40531107398711, 27.37986481867495, 27.35799230464778, 27.35853505694187, 27.34393296116646, 27.32483828837352, 27.31071630131206, 27.2905825140829, 27.28042342200067, 27.25683579748979, 27.25297485784373, 27.26016139025456, 27.25650663122023, 27.24787906860248, 27.24745003403044, 27.24316001417597, 27.24071900522592, 27.2344462477471, 27.23375715421609, 27.22905269331368, 27.21709439891439], [11.76793775545421, 11.82022877138247, 11.86771720391351, 11.91699413026088, 11.96195724843518, 12.01035679298779, 12.05468405447063, 12.09878726415035, 12.15282697849231, 12.20858301049404, 12.26423718695922, 12.31857458757052, 12.3691164911907, 12.42188936139265, 12.4750359278085, 12.52702536964971, 12.57913643345669, 12.63282448020063, 12.68292777506125, 12.73494698389577, 12.78627380100855, 12.843287668165, 12.89707972982514, 12.94750106998276, 12.99192223674451, 13.03829637495163, 13.07821904153155, 13.11937590483291, 13.1585304592355, 13.2076374119665, 13.25928992620294, 13.31030784523667, 13.36365287073444, 13.40371808243617, 13.44463966638621, 13.48274590856793, 13.52707156742424, 13.57858630641525, 13.62874186408513, 13.67143351363983, 13.71610406397723, 13.7647367460184, 13.8202963810261, 13.87213283103226, 13.92394952963035, 13.98086923256766, 14.02936531628254, 14.07990597497195, 14.11063740431567, 14.11361811013936, 14.11948492573342, 14.11987777046202, 14.11957693480037, 14.11144803064572, 14.07570657330559, 14.07840750906422, 14.06698594881761, 14.05249679409897, 14.09604654342205, 14.08849969348104, 14.04205631946144, 13.99181665789597, 13.96547070203899, 13.96478102699993, 13.97845459292852, 14.00818631595299, 14.00250821523957, 13.9852975216952, 13.97215308530283, 13.94866092282581, 13.92752056242427, 13.90847025431177, 13.88919657224848, 13.86083523585323, 13.8494185181247, 13.82781492382218, 13.84660304004976, 13.8564173004705, 13.80145770700179, 13.76539547415764, 13.7397465329045, 13.71264643662786, 13.69891537678719, 13.67843489577783, 13.6426955715583, 13.59763537019904, 13.55866299801956, 13.53036366354972, 13.4866784980601, 13.45897509399056, 13.43902462816389, 13.42426906749942, 13.40765706121855, 13.37943707771572, 13.32314139344897, 13.27090843254507, 13.21840636322542, 13.16330671286551, 13.11215823685223, 13.07986939229109, 13.03207424922637, 12.9868901523479, 12.9438365647707, 12.90135807931251, 12.86033032094001, 12.81329841524608, 12.76317974874372, 12.71154384866037, 12.66097422419499, 12.61628456864368, 12.56746695014471, 12.52000531263353, 12.47051658231831, 12.43627725369526, 12.40093901641946, 12.35998350081259, 12.3083465844507, 12.25785693865054, 12.22361250248717, 12.17590986000565, 12.13639334173394, 12.102163370389, 12.08258235995199, 12.04848179036089, 12.00783831615587, 11.98504828183075, 11.9414212033968, 11.8864323250034, 11.83641917856759, 11.78728274283175, 11.74411914917225, 11.71868798387648, 11.70909531335629, 11.6735347327363, 11.62306966212407, 11.57407491191934, 11.5217896862191, 11.46789819278462, 11.41399597875441, 11.36161729567704, 11.30894036742761, 11.25738222914692, 11.22489146745183, 11.1893371046127, 11.1567898677333, 11.10509606342848, 11.05352607760713, 11.00049317004052, 10.95806120740445, 10.92111634577225, 10.88617375867466, 10.85643546905205, 10.82342899073905, 10.78904409466758, 10.74812660697741, 10.70736268250342, 10.66943587449469, 10.63296464796668, 10.59492726943991, 10.54982165072406, 10.50967297134093, 10.46579370592547, 10.42200020415746, 10.37661695891615, 10.33091035103873, 10.261265, 10.236502, 10.21189300000015, 10.18502000000012, 10.158999, 10.133955, 10.109203, 10.081953, 9.987598, 9.928812, 9.87625, 9.81884800000012, 9.75000000000017, 9.75000000000017, 9.75000000000017, 9.74999900000012, 9.74999900000012, 9.74999900000012, 9.74991233300011, 9.731949, 9.712504, 9.646591, 9.60627, 