{"name": "Blue Nile", "bounding_box": [33.136397, 9.499999, 35.082756, 12.562287], "lat_idx": [231, 263], "lon_idx": [139, 160], "line": [[[33.180346, 33.230787, 33.279065, 33.326286, 33.369694, 33.413691, 33.459805, 33.506957, 33.555336, 33.601405, 33.649442, 33.696898, 33.73837, 33.783383, 33.832552, 33.884233, 33.937231, 33.987889, 34.035113, 34.078011, 34.110218, 34.148527, 34.172788, 34.205144, 34.243315, 34.290206, 34.341564, 34.391937, 34.434652, 34.486658, 34.539367, 34.588603, 34.644333, 34.694711, 34.732999, 34.777186, 34.802992, 34.819903, 34.833119, 34.84635, 34.856326, 34.868173, 34.879258, 34.896133, 34.91354, 34.936905, 34.965667, 34.995453, 35.02546, 35.043633, 35.061679, 35.080449, 35.077425, 35.045875, 35.045013, 34.988136, 34.966547, 34.92993, 35.00055, 34.979278, 34.966539, 34.953127, 34.982675, 34.944164, 34.869219, 34.879041, 34.846256, 34.79602, 34.762723, 34.703333, 34.651446, 34.602817, 34.536863, 34.465558, 34.430273, 34.390753, 34.344398, 34.294663, 34.289509, 34.307481, 34.297547, 34.317363, 34.338627, 34.346945, 34.334364, 34.328923, 34.285738, 34.233383, 34.222124, 34.224003, 34.184214, 34.148079, 34.133093, 34.117925, 34.101953, 34.106669, 34.046381, 33.986326, 33.931022, 33.877584, 33.88109, 33.887552, 33.893092, 33.902007, 33.913008, 33.95173, 33.967917, 33.979184, 33.988769, 33.997238, 33.992777, 33.971686, 33.971115, 33.90369, 33.853922, 33.803667, 33.755281, 33.71071, 33.668327, 33.626924, 33.588828, 33.554075, 33.517171, 33.441673, 33.375532, 33.312723, 33.246094, 33.271098, 33.262623, 33.253883, 33.24507, 33.236369, 33.227973, 33.219272, 33.202782, 33.185762, 33.168627, 33.152442, 33.143856, 33.151455, 33.180281], [11.750359, 11.775593, 11.804247, 11.833772, 11.861561, 11.888319, 11.918715, 11.943781, 11.973366, 12.002505, 12.030112, 12.059613, 12.096919, 12.118771, 12.143274, 12.157147, 12.17229, 12.199158, 12.231461, 12.270393, 12.310497, 12.345233, 12.391666, 12.43296, 12.467914, 12.489995, 12.499131, 12.517474, 12.544675, 12.54724, 12.534191, 12.523304, 12.510834, 12.48306, 12.450459, 12.425581, 12.378381, 12.331158, 12.279446, 12.229526, 12.177044, 12.125221, 12.069084, 12.020749, 11.971775, 11.926602, 11.877932, 11.831985, 11.783785, 11.734125, 11.686827, 11.596802, 11.534695, 11.478039, 11.420969, 11.340725, 11.281576, 11.247136, 11.187142, 11.080447, 11.016551, 10.949276, 10.908843, 10.868236, 10.805176, 10.756063, 10.717397, 10.716632, 10.756267, 10.821595, 10.865154, 10.905978, 10.861754, 10.813942, 10.74959, 10.677514, 10.632875, 10.584807, 10.505824, 10.454595, 10.398992, 10.342321, 10.281505, 10.228655, 10.179139, 10.128319, 10.085716, 10.049389, 9.966652, 9.886548, 9.808913, 9.717219, 9.665074, 9.612299, 9.556722, 9.500001, 9.5, 9.5, 9.499999, 9.499999, 9.552598, 9.604788, 9.65678, 9.710211, 9.759832, 9.793865, 9.84207, 9.891057, 9.940206, 9.993818, 10.04443, 10.091363, 10.14284, 10.171371, 10.253142, 10.335715, 10.373645, 10.408585, 10.441809, 10.496793, 10.547387, 10.593539, 10.64255, 10.680203, 10.71319, 10.744515, 10.777746, 10.827894, 10.878117, 10.929905, 10.982131, 11.033691, 11.083444, 11.135004, 11.232722, 11.333579, 11.43512, 11.531032, 11.581908, 11.668624, 11.750004]]]}