{"name": "Eastern Darfur", "bounding_box": [25.285048, 9.488887, 27.882781, 12.963885], "lat_idx": [231, 267], "lon_idx": [61, 88], "line": [[[25.879251, 25.911042, 25.928409, 25.927629, 25.900012, 25.870645, 25.829748, 25.801911, 25.768486, 25.746474, 25.72922, 25.707597, 25.698331, 25.712081, 25.700401, 25.669923, 25.636337, 25.58793, 25.546444, 25.538573, 25.547032, 25.535089, 25.494765, 25.448346, 25.401817, 25.36049, 25.335505, 25.309141, 25.296084, 25.288878, 25.28999, 25.288506, 25.289594, 25.296606, 25.305588, 25.308857, 25.311125, 25.30092, 25.292032, 25.286237, 25.319987, 25.360998, 25.391469, 25.404532, 25.406586, 25.409218, 25.41034, 25.410991, 25.428785, 25.458212, 25.458654, 25.449539, 25.444795, 25.438135, 25.437625, 25.433646, 25.488443, 25.5414, 25.581615, 25.583221, 25.625494, 25.677156, 25.724728, 25.77299, 25.825341, 25.86244, 25.895364, 25.931424, 25.963836, 25.99709, 26.037867, 26.08298, 26.088664, 26.047339, 25.998221, 25.944868, 25.896309, 25.910914, 25.947024, 25.961723, 26.006803, 26.042849, 26.06623, 26.116497, 26.163878, 26.192927, 26.215384, 26.225553, 26.275326, 26.324789, 26.374191, 26.42826, 26.480609, 26.531687, 26.584351, 26.635064, 26.677646, 26.731605, 26.779045, 26.827645, 26.881984, 26.932258, 26.987868, 27.046199, 27.096156, 27.149342, 27.198319, 27.225909, 27.233968, 27.232561, 27.237904, 27.241778, 27.247745, 27.246715, 27.255802, 27.261183, 27.256487, 27.25521, 27.275326, 27.290662, 27.305657, 27.32336, 27.341537, 27.357076, 27.357209, 27.37752, 27.405311, 27.421132, 27.433829, 27.450988, 27.476102, 27.494396, 27.517981, 27.538828, 27.561297, 27.582435, 27.604098, 27.627394, 27.650216, 27.672741, 27.69243, 27.718944, 27.742686, 27.761182, 27.786598, 27.810757, 27.839337, 27.847353, 27.874674, 27.82228, 27.75001, 27.690553, 27.630701, 27.565195, 27.499994, 27.41105, 27.327276, 27.250448, 27.198441, 27.14236, 27.082068, 27.02364, 26.976185, 26.889681, 26.79863, 26.750122, 26.644918, 26.547766, 26.492791, 26.441372, 26.384577, 26.33342, 26.303306, 26.274743, 26.245338, 26.213893, 26.148809, 26.097128, 26.058885, 26.023071, 25.975122, 25.932517, 25.932814, 25.933123, 25.930609, 25.884557], [10.402764, 10.445498, 10.493459, 10.544019, 10.587855, 10.628994, 10.667798, 10.7144, 10.754886, 10.801481, 10.855323, 10.90504, 10.957559, 11.007332, 11.061268, 11.10129, 11.144793, 11.127917, 11.15921, 11.212683, 11.267043, 11.318528, 11.349377, 11.376361, 11.398272, 11.435014, 11.483265, 11.530268, 11.580195, 11.632392, 11.686984, 11.741837, 11.793475, 11.848118, 11.902, 11.955679, 12.00972, 12.065132, 12.11435, 12.16633, 12.205535, 12.235172, 12.276058, 12.325877, 12.383101, 12.437317, 12.49149, 12.545667, 12.596612, 12.639523, 12.690477, 12.745062, 12.802184, 12.857426, 12.908488, 12.959083, 12.963852, 12.959696, 12.926079, 12.873959, 12.845199, 12.817443, 12.789574, 12.772083, 12.767184, 12.731411, 12.688566, 12.650596, 12.608377, 12.565708, 12.52744, 12.495653, 12.441276, 12.412606, 12.40179, 12.392315, 12.376954, 12.326822, 12.291255, 12.236949, 12.213131, 12.169736, 12.125484, 12.09788, 12.080425, 12.035929, 11.987464, 11.938144, 11.914108, 11.892715, 11.874718, 11.870402, 11.866216, 11.859026, 11.849838, 11.843248, 11.81454, 11.792072, 11.763891, 11.748951, 11.754156, 11.774582, 11.785599, 11.789458, 11.792007, 11.785585, 11.772119, 11.729717, 11.679722, 11.627574, 11.577193, 11.520032, 11.467435, 11.40781, 11.351403, 11.298713, 11.246676, 11.192699, 11.145839, 11.092767, 11.041823, 10.989801, 10.940676, 10.891417, 10.84077, 10.794962, 10.744048, 10.695331, 10.64001, 10.591008, 10.541939, 10.492397, 10.44423, 10.39493, 10.347944, 10.296981, 10.248543, 10.198109, 10.147685, 10.097765, 10.04843, 10.000353, 9.953939, 9.906441, 9.8578, 9.805114, 9.753431, 9.698971, 9.655076, 9.605818, 9.606675, 9.610702, 9.614756, 9.619193, 9.623609, 9.625293, 9.626879, 9.628333, 9.62739, 9.626374, 9.61441, 9.602816, 9.583591, 9.548545, 9.513897, 9.496638, 9.50133, 9.522225, 9.537175, 9.551159, 9.567808, 9.60699, 9.65887, 9.741227, 9.826009, 9.916673, 9.972454, 10.029728, 10.099994, 10.137979, 10.167529, 10.230067, 10.280758, 10.333553, 10.384252, 10.403788]]]}