{"name": "Gezira", "bounding_box": [32.351211, 13.562893, 34.294922, 15.461092], "lat_idx": [272, 292], "lon_idx": [132, 152], "line": [[[32.538721, 32.593879, 32.645527, 32.670903, 32.679736, 32.692043, 32.696103, 32.743344, 32.785149, 32.827309, 32.877985, 32.923709, 32.976362, 33.028485, 33.07849, 33.128228, 33.161679, 33.210693, 33.217004, 33.259509, 33.294887, 33.343099, 33.398166, 33.443815, 33.496827, 33.548566, 33.596179, 33.634488, 33.647501, 33.68703, 33.74017, 33.787413, 33.83353, 33.881235, 33.93265, 33.981552, 34.024562, 34.052447, 34.080538, 34.111531, 34.142055, 34.170271, 34.203388, 34.230417, 34.25892, 34.288649, 34.291196, 34.27416, 34.242932, 34.211809, 34.179154, 34.148827, 34.115972, 34.087801, 34.056931, 34.021173, 33.98978, 33.95856, 33.925979, 33.923448, 33.929445, 33.964219, 33.919505, 33.869291, 33.81969, 33.768281, 33.726714, 33.671264, 33.652244, 33.634959, 33.634685, 33.623721, 33.618101, 33.569947, 33.586201, 33.570354, 33.606851, 33.614417, 33.590848, 33.544659, 33.49699, 33.464553, 33.474882, 33.493201, 33.498562, 33.449433, 33.410257, 33.369076, 33.34751, 33.323974, 33.284292, 33.239165, 33.185522, 33.13132, 33.079413, 33.060457, 33.059411, 33.058718, 33.074213, 33.048628, 33.002858, 32.966597, 32.924492, 32.886962, 32.858286, 32.833495, 32.78325, 32.740629, 32.719552, 32.685406, 32.709831, 32.69134, 32.673856, 32.659369, 32.611555, 32.563907, 32.532127, 32.53004, 32.509369, 32.488887, 32.457553, 32.46574, 32.486452, 32.460125, 32.4379, 32.42206, 32.421004, 32.409745, 32.377276, 32.351815, 32.365652, 32.416244, 32.469517, 32.495294, 32.526367, 32.550954, 32.558272, 32.550638, 32.550338, 32.555116, 32.561335, 32.53211, 32.5267], [15.195083, 15.188087, 15.184789, 15.232775, 15.284473, 15.333563, 15.385653, 15.40371, 15.366034, 15.338896, 15.317855, 15.286371, 15.268054, 15.280032, 15.289057, 15.262413, 15.221892, 15.238565, 15.293404, 15.322882, 15.36053, 15.38381, 15.397471, 15.422198, 15.443978, 15.461092, 15.432392, 15.393281, 15.342048, 15.310758, 15.302279, 15.280988, 15.257423, 15.236483, 15.214604, 15.198573, 15.16864, 15.126055, 15.081373, 15.03743, 14.995433, 14.953351, 14.907677, 14.863023, 14.813157, 14.768412, 14.714826, 14.666337, 14.622473, 14.578346, 14.535426, 14.490738, 14.442887, 14.401105, 14.354154, 14.310676, 14.263811, 14.217235, 14.176539, 14.124893, 14.075165, 14.037924, 14.011071, 14.028528, 14.047461, 14.064037, 14.092159, 14.109481, 14.061257, 14.01263, 13.96037, 13.910048, 13.859309, 13.842076, 13.793114, 13.744673, 13.709301, 13.656792, 13.61208, 13.591776, 13.614884, 13.656, 13.706566, 13.757963, 13.808541, 13.835257, 13.868519, 13.903061, 13.951547, 13.998132, 14.040116, 14.070297, 14.054477, 14.0391, 14.042858, 13.993906, 13.939627, 13.884399, 13.834323, 13.790919, 13.765065, 13.730012, 13.701797, 13.662662, 13.618217, 13.574774, 13.590613, 13.617636, 13.664266, 13.701728, 13.75099, 13.803328, 13.852831, 13.905402, 13.920407, 13.944687, 13.984811, 14.037312, 14.085449, 14.132853, 14.173917, 14.226918, 14.276016, 14.319922, 14.370098, 14.417727, 14.470055, 14.520074, 14.561595, 14.60845, 14.659432, 14.677664, 14.6618, 14.708235, 14.749925, 14.796605, 14.849199, 14.901571, 14.953778, 15.003708, 15.056502, 15.097364, 15.152137]]]}