{"name": "Kassala", "bounding_box": [34.208938, 14.20601, 37.030525, 17.208442], "lat_idx": [278, 309], "lon_idx": [150, 179], "line": [[[37.01212, 37.007568, 37.001897, 36.999179, 36.998141, 37.007297, 37.005357, 36.977259, 36.931691, 36.895067, 36.882709, 36.88106, 36.871078, 36.892294, 36.935137, 36.96185, 36.935179, 36.950847, 36.924221, 36.895001, 36.873227, 36.847293, 36.82207, 36.794895, 36.767784, 36.727035, 36.695304, 36.67717, 36.66209, 36.639163, 36.637341, 36.606412, 36.57792, 36.550266, 36.502456, 36.442458, 36.441152, 36.456059, 36.463011, 36.470205, 36.477049, 36.484706, 36.492126, 36.498641, 36.505722, 36.512637, 36.52016, 36.536085, 36.552578, 36.496597, 36.445151, 36.392855, 36.343317, 36.291713, 36.242092, 36.195618, 36.150835, 36.09866, 36.046833, 35.998885, 35.949931, 35.907897, 35.883871, 35.866632, 35.883509, 35.892465, 35.874187, 35.898425, 35.889686, 35.889959, 35.907748, 35.929814, 35.915696, 35.899589, 35.907722, 35.862632, 35.811806, 35.756537, 35.702342, 35.647416, 35.597506, 35.547618, 35.494056, 35.442128, 35.387675, 35.33647, 35.282542, 35.23008, 35.175956, 35.12768, 35.095395, 35.063733, 35.042093, 35.019661, 35.007497, 34.973268, 34.923661, 34.8748, 34.826269, 34.777858, 34.734952, 34.692073, 34.692547, 34.695232, 34.684205, 34.634771, 34.587536, 34.53744, 34.486099, 34.434588, 34.383837, 34.338533, 34.303133, 34.254478, 34.213144, 34.266319, 34.318996, 34.370697, 34.364082, 34.344465, 34.332856, 34.310074, 34.28274, 34.256097, 34.230421, 34.236418, 34.259245, 34.28028, 34.305892, 34.335934, 34.3786, 34.431213, 34.486118, 34.542147, 34.598831, 34.658581, 34.715383, 34.766547, 34.819994, 34.872777, 34.92852, 34.981749, 35.036218, 35.0871, 35.139703, 35.194946, 35.244984, 35.298681, 35.347901, 35.399917, 35.450449, 35.500524, 35.547161, 35.591378, 35.633373, 35.667477, 35.678042, 35.681104, 35.688824, 35.692713, 35.689651, 35.689232, 35.689336, 35.694312, 35.690861, 35.679759, 35.673476, 35.667013, 35.661753, 35.708833, 35.755767, 35.802582, 35.850309, 35.895591, 35.946719, 35.996249, 36.049921, 36.100937, 36.154344, 36.207362, 36.262681, 36.318441, 36.374618, 36.423788, 36.476279, 36.530961, 36.5837, 36.645539, 36.702183, 36.753188, 36.808595, 36.864542, 36.917468, 36.972616], [17.060061, 17.009877, 16.960058, 16.909485, 16.859405, 16.810132, 16.759861, 16.718026, 16.697116, 16.662862, 16.61416, 16.563142, 16.513622, 16.468141, 16.442336, 16.399405, 16.35709, 16.309381, 16.266379, 16.225572, 16.154702, 16.076495, 16.000432, 15.918484, 15.837455, 15.773895, 15.708778, 15.650718, 15.600135, 15.532758, 15.480428, 15.418777, 15.343352, 15.270148, 15.224383, 15.174861, 15.123724, 15.040162, 14.967725, 14.892778, 14.82148, 14.741703, 14.664398, 14.596523, 14.522755, 14.452418, 14.377624, 14.301287, 14.234597, 14.232587, 14.242319, 14.254942, 14.270873, 14.288205, 14.268722, 14.238317, 14.21589, 14.21257, 14.207848, 14.227773, 14.251014, 14.281857, 14.327335, 14.374614, 14.423553, 14.473099, 14.521674, 14.570077, 14.624787, 14.679397, 14.730708, 14.775719, 14.825616, 14.876037, 14.926245, 14.948868, 14.946565, 14.940309, 14.939392, 14.935322, 14.930054, 14.92657, 14.925078, 14.918623, 14.920855, 14.916018, 14.915784, 14.910781, 14.907749, 14.926116, 14.965539, 15.010174, 15.063101, 15.116083, 15.167263, 15.204746, 15.225241, 15.254187, 15.270123, 15.297057, 15.325472, 15.35323, 15.404092, 15.455364, 15.50795, 15.530141, 15.552723, 15.570476, 15.576455, 15.584737, 15.596231, 15.619056, 15.656623, 15.672967, 15.705247, 15.701066, 15.69236, 15.696372, 15.749913, 15.799325, 15.84948, 15.895929, 15.942558, 15.991012, 16.037494, 16.088561, 16.137034, 16.182839, 16.227122, 16.273088, 16.306172, 16.30504, 16.303078, 16.311179, 16.31972, 16.328592, 16.330751, 16.340267, 16.344229, 16.344988, 16.341853, 16.345, 16.350872, 16.353093, 16.358492, 16.361636, 16.360645, 16.35782, 16.347076, 16.344246, 16.349418, 16.37332, 16.396865, 16.425485, 16.46432, 16.511763, 16.5643, 16.614875, 16.664999, 16.71485, 16.769537, 16.822534, 16.879205, 16.933771, 16.985653, 17.038245, 17.09416, 17.150689, 17.208442, 17.186052, 17.167698, 17.145265, 17.126363, 17.102659, 17.079203, 17.053691, 17.047838, 17.0429, 17.040862, 17.034175, 17.036387, 17.037403, 17.035281, 17.025478, 17.019024, 17.013083, 17.011371, 17.007336, 17.006986, 17.006719, 17.01667, 17.034045, 17.045975, 17.06293]]]}