{"name": "North Kordufan", "bounding_box": [26.958799, 12.237103, 32.356128, 16.536434], "lat_idx": [258, 302], "lon_idx": [78, 133], "line": [[[31.689585, 31.633962, 31.585638, 31.534248, 31.483409, 31.430741, 31.379708, 31.330348, 31.28229, 31.229935, 31.178334, 31.127277, 31.072356, 31.048762, 31.051741, 31.051043, 31.036199, 30.985639, 30.937539, 30.905516, 30.854854, 30.831958, 30.781734, 30.730986, 30.674622, 30.621994, 30.565066, 30.527298, 30.502772, 30.485761, 30.461365, 30.426488, 30.390865, 30.424754, 30.368625, 30.314788, 30.259578, 30.210043, 30.162536, 30.120687, 30.073096, 30.035214, 30.042112, 30.040336, 30.021221, 30.005765, 29.984961, 29.934523, 29.87934, 29.828603, 29.778563, 29.753779, 29.730289, 29.701607, 29.674433, 29.645458, 29.620028, 29.592769, 29.549652, 29.531971, 29.529455, 29.524039, 29.524623, 29.52806, 29.487139, 29.438604, 29.390245, 29.341598, 29.293271, 29.257899, 29.215448, 29.176566, 29.142382, 29.105982, 29.055976, 29.007627, 28.961534, 28.916022, 28.872684, 28.871409, 28.817524, 28.777767, 28.72593, 28.672934, 28.62542, 28.578286, 28.523397, 28.471927, 28.415513, 28.36605, 28.317409, 28.260115, 28.217761, 28.166164, 28.114528, 28.064088, 28.058076, 28.049686, 28.00878, 27.985882, 27.9346, 27.885539, 27.83408, 27.785708, 27.738123, 27.685274, 27.634188, 27.579679, 27.522962, 27.476534, 27.461479, 27.476231, 27.425041, 27.374552, 27.322078, 27.271593, 27.220499, 27.168186, 27.157784, 27.167425, 27.170419, 27.180582, 27.187415, 27.193178, 27.204211, 27.211717, 27.219432, 27.252108, 27.264131, 27.249734, 27.240052, 27.225906, 27.209282, 27.182474, 27.150049, 27.129786, 27.113523, 27.096042, 27.079591, 27.066932, 27.060067, 27.058606, 27.0613, 27.050282, 27.042989, 27.043751, 27.038028, 27.033231, 27.024232, 27.01944, 27.018277, 27.014556, 27.002616, 26.999559, 26.997334, 26.995058, 26.980761, 26.978961, 26.977638, 26.972282, 26.960794, 26.959876, 26.95984, 26.95962, 26.960435, 27.011033, 27.061356, 27.120688, 27.1788, 27.23283, 27.284032, 27.338613, 27.3965, 27.455795, 27.515914, 27.575308, 27.627405, 27.681963, 27.736051, 27.789222, 27.840703, 27.900431, 27.952329, 28.008794, 28.060534, 28.118229, 28.177914, 28.232849, 28.283558, 28.335345, 28.385953, 28.442006, 28.49385, 28.545197, 28.606618, 28.663129, 28.719243, 28.772749, 28.831923, 28.883265, 28.937635, 28.993744, 29.048763, 29.100396, 29.150571, 29.20991, 29.265742, 29.316789, 29.372787, 29.426482, 29.481252, 29.536562, 29.590901, 29.642485, 29.695457, 29.752759, 29.806855, 29.862472, 29.917507, 29.975467, 30.029998, 30.082929, 30.139731, 30.194546, 30.246711, 30.300135, 30.35187, 30.40664, 30.457107, 30.513967, 30.566588, 30.63, 30.680944, 30.737707, 30.792704, 30.85281, 30.903084, 30.959403, 31.018608, 31.068776, 31.120262, 31.173835, 31.22784, 31.28426, 31.338492, 31.389073, 31.445501, 31.503946, 31.555551, 31.605158, 31.657258, 31.705012, 31.725087, 31.748649, 31.768076, 31.791692, 31.817743, 31.836421, 31.862027, 31.884338, 31.906294, 31.923719, 31.948606, 31.97115, 31.994053, 32.021225, 32.055956, 32.088068, 32.113704, 32.140996, 32.158634, 32.181588, 32.200084, 32.224272, 32.252583, 32.281262, 32.303795, 32.324711, 32.350264, 32.309025, 32.259205, 32.208523, 32.15857, 32.112444, 32.060403, 32.068233, 32.031738, 31.978072, 31.940742, 31.91537, 31.897831, 31.879574, 31.849843, 31.805096, 31.753694, 31.702953, 31.662829, 31.623575, 31.601122, 31.596324, 31.586328, 31.569559, 31.548081, 31.53399, 31.529086, 31.534328, 31.535747, 31.55327, 31.571655, 31.604877, 31.651333, 31.694065, 31.738318, 31.780274, 31.800751, 31.8216, 31.842396, 31.86017, 31.889086, 31.9271, 31.950503, 31.998297, 32.028348, 32.006784, 31.989343, 32.006264, 32.020929, 32.010924, 31.96442, 31.911919, 31.863879, 31.82611, 31.78867, 31.744991, 31.733743, 31.704958, 31.692236, 31.693938, 31.676476, 31.670394, 31.670777, 31.675495], [12.557016, 12.570549, 12.58938, 12.609085, 12.62781, 12.645338, 12.625714, 12.63465, 12.617524, 12.609817, 12.601149, 12.604691, 12.600923, 12.556585, 12.501025, 12.450674, 12.397023, 12.379479, 12.362241, 12.320625, 12.315051, 12.264996, 12.252243, 12.250773, 12.250217, 12.244986, 12.243698, 12.283049, 12.331913, 12.381293, 12.431769, 12.470716, 12.507061, 12.549623, 12.543612, 12.527528, 12.521133, 12.503996, 12.486882, 12.455859, 12.43079, 12.468807, 12.519327, 12.57049, 12.62012, 12.669781, 12.716138, 12.744517, 12.741694, 12.74631, 12.76318, 12.813298, 12.86033, 12.901358, 12.943837, 12.98689, 13.032074, 13.076104, 13.107023, 13.156787, 13.212888, 13.263865, 13.318172, 13.369923, 13.40408, 13.420452, 13.435792, 13.453944, 13.483796, 13.525309, 13.553065, 13.597635, 13.642696, 13.678435, 13.698915, 13.712646, 13.738203, 13.761728, 13.787314, 13.842723, 13.855189, 13.821619, 13.839258, 13.85728, 13.879445, 13.902592, 13.922219, 13.941586, 13.96513, 13.983989, 13.998483, 14.012513, 13.98492, 13.965669, 13.963629, 13.977799, 14.029798, 14.082935, 14.112671, 14.066935, 14.056788, 14.081507, 14.067414, 14.09543, 14.121444, 14.11841, 14.119783, 14.116851, 14.116126, 14.097121, 14.044173, 13.995735, 13.982995, 13.980813, 13.981973, 13.977341, 13.97694, 13.973292, 14.026124, 14.080722, 14.130961, 14.181944, 14.233393, 14.285315, 14.340853, 14.39095, 14.449424, 14.500668, 14.556281, 14.611466, 14.662547, 14.713045, 14.767526, 14.821314, 14.859569, 14.913081, 14.967484, 15.017003, 15.068923, 15.119891, 15.179258, 15.230097, 15.284504, 15.345814, 15.408868, 15.461391, 15.522793, 15.578349, 15.630061, 15.680856, 15.738196, 15.788161, 15.850264, 15.909801, 15.968582, 16.019806, 16.077138, 16.134712, 16.193384, 16.245013, 16.301325, 16.35239, 16.403426, 16.454418, 16.506929, 16.524959, 16.521278, 16.524039, 16.524471, 16.521521, 16.523478, 16.520444, 16.521871, 16.518906, 16.517097, 16.519996, 16.521778, 16.52083, 16.518273, 16.523575, 16.52471, 16.522587, 16.52025, 16.520654, 16.520155, 16.519455, 16.523658, 16.520868, 16.520275, 16.519964, 16.520473, 16.522346, 16.520647, 16.519281, 16.517501, 16.518379, 16.519644, 16.517765, 16.51947, 16.519832, 16.519947, 16.519983, 16.519995, 16.523018, 16.518738, 16.522026, 16.520101, 16.519793, 16.519168, 16.519803, 16.521737, 16.522041, 16.519906, 16.521762, 16.519006, 16.519764, 16.520147, 16.519556, 16.520872, 16.517943, 16.519655, 16.519918, 16.525599, 16.521147, 16.518762, 16.520906, 16.527022, 16.522973, 16.530934, 16.52767, 16.531857, 16.53, 16.525848, 16.521531, 16.520363, 16.51947, 16.526318, 16.52168, 16.520206, 16.51925, 16.518228, 16.518269, 16.519394, 16.519276, 16.519835, 16.519961, 16.520599, 16.520142, 16.524014, 16.535245, 16.531515, 16.509921, 16.460612, 16.412967, 16.360383, 16.310654, 16.258958, 16.210887, 16.15674, 16.110184, 16.058242, 16.010589, 15.960485, 15.908019, 15.860365, 15.815471, 15.77511, 15.727042, 15.679399, 15.631431, 15.583849, 15.537018, 15.489697, 15.438335, 15.396962, 15.349811, 15.300164, 15.252445, 15.203083, 15.168283, 15.148799, 15.126646, 15.108153, 15.086896, 15.06151, 15.004346, 14.969834, 14.966402, 14.925713, 14.877956, 14.826893, 14.773833, 14.731443, 14.694393, 14.672195, 14.687743, 14.656428, 14.621541, 14.575048, 14.522195, 14.469662, 14.418387, 14.372019, 14.322504, 14.267059, 14.212696, 14.160005, 14.109651, 14.056656, 14.009672, 13.97543, 13.944399, 13.905928, 13.870591, 13.818886, 13.767174, 13.717843, 13.665126, 13.617751, 13.58071, 13.530428, 13.497203, 13.454818, 13.406054, 13.352841, 13.297956, 13.247591, 13.196754, 13.161796, 13.143251, 13.111327, 13.072485, 13.039055, 13.011336, 12.961848, 12.912512, 12.857461, 12.800165, 12.749537, 12.696363, 12.640981, 12.589318]]]}