{"name": "Northern", "bounding_box": [25.0, 16.514839, 32.654025, 22.224918], "lat_idx": [301, 359], "lon_idx": [58, 136], "line": [[[31.886663, 31.833909, 31.791986, 31.746246, 31.698967, 31.647358, 31.595126, 31.546774, 31.48967, 31.436712, 31.381015, 31.327989, 31.273981, 31.213787, 31.163679, 31.110349, 31.059448, 31.008748, 30.949204, 30.898642, 30.840741, 30.780272, 30.726942, 30.671258, 30.61, 30.553987, 30.501955, 30.446143, 30.396273, 30.342842, 30.29001, 30.234879, 30.182728, 30.129642, 30.073906, 30.02163, 29.965363, 29.906676, 29.853296, 29.795424, 29.74058, 29.683943, 29.631261, 29.577869, 29.525088, 29.471669, 29.411975, 29.354146, 29.296761, 29.237937, 29.177727, 29.120042, 29.061702, 29.007808, 28.950726, 28.899949, 28.841442, 28.783732, 28.728732, 28.674847, 28.623383, 28.569798, 28.514858, 28.459254, 28.404327, 28.342218, 28.283558, 28.232849, 28.177914, 28.126172, 28.072901, 28.019095, 27.967825, 27.911938, 27.858648, 27.804927, 27.746399, 27.692381, 27.638054, 27.583981, 27.529046, 27.49347, 27.498521, 27.497462, 27.49974, 27.498862, 27.49821, 27.498492, 27.499827, 27.499454, 27.499561, 27.498613, 27.499181, 27.498369, 27.498531, 27.498763, 27.497607, 27.499998, 27.499993, 27.499977, 27.499926, 27.499689, 27.500413, 27.500799, 27.49889, 27.49649, 27.497742, 27.497284, 27.498239, 27.499571, 27.499751, 27.499776, 27.499014, 27.498796, 27.496905, 27.500872, 27.500729, 27.498092, 27.499409, 27.494891, 27.500033, 27.499198, 27.499922, 27.499815, 27.499561, 27.498614, 27.499619, 27.498885, 27.499479, 27.499011, 27.500771, 27.499772, 27.499038, 27.499943, 27.499761, 27.499091, 27.497127, 27.493365, 27.497613, 27.498443, 27.499419, 27.500528, 27.479141, 27.426928, 27.374374, 27.316709, 27.264419, 27.212752, 27.152374, 27.096539, 27.043847, 26.984084, 26.931023, 26.87633, 26.82145, 26.768454, 26.713455, 26.66256, 26.605205, 26.550383, 26.495668, 26.44101, 26.387186, 26.328928, 26.275889, 26.218072, 26.159898, 26.105738, 26.047323, 25.98822, 25.933647, 25.878532, 25.820043, 25.759393, 25.708005, 25.654683, 25.59146, 25.537806, 25.479814, 25.415527, 25.353468, 25.29, 25.230576, 25.172382, 25.11866, 25.060689, 25.005668, 25.0, 25.0, 30.0, 30.221502, 31.0, 31.315029, 31.329359, 31.346333, 31.372767, 31.40736, 31.448364, 31.495474, 31.479427, 31.447451, 31.422344, 31.398882, 32.0, 32.411711, 32.4109, 32.416065, 32.418755, 32.416009, 32.407526, 32.401354, 32.400429, 32.399458, 32.398832, 32.401008, 32.392547, 32.389866, 32.383698, 32.384755, 32.382559, 32.380607, 32.379308, 32.370148, 32.369772, 32.36311, 32.360361, 32.360114, 32.359829, 32.35997, 32.354726, 32.349581, 32.357477, 32.353659, 32.342573, 32.341933, 32.347447, 32.341681, 32.342099, 32.333137, 32.330852, 32.323797, 32.320618, 32.319769, 32.319976, 32.319923, 32.315979, 32.316938, 32.313676, 32.31013, 32.309051, 32.308297, 32.29955, 32.287446, 32.285147, 32.283084, 32.277767, 32.277646, 32.267797, 32.264257, 32.265782, 32.257402, 32.273989, 32.310038, 32.353078, 32.391686, 32.428126, 32.470535, 32.50723, 32.544787, 32.587853, 32.626402, 32.631367, 32.588062, 32.550746, 32.510613, 32.466691, 32.424135, 32.384217, 32.346477, 32.318311, 32.290916, 32.266441, 32.249637, 32.230958, 32.209749, 32.189961, 32.206726, 32.225377, 32.243299, 32.264276, 32.279146, 32.295276, 32.314142, 32.335735, 32.353205, 32.376332, 32.363849, 32.33846, 32.304247, 32.270415, 32.247413, 32.210786, 32.175186, 32.14038, 32.107489, 32.076938, 32.042507, 32.010686, 31.978507, 31.949616, 31.920962, 31.890465], [16.629747, 16.609163, 16.581006, 16.553969, 16.525623, 16.532714, 16.53366, 16.520764, 16.520189, 16.520798, 16.519948, 16.518943, 16.519198, 16.519193, 16.517948, 16.517638, 16.519, 16.520275, 16.522239, 16.525776, 16.519528, 16.520484, 16.52185, 16.525399, 16.53, 16.532475, 16.528582, 16.529281, 16.521984, 16.525893, 16.521208, 16.518349, 16.521529, 16.524445, 16.519891, 16.51954, 16.518633, 16.521163, 16.519408, 16.520195, 16.519685, 16.520189, 16.523646, 16.519875, 16.523827, 16.520445, 16.519737, 16.519425, 16.518239, 16.52027, 16.517443, 16.519951, 16.519996, 16.519987, 16.51996, 16.519874, 16.519602, 16.518324, 16.519733, 16.518874, 16.51668, 16.519596, 16.519732, 16.52132, 16.521236, 16.519907, 16.520275, 16.520868, 16.523658, 16.519591, 16.520116, 16.520491, 16.520298, 16.523119, 16.525951, 16.520131, 16.518705, 16.520623, 16.523889, 16.519997, 16.517823, 16.565338, 16.618516, 16.67346, 16.729658, 16.782788, 16.839527, 16.898351, 16.960648, 17.018678, 17.080923, 17.139864, 17.200108, 17.256, 17.310791, 17.362786, 17.416543, 17.475594, 17.538551, 17.600483, 17.659922, 17.722016, 17.783936, 17.836225, 17.896092, 17.950616, 18.002131, 18.061007, 18.120859, 18.17681, 18.231284, 18.282196, 18.341268, 18.397255, 18.45491, 18.507888, 18.560366, 18.619534, 18.677537, 18.72998, 18.78374, 18.834825, 18.887342, 18.9437, 18.995066, 19.049468, 19.104817, 19.158228, 19.212922, 19.271181, 19.331013, 19.386803, 19.446321, 19.496405, 19.555809, 19.617692, 19.671318, 19.729621, 19.78095, 19.836856, 19.894374, 19.94617, 19.995538, 19.999985, 20.000516, 20.00082, 20.000246, 19.9996, 19.999905, 20.001167, 19.999246, 19.999568, 20.000313, 19.999627, 19.998818, 19.999811, 19.999781, 20.003315, 19.999885, 20.000247, 19.99965, 19.999773, 19.999946, 19.999525, 19.99985, 20.000301, 20.000095, 20.00004, 20.000013, 20.00099, 19.999893, 19.999981, 19.999994, 19.999998, 20.00116, 20.001853, 20.00033, 20.000104, 20.000033, 20.00001, 20.002516, 20.01, 20.010983, 20.004844, 20.006141, 20.011288, 20.023739, 20.479337, 22.0, 22.0, 22.0, 22.0, 22.0, 22.049139, 22.098404, 22.142517, 22.1789, 22.213346, 22.194611, 22.145872, 22.106909, 22.061422, 22.0, 22.0, 22.0, 21.934092, 21.876473, 21.824392, 21.763863, 21.713293, 21.654263, 21.601147, 21.549247, 21.496017, 21.438909, 21.385096, 21.33364, 21.283207, 21.22762, 21.173075, 21.1178, 21.059116, 21.004532, 20.945803, 20.889192, 20.836727, 20.779734, 20.726179, 20.674017, 20.617806, 20.565675, 20.513868, 20.459905, 20.402291, 20.344717, 20.293897, 20.237294, 20.183224, 20.133915, 20.083092, 20.027806, 19.975738, 19.923362, 19.86261, 19.804217, 19.743847, 19.682547, 19.631422, 19.575782, 19.52551, 19.469313, 19.409763, 19.349542, 19.297821, 19.240674, 19.189211, 19.138195, 19.083893, 19.031146, 18.9733, 18.923813, 18.873609, 18.832298, 18.788854, 18.751172, 18.71479, 18.671817, 18.636394, 18.596966, 18.558318, 18.521701, 18.469829, 18.428375, 18.392541, 18.359549, 18.324794, 18.284598, 18.244056, 18.208394, 18.162395, 18.115615, 18.065856, 18.018683, 17.965298, 17.91595, 17.86856, 17.817954, 17.763032, 17.710788, 17.655687, 17.603085, 17.554628, 17.506151, 17.457045, 17.403369, 17.358974, 17.309067, 17.262827, 17.216266, 17.171027, 17.126626, 17.086173, 17.03618, 16.995167, 16.948044, 16.904309, 16.859562, 16.812955, 16.766385, 16.724064, 16.682056, 16.637778]]]}