{"name": "Red Sea", "bounding_box": [33.265656, 17.004641, 38.581341, 23.14827], "lat_idx": [306, 368], "lon_idx": [141, 195], "line": [[[35.661753, 35.609975, 35.561451, 35.516882, 35.472749, 35.431223, 35.386024, 35.346522, 35.306553, 35.26539, 35.222666, 35.18325, 35.143884, 35.105174, 35.066669, 35.033184, 34.994519, 34.960298, 34.931732, 34.89445, 34.87125, 34.834687, 34.796229, 34.755856, 34.719327, 34.678699, 34.644875, 34.604539, 34.560127, 34.516423, 34.469577, 34.415396, 34.365994, 34.317647, 34.262134, 34.213822, 34.162777, 34.116639, 34.093678, 34.073276, 34.052857, 34.031968, 34.008233, 33.984779, 33.969384, 33.944732, 33.925035, 33.90701, 33.884465, 33.860289, 33.847178, 33.829871, 33.807208, 33.778726, 33.743, 33.71733, 33.690794, 33.677679, 33.678203, 33.682693, 33.685383, 33.688539, 33.692527, 33.684818, 33.675743, 33.663608, 33.658362, 33.64409, 33.623445, 33.608816, 33.615716, 33.621787, 33.634887, 33.640432, 33.64911, 33.6555, 33.671515, 33.667831, 33.641266, 33.616475, 33.588232, 33.567429, 33.54262, 33.49078, 33.441639, 33.411639, 33.374633, 33.325785, 33.286399, 33.27766, 33.292074, 33.294093, 33.290459, 33.302109, 33.339302, 33.348919, 33.336788, 33.330163, 33.310032, 33.273645, 33.300281, 33.343345, 33.389519, 33.434719, 33.481867, 33.533796, 33.566353, 33.592669, 33.61347, 33.630941, 34.078501, 34.14944, 34.496551, 34.604709, 34.683567, 34.777845, 34.870694, 34.947313, 35.207339, 35.532793, 35.615899, 35.649639, 35.660473, 35.66375, 35.671638, 35.714554, 35.742085, 35.715443, 35.764999, 35.785416, 35.805779, 35.842083, 35.883335, 35.929974, 35.976223, 36.025028, 36.076637, 36.125832, 36.183334, 36.224972, 36.262085, 36.290359, 36.304138, 36.344112, 36.390778, 36.425388, 36.454113, 36.499554, 36.547474, 36.590027, 36.628334, 36.668724, 36.707863, 36.765835, 36.805, 36.840389, 36.883305, 36.890415, 36.866222, 36.875446, 36.879944, 36.882027, 36.892056, 36.897888, 36.897083, 36.922443, 36.94664, 36.961666, 36.992916, 36.994141, 37.041222, 37.004166, 37.058304, 37.092918, 37.129166, 37.166668, 37.2075, 37.241249, 37.276222, 37.301666, 37.305389, 37.255001, 37.222057, 37.199554, 37.240833, 37.238335, 37.19125, 37.158722, 37.141693, 37.097916, 37.132084, 37.118778, 37.091251, 37.107082, 37.134972, 37.157917, 37.170387, 37.174557, 37.178722, 37.184528, 37.194557, 37.210388, 37.230415, 37.239582, 37.236252, 37.186222, 37.206196, 37.194557, 37.19289, 37.204529, 37.206196, 37.213696, 37.217056, 37.212029, 37.219582, 37.222916, 37.186638, 37.205387, 37.219555, 37.245388, 37.254971, 37.263748, 37.259583, 37.257027, 37.23539, 37.24128, 37.266251, 37.292084, 37.301224, 37.313751, 37.327057, 37.329582, 37.337055, 37.357056, 37.345001, 37.366222, 37.394165, 37.407082, 37.417915, 37.412861, 37.441223, 37.480362, 37.503723, 37.55336, 37.604195, 37.657471, 37.709141, 37.753693, 37.787498, 37.835835, 37.888279, 37.935833, 37.972889, 38.002029, 38.049973, 38.095806, 38.078724, 38.083721, 38.105415, 38.149166, 38.195389, 38.247501, 38.280834, 38.261276, 38.296249, 38.343334, 38.391666, 38.39875, 38.437111, 38.478359, 38.497139, 38.538334, 38.559582, 38.540817, 38.495489, 38.452085, 38.421512, 38.400041, 38.380809, 38.356958, 38.290018, 38.264891, 38.239641, 38.189599, 38.142212, 38.100108, 38.053887, 38.003767, 37.977771, 37.957727, 37.910444, 37.862668, 37.823151, 37.773487, 37.773104, 37.763088, 37.700091, 37.611426, 37.549839, 37.502938, 37.521958, 37.495044, 37.481903, 37.459772, 37.423978, 37.395833, 37.34919, 37.303203, 37.253848, 37.204981, 37.154622, 37.107051, 37.056556, 37.007216, 36.962624, 36.91209, 36.855668, 36.798946, 36.747391, 36.691004, 36.633009, 36.574933, 36.524615, 36.471076, 36.414943, 36.358304, 36.302879, 36.248484, 36.192091, 36.136405, 36.081388, 36.026976, 35.976501, 35.929898, 35.88024, 35.827741, 35.777986, 35.729044, 35.679755], [17.208442, 17.229624, 17.260748, 17.294407, 17.32538, 17.353808, 17.385152, 17.419065, 17.452271, 17.483016, 17.514438, 17.554763, 17.587183, 17.633168, 17.675408, 17.722146, 17.761796, 17.800905, 17.846137, 17.887145, 17.932246, 17.969288, 18.005602, 18.039479, 18.073659, 18.11134, 18.148201, 18.17885, 18.203593, 18.229844, 18.253264, 18.27708, 18.290584, 18.307236, 18.323332, 18.339949, 18.353575, 18.385093, 18.431605, 18.480777, 18.536601, 18.591722, 18.637004, 18.686458, 18.736126, 18.785662, 18.838666, 18.886994, 18.943814, 18.993381, 19.048456, 19.097871, 19.153916, 19.208428, 19.261296, 19.309055, 19.353269, 19.408074, 19.459936, 19.517828, 19.573721, 19.623834, 19.676577, 19.731555, 19.784203, 19.839361, 19.891399, 19.9495, 20.00507, 20.057038, 20.110401, 20.160537, 20.213379, 20.26647, 20.325986, 20.384902, 20.43989, 20.494392, 20.544289, 20.596287, 20.64244, 20.692567, 20.738265, 20.760606, 20.79334, 20.837293, 20.873274, 20.902261, 20.936725, 20.988683, 21.048171, 21.098538, 21.149321, 21.200809, 21.236617, 21.290105, 21.348126, 21.401757, 21.448642, 21.490886, 21.541092, 21.569073, 21.602279, 21.630668, 21.66721, 21.697562, 21.749098, 21.805059, 21.891666, 21.96145, 22.000008, 22.203903, 22.26082, 22.280797, 22.295175, 22.495822, 22.69744, 22.86017, 22.785616, 23.070526, 23.143279, 23.095861, 23.045084, 22.994888, 22.94536, 22.915751, 22.873249, 22.916584, 22.907806, 22.859083, 22.812027, 22.774111, 22.742027, 22.721972, 22.69739, 22.684528, 22.676195, 22.66625, 22.662056, 22.631222, 22.597445, 22.554945, 22.504555, 22.464527, 22.439556, 22.395805, 22.348722, 22.326666, 22.30625, 22.279556, 22.24375, 22.206667, 22.173361, 22.159584, 22.126223, 22.09, 22.063723, 22.014166, 21.965834, 21.909195, 21.857056, 21.803305, 21.748333, 21.689167, 21.639166, 21.592916, 21.547916, 21.499584, 21.459139, 21.408722, 21.385805, 21.349583, 21.353722, 21.314138, 21.26786, 21.234556, 21.202084, 21.164972, 21.124971, 21.079556, 21.026667, 21.014555, 21.052473, 21.099167, 21.067083, 21.117056, 21.134167, 21.174139, 21.221222, 21.190834, 21.153305, 21.103333, 21.060806, 21.013334, 20.970388, 20.925806, 20.875, 20.822445, 20.769945, 20.717472, 20.667444, 20.618361, 20.5725, 20.516666, 20.466667, 20.454971, 20.406666, 20.3575, 20.306667, 20.2575, 20.206638, 20.156639, 20.106667, 20.056639, 20.113277, 20.060833, 20.026222, 19.978333, 19.926666, 19.882473, 19.83289, 19.783306, 19.726639, 19.676666, 19.629972, 19.573305, 19.524166, 19.477472, 19.424944, 19.375805, 19.327499, 19.2775, 19.224972, 19.173334, 19.124584, 19.076639, 19.031279, 18.979139, 18.925833, 18.873333, 18.830833, 18.786638, 18.74, 18.717112, 18.717028, 18.723722, 18.702055, 18.676666, 18.632055, 18.605389, 18.590389, 18.570417, 18.528334, 18.486639, 18.450388, 18.424639, 18.374166, 18.324194, 18.278334, 18.249611, 18.23, 18.234583, 18.274611, 18.228333, 18.192528, 18.174612, 18.189638, 18.139223, 18.101749, 18.073, 18.120056, 18.083805, 18.038416, 17.981504, 17.939455, 17.899191, 17.830099, 17.781576, 17.723407, 17.676363, 17.638619, 17.595078, 17.55148, 17.555712, 17.572524, 17.545081, 17.56444, 17.563091, 17.519743, 17.473706, 17.456395, 17.471234, 17.502004, 17.483311, 17.432846, 17.383587, 17.379461, 17.372812, 17.352071, 17.315786, 17.269418, 17.225872, 17.177486, 17.13229, 17.095727, 17.053995, 17.073007, 17.093644, 17.085044, 17.073757, 17.07256, 17.089906, 17.092596, 17.084147, 17.059792, 17.044523, 17.03251, 17.015003, 17.007261, 17.007739, 17.006903, 17.010546, 17.013085, 17.021225, 17.026339, 17.036091, 17.037253, 17.035275, 17.035629, 17.042015, 17.046358, 17.046885, 17.062554, 17.086362, 17.112506, 17.135964, 17.157223, 17.177157, 17.196249]]]}