{"name": "River Nile", "bounding_box": [31.886663, 15.982948, 35.694837, 22.000004], "lat_idx": [296, 357], "lon_idx": [127, 166], "line": [[[32.411711, 33.0, 33.162899, 33.638912, 33.61347, 33.592669, 33.566353, 33.540746, 33.497168, 33.450491, 33.408945, 33.368702, 33.317866, 33.274887, 33.287866, 33.318927, 33.338365, 33.342495, 33.347955, 33.330788, 33.297021, 33.29081, 33.297276, 33.286872, 33.274374, 33.298533, 33.340671, 33.38467, 33.425516, 33.457894, 33.509105, 33.554297, 33.572771, 33.599058, 33.627118, 33.648354, 33.670442, 33.668686, 33.653999, 33.648813, 33.635799, 33.63091, 33.618732, 33.609845, 33.611659, 33.628541, 33.647746, 33.661522, 33.666415, 33.677658, 33.686425, 33.691855, 33.688052, 33.682873, 33.681012, 33.676805, 33.681008, 33.699414, 33.727208, 33.75665, 33.789958, 33.814239, 33.834751, 33.852761, 33.870185, 33.889482, 33.912758, 33.930513, 33.954799, 33.975505, 33.997119, 34.017644, 34.038948, 34.0607, 34.080061, 34.100796, 34.125737, 34.179224, 34.233288, 34.286627, 34.336665, 34.391285, 34.438664, 34.49115, 34.540953, 34.587537, 34.631212, 34.671524, 34.711996, 34.749509, 34.789276, 34.825576, 34.865, 34.88917, 34.925876, 34.954602, 34.988756, 35.027578, 35.060261, 35.10005, 35.13604, 35.176811, 35.217542, 35.258534, 35.302014, 35.340216, 35.378717, 35.424965, 35.468005, 35.509934, 35.552578, 35.594367, 35.641015, 35.665495, 35.669371, 35.678482, 35.686061, 35.692475, 35.691178, 35.690029, 35.689911, 35.693049, 35.689856, 35.681057, 35.674834, 35.671415, 35.650712, 35.613206, 35.569241, 35.521927, 35.476113, 35.427963, 35.373011, 35.320428, 35.260667, 35.203262, 35.147801, 35.092801, 35.041974, 34.989257, 34.937784, 34.887622, 34.829992, 34.774885, 34.723843, 34.667169, 34.615647, 34.563158, 34.511775, 34.456659, 34.399516, 34.347938, 34.319473, 34.292441, 34.269073, 34.245989, 34.220867, 34.17145, 34.116087, 34.060736, 34.008818, 33.954517, 33.903528, 33.846435, 33.791791, 33.741479, 33.683223, 33.628533, 33.5773, 33.530977, 33.485752, 33.443051, 33.395347, 33.342168, 33.296788, 33.244736, 33.188802, 33.136821, 33.083784, 33.029617, 32.978387, 32.928691, 32.879853, 32.829823, 32.78557, 32.737455, 32.693612, 32.64054, 32.586663, 32.530019, 32.475359, 32.420882, 32.368021, 32.314517, 32.261368, 32.21076, 32.159001, 32.111141, 32.070674, 32.027511, 31.9893, 31.947084, 31.905586, 31.913932, 31.941565, 31.974676, 32.001305, 32.032638, 32.061584, 32.094513, 32.123158, 32.1562, 32.194762, 32.229396, 32.258159, 32.287236, 32.32324, 32.352683, 32.375659, 32.362573, 32.344373, 32.32147, 32.302973, 32.285559, 32.26678, 32.249842, 32.234117, 32.215827, 32.199054, 32.201226, 32.223829, 32.242762, 32.262344, 32.284799, 32.310676, 32.338503, 32.379687, 32.415485, 32.455877, 32.495733, 32.54062, 32.581858, 32.619538, 32.641775, 32.59839, 32.55556, 32.519807, 32.483345, 32.443468, 32.403932, 32.367834, 32.332733, 32.297527, 32.26392, 32.259522, 32.266852, 32.264094, 32.271919, 32.275984, 32.280447, 32.28727, 32.286275, 32.293294, 32.306894, 32.309075, 32.310073, 32.311419, 32.313305, 32.31727, 32.31659, 32.31989, 32.319943, 32.319589, 32.321549, 32.325537, 32.331013, 32.337435, 32.342567, 32.344189, 32.345462, 32.341447, 32.3461, 32.364282, 32.351497, 32.349255, 32.359987, 32.359928, 32.359982, 32.360203, 32.361219, 32.367372, 32.36946, 32.376479, 32.380342, 32.38144, 32.38455, 32.380676, 32.386574, 32.386375, 32.396752, 32.399912, 32.399029, 32.399212, 32.401016, 32.405645, 32.416009, 32.418755, 32.416065, 32.4109, 32.4116], [22.0, 22.0, 22.0, 22.000004, 21.891666, 21.805059, 21.749098, 21.702386, 21.674921, 21.646771, 21.614627, 21.584716, 21.554156, 21.525465, 21.473365, 21.431758, 21.37721, 21.323803, 21.268504, 21.22076, 21.181497, 21.130424, 21.080735, 21.028459, 20.975745, 20.921767, 20.893064, 20.864775, 20.81973, 20.781535, 20.75357, 20.726007, 20.678645, 20.625655, 20.580014, 20.532385, 20.485856, 20.429854, 20.369869, 20.311315, 20.253404, 20.196008, 20.140955, 20.082637, 20.028048, 19.980847, 19.928868, 19.870824, 19.820326, 19.768937, 19.71874, 19.66432, 19.608445, 19.552576, 19.494503, 19.443219, 19.390288, 19.336576, 19.288587, 19.23543, 19.187205, 19.132873, 19.08629, 19.028887, 18.979549, 18.93192, 18.877746, 18.823315, 18.771047, 18.716983, 18.667398, 18.62062, 18.572708, 18.517288, 18.462263, 18.416572, 18.36746, 18.348442, 18.334775, 18.315993, 18.301432, 18.28276, 18.2651, 18.243718, 18.217481, 18.1881, 18.159579, 18.117181, 18.077744, 18.043462, 18.012574, 17.975605, 17.939661, 17.894991, 17.851992, 17.807002, 17.769185, 17.726749, 17.682363, 17.638746, 17.593795, 17.560104, 17.519904, 17.48742, 17.456305, 17.422881, 17.390431, 17.35968, 17.3295, 17.298451, 17.266548, 17.238924, 17.217658, 17.17193, 17.117412, 17.062942, 17.012282, 16.961153, 16.903539, 16.852183, 16.798216, 16.744068, 16.688121, 16.632254, 16.576571, 16.526065, 16.479623, 16.441418, 16.411057, 16.380909, 16.358864, 16.341755, 16.345063, 16.355506, 16.359895, 16.360231, 16.35952, 16.352484, 16.351163, 16.346701, 16.342452, 16.343209, 16.343936, 16.342508, 16.331799, 16.328832, 16.326026, 16.313265, 16.307346, 16.303776, 16.305508, 16.288407, 16.24582, 16.201338, 16.153414, 16.106184, 16.061503, 16.042398, 16.031475, 16.022797, 16.012147, 16.005009, 15.997961, 15.989585, 15.989527, 15.986387, 15.983054, 15.998087, 16.020689, 16.042447, 16.073034, 16.108456, 16.125192, 16.14046, 16.162031, 16.180442, 16.182457, 16.192997, 16.206555, 16.211968, 16.224667, 16.231711, 16.24317, 16.250538, 16.273866, 16.306171, 16.333131, 16.346325, 16.351547, 16.362521, 16.364707, 16.370447, 16.377259, 16.38475, 16.39011, 16.398227, 16.416516, 16.450685, 16.484721, 16.518502, 16.552881, 16.580291, 16.616083, 16.667354, 16.711669, 16.755427, 16.802323, 16.842182, 16.883904, 16.926915, 16.969611, 17.016405, 17.063321, 17.105826, 17.147429, 17.194807, 17.238805, 17.285336, 17.332478, 17.386545, 17.43982, 17.48627, 17.533136, 17.580791, 17.636218, 17.690432, 17.74446, 17.794586, 17.846307, 17.899165, 17.949863, 18.001727, 18.053638, 18.103296, 18.148131, 18.197744, 18.238762, 18.276827, 18.313615, 18.350324, 18.384381, 18.422247, 18.461583, 18.5073, 18.551239, 18.585426, 18.622231, 18.658487, 18.700577, 18.738213, 18.773253, 18.809456, 18.846627, 18.886945, 18.938626, 18.997883, 19.053466, 19.107907, 19.163431, 19.222254, 19.2719, 19.327243, 19.388212, 19.440883, 19.496079, 19.550752, 19.613671, 19.670968, 19.721252, 19.781432, 19.835157, 19.891743, 19.944306, 19.997048, 20.050544, 20.108793, 20.160644, 20.216869, 20.267817, 20.321373, 20.377301, 20.430987, 20.478838, 20.537392, 20.587981, 20.648491, 20.700263, 20.756556, 20.811284, 20.861849, 20.925139, 20.979311, 21.036088, 21.092426, 21.14923, 21.199911, 21.25025, 21.303205, 21.354163, 21.409384, 21.468355, 21.525261, 21.58836, 21.643197, 21.702469, 21.763863, 21.824392, 21.876473, 21.934092, 21.99283]]]}