{"name": "Sennar", "bounding_box": [32.911096, 11.749768, 35.692321, 14.109481], "lat_idx": [253, 278], "lon_idx": [137, 166], "line": [[[35.692321, 35.647805, 35.596248, 35.568261, 35.537678, 35.512007, 35.484156, 35.455754, 35.426192, 35.398411, 35.364089, 35.329549, 35.300567, 35.269794, 35.224316, 35.172155, 35.130839, 35.0869, 35.055377, 35.015798, 34.987741, 34.958813, 34.928625, 34.909061, 34.891695, 34.878124, 34.867195, 34.854588, 34.844566, 34.832339, 34.817514, 34.79661, 34.763421, 34.719813, 34.683438, 34.636816, 34.581572, 34.527108, 34.477289, 34.425871, 34.379416, 34.326523, 34.276051, 34.232355, 34.197549, 34.168338, 34.140111, 34.102515, 34.068869, 34.028326, 33.981941, 33.931847, 33.874859, 33.825211, 33.776467, 33.731162, 33.691296, 33.64357, 33.596381, 33.548905, 33.502582, 33.453451, 33.407973, 33.363063, 33.315821, 33.264272, 33.220752, 33.191218, 33.200932, 33.210355, 33.219486, 33.229894, 33.239362, 33.253443, 33.27389, 33.245851, 33.226736, 33.219992, 33.198679, 33.180433, 33.157622, 33.125286, 33.099078, 33.076886, 33.072349, 33.086487, 33.110039, 33.134635, 33.157293, 33.173356, 33.151501, 33.115936, 33.070286, 33.032993, 33.052641, 33.014684, 32.971571, 32.941879, 32.918458, 32.937796, 32.957754, 32.971343, 32.962657, 32.960098, 32.953339, 32.952217, 32.941139, 32.976983, 33.015002, 33.062009, 33.065761, 33.058963, 33.059685, 33.059914, 33.100377, 33.153335, 33.201713, 33.252309, 33.299573, 33.328724, 33.350009, 33.380138, 33.407253, 33.45593, 33.500591, 33.491185, 33.47081, 33.465581, 33.499634, 33.548987, 33.591923, 33.618902, 33.593162, 33.612849, 33.579026, 33.584327, 33.62853, 33.617303, 33.643201, 33.631722, 33.662165, 33.710867, 33.758708, 33.811317, 33.858639, 33.908908, 33.964311, 34.011371, 34.048583, 34.074416, 34.090239, 34.122059, 34.150046, 34.198343, 34.248731, 34.302742, 34.297338, 34.280285, 34.311244, 34.337743, 34.370256, 34.406906, 34.437026, 34.46975, 34.508977, 34.54655, 34.589057, 34.629753, 34.671439, 34.72156, 34.772748, 34.802763, 34.82022, 34.862182, 34.89285, 34.938324, 34.983226, 35.03593, 35.080916, 35.131284, 35.175336, 35.205535, 35.251603, 35.297584, 35.336617, 35.387811, 35.438913, 35.492277, 35.54404, 35.595259, 35.643692, 35.691649], [12.667101, 12.613114, 12.526009, 12.478726, 12.427057, 12.383687, 12.336632, 12.288648, 12.238704, 12.192077, 12.134848, 12.077256, 12.020642, 11.944198, 11.910217, 11.871243, 11.840373, 11.807542, 11.754052, 11.798697, 11.844789, 11.890268, 11.938602, 11.985818, 12.035301, 12.08402, 12.133987, 12.1825, 12.237776, 12.286444, 12.339425, 12.389002, 12.430233, 12.459051, 12.494727, 12.513155, 12.524819, 12.538405, 12.549573, 12.538221, 12.511257, 12.501019, 12.485847, 12.460345, 12.422797, 12.379723, 12.336156, 12.300779, 12.261539, 12.22522, 12.194562, 12.171717, 12.154252, 12.142243, 12.116006, 12.090864, 12.054301, 12.025641, 11.999269, 11.969385, 11.941728, 11.915224, 11.883626, 11.855581, 11.825431, 11.7962, 11.769281, 11.80971, 11.862742, 11.914184, 11.964036, 12.020853, 12.072542, 12.149414, 12.195245, 12.243574, 12.292538, 12.343846, 12.393665, 12.444829, 12.493197, 12.536861, 12.58465, 12.631869, 12.685125, 12.733371, 12.782327, 12.828119, 12.874997, 12.92327, 12.970013, 13.013094, 13.045175, 13.081987, 13.131411, 13.165341, 13.20151, 13.242039, 13.287031, 13.333858, 13.384671, 13.436128, 13.490231, 13.544396, 13.595906, 13.646132, 13.697244, 13.740293, 13.775052, 13.796272, 13.849198, 13.900315, 13.954682, 14.006925, 14.042108, 14.041061, 14.05697, 14.065956, 14.031038, 13.990314, 13.939951, 13.89851, 13.852696, 13.834003, 13.803805, 13.752935, 13.700997, 13.64973, 13.610937, 13.590234, 13.621814, 13.66707, 13.711349, 13.758268, 13.798072, 13.847945, 13.876146, 13.92604, 13.974624, 14.028844, 14.072302, 14.09379, 14.068815, 14.048934, 14.030216, 14.017356, 14.00726, 13.988694, 13.952065, 13.903555, 13.852979, 13.809632, 13.763848, 13.744515, 13.735114, 13.726382, 13.676174, 13.626584, 13.579436, 13.530748, 13.487388, 13.446063, 13.397512, 13.359008, 13.320648, 13.277751, 13.247015, 13.208158, 13.179602, 13.184697, 13.170578, 13.126123, 13.077258, 13.043354, 13.002787, 12.972679, 12.940355, 12.937598, 12.91174, 12.901203, 12.86977, 12.828876, 12.809182, 12.782869, 12.746889, 12.739714, 12.731997, 12.728939, 12.72222, 12.710746, 12.692002, 12.667759]]]}