{"name": "White Nile", "bounding_box": [31.529086, 11.95105, 33.248278, 15.227934], "lat_idx": [256, 289], "lon_idx": [123, 141], "line": [[[32.356128, 32.411707, 32.451386, 32.503683, 32.532556, 32.522023, 32.549521, 32.560012, 32.548638, 32.549041, 32.555657, 32.558127, 32.539463, 32.505931, 32.481529, 32.427365, 32.378553, 32.351958, 32.364799, 32.400761, 32.419799, 32.42209, 32.434618, 32.453855, 32.481928, 32.468173, 32.453639, 32.479512, 32.504965, 32.52561, 32.53073, 32.553674, 32.600131, 32.644178, 32.671378, 32.689771, 32.710909, 32.6881, 32.71886, 32.740629, 32.78325, 32.830302, 32.858286, 32.886962, 32.906031, 32.945044, 32.951012, 32.957695, 32.959595, 32.967406, 32.963183, 32.949729, 32.924375, 32.918992, 32.957973, 32.988276, 33.038947, 33.045238, 33.039163, 33.084189, 33.124777, 33.161915, 33.17025, 33.14558, 33.124664, 33.097399, 33.080035, 33.070545, 33.086863, 33.109781, 33.141273, 33.169768, 33.185553, 33.209397, 33.219655, 33.235323, 33.247824, 33.159006, 33.054975, 32.996521, 32.93133, 32.872838, 32.817173, 32.765533, 32.744424, 32.738935, 32.752134, 32.756223, 32.757345, 32.687367, 32.635976, 32.581373, 32.528055, 32.425274, 32.372598, 32.321207, 32.261465, 32.203008, 32.149048, 32.096801, 32.065146, 32.032803, 31.997555, 31.961713, 31.930335, 31.872625, 31.826034, 31.802324, 31.781175, 31.762097, 31.747007, 31.729393, 31.711178, 31.692168, 31.675068, 31.671075, 31.670583, 31.679374, 31.693462, 31.692982, 31.70829, 31.734861, 31.753561, 31.796415, 31.835748, 31.878314, 31.923258, 31.97284, 32.012465, 32.019413, 32.004465, 31.989285, 32.011325, 32.030242, 31.988961, 31.949797, 31.919793, 31.883755, 31.856893, 31.841752, 31.817245, 31.798414, 31.774973, 31.729508, 31.687421, 31.64428, 31.598658, 31.567607, 31.551619, 31.53431, 31.532935, 31.529913, 31.535322, 31.552002, 31.573415, 31.588131, 31.596946, 31.601544, 31.630181, 31.674387, 31.721712, 31.775075, 31.818776, 31.863377, 31.886301, 31.896035, 31.922232, 31.942899, 31.985785, 32.036913, 32.067966, 32.068875, 32.117987, 32.165227, 32.214827, 32.266166, 32.318093], [15.187646, 15.186691, 15.217454, 15.214932, 15.173727, 15.122987, 15.078169, 15.023909, 14.974963, 14.922441, 14.868525, 14.817916, 14.767752, 14.724516, 14.679123, 14.677385, 14.665053, 14.622516, 14.573453, 14.531078, 14.483656, 14.432024, 14.380872, 14.333962, 14.286608, 14.232277, 14.184212, 14.140681, 14.09477, 14.048663, 13.99876, 13.952478, 13.929858, 13.906011, 13.860609, 13.810314, 13.757563, 13.712605, 13.667703, 13.617636, 13.590613, 13.572007, 13.618217, 13.662662, 13.711488, 13.678028, 13.626249, 13.571598, 13.517511, 13.46399, 13.412306, 13.358689, 13.307495, 13.257525, 13.222334, 13.176786, 13.175513, 13.124284, 13.072861, 13.041675, 13.000727, 12.957458, 12.905574, 12.853878, 12.807627, 12.761547, 12.710876, 12.659519, 12.608697, 12.560621, 12.519697, 12.473728, 12.423677, 12.376072, 12.326753, 12.273699, 12.221775, 12.222951, 12.226503, 12.228499, 12.230725, 12.232722, 12.234622, 12.236386, 12.189523, 12.139588, 12.088133, 12.035536, 11.983637, 11.951051, 11.951051, 11.951051, 11.951051, 11.951051, 11.951051, 11.951051, 11.951051, 11.95105, 11.95105, 11.957785, 11.998866, 12.045828, 12.082788, 12.12166, 12.168356, 12.177709, 12.203702, 12.249766, 12.30104, 12.347355, 12.397325, 12.446102, 12.497448, 12.546218, 12.598001, 12.648063, 12.702176, 12.755902, 12.808999, 12.865548, 12.919492, 12.967411, 13.019468, 13.045492, 13.087211, 13.117697, 13.147635, 13.165268, 13.201103, 13.258463, 13.306315, 13.360455, 13.410351, 13.461531, 13.498479, 13.536199, 13.58638, 13.623903, 13.675291, 13.725547, 13.77523, 13.829819, 13.878136, 13.913676, 13.950263, 13.980792, 14.017254, 14.063806, 14.115433, 14.166829, 14.223774, 14.280102, 14.331265, 14.379359, 14.426183, 14.47669, 14.531662, 14.583228, 14.62899, 14.664617, 14.686317, 14.675961, 14.705273, 14.744172, 14.790713, 14.840035, 14.886338, 14.934687, 14.967414, 14.971798, 15.012153, 15.06819, 15.089809, 15.110314, 15.128884, 15.151173, 15.171265]]]}