{"name": "BARINGO", "bounding_box": [35.52291870117187, -0.20290477573871818, 36.490066528320305, 1.6567275524139427], "lat_idx": [134, 154], "lon_idx": [163, 174], "line": [[[35.63042831420898, 35.62934494018554, 35.641284942626946, 35.6244888305664, 35.63415908813476, 35.636760711669915, 35.642505645751946, 35.67236328124999, 35.69131851196288, 35.70705795288085, 35.70258712768554, 35.70366668701171, 35.69433593749999, 35.68790054321288, 35.70246124267578, 35.71283340454101, 35.7331314086914, 35.762893676757805, 35.78007507324218, 35.79008483886718, 35.83159637451171, 35.87035369873046, 35.90392303466797, 35.935493469238274, 35.96625137329101, 35.99669647216796, 36.028701782226555, 36.06689834594726, 36.09728240966796, 36.15310668945312, 36.203994750976555, 36.239875793457024, 36.27280807495117, 36.306831359863274, 36.34783172607421, 36.38906860351562, 36.4080467224121, 36.4494743347168, 36.47125244140624, 36.44436264038086, 36.41765975952148, 36.382862091064446, 36.34401321411132, 36.28910064697265, 36.28637313842773, 36.28625106811523, 36.265571594238274, 36.24415969848633, 36.22790908813476, 36.2601089477539, 36.22710418701171, 36.26064300537109, 36.29320907592773, 36.28071594238281, 36.23172760009765, 36.18317794799804, 36.156402587890625, 36.141651153564446, 36.13122940063476, 36.10910034179687, 36.093635559082024, 36.047615051269524, 36.004966735839844, 35.9654312133789, 35.97635269165038, 35.96068954467773, 35.93175506591797, 35.88667678833008, 35.84733581542968, 35.7989273071289, 35.79042434692382, 35.74925994873047, 35.72585678100585, 35.69338607788085, 35.65428924560546, 35.62845230102538, 35.58536148071288, 35.53546142578124, 35.54652023315429, 35.57467651367187, 35.59044647216796, 35.636707305908196, 35.68931579589843, 35.72242355346679, 35.70905685424804, 35.713348388671875, 35.70775985717773, 35.66412353515624, 35.65466690063476, 35.63426971435546, 35.610603332519524, 35.61330795288085, 35.59634780883788, 35.60535430908203, 35.63070678710937], [0.7174953818321212, 0.7677467465400719, 0.8165725469589252, 0.864069759845736, 0.9134860634803813, 0.9636235833168042, 1.013662815093992, 1.0538809299468972, 1.1001881361007677, 1.1476738452911381, 1.1978113651275564, 1.2478015422820972, 1.2972024679183984, 1.3468970060348515, 1.394998311996462, 1.4445577859878576, 1.4905656576156596, 1.5315114259719835, 1.5786722898483283, 1.6283460855484018, 1.5841484069824194, 1.5241972208023105, 1.4716851711273262, 1.422048807144166, 1.3742252588272061, 1.3266518115997372, 1.2760152816772408, 1.2163765430450446, 1.1691782474517796, 1.1708661317825344, 1.132919907569887, 1.0879095792770441, 1.0470403432846052, 1.0047030448913568, 0.9758806228637693, 0.9474797844886707, 0.9011007547378552, 0.8728565573692251, 0.8272681236267148, 0.7828238010406473, 0.7393344640731823, 0.6972202658653179, 0.6610841751098674, 0.6466832160949723, 0.5966045856475879, 0.5465539693832342, 0.5000953078269897, 0.4540466368198476, 0.4035668671131186, 0.3650625050067943, 0.3269591927528426, 0.2894097566604548, 0.25023686885833846, 0.2017052918672545, 0.21427269279956368, 0.2313470244407637, 0.1890165805816725, 0.13847395777701565, 0.08792591840028643, 0.04075408726930681, -0.009950275532895037, 0.013704898767178654, 0.04071176424623152, 0.07138021290302751, 0.022551991045471686, -0.02502745203673692, -0.06587634980679065, -0.0431778170168355, -0.0805486515164417, -0.10195128619670066, -0.1610258370637876, -0.19699741899967205, -0.1490228027105279, -0.1069933548569728, -0.07568760216235293, -0.03243191167712825, -0.006658290978516151, 0.0026060356758489276, 0.057684872299440075, 0.10108417272567463, 0.14857697486877836, 0.17052176594733842, 0.1770826280116965, 0.21476709842681155, 0.263143360614777, 0.3131598234176666, 0.3629535436630207, 0.38763779401778353, 0.4369860291480938, 0.4827136397361783, 0.5269387364387484, 0.577109098434454, 0.6241853237152022, 0.6737239360809346, 0.7168636322021562]]]}