{"name": "BOMET", "bounding_box": [35.0118637084961, -1.0351574420928855, 35.587234497070305, -0.39912468977811344], "lat_idx": [126, 133], "lon_idx": [158, 165], "line": [[[35.303283691406264, 35.28369140624999, 35.34832763671876, 35.39208984375, 35.435302734375, 35.47009277343749, 35.50638198852538, 35.53721618652343, 35.56591415405275, 35.54860033320575, 35.50049591064454, 35.44682312011719, 35.39861679077148, 35.41530227661131, 35.443572998046875, 35.48382186889648, 35.53278318627773, 35.511158053487485, 35.47374725341797, 35.44036102294922, 35.42398515204112, 35.37886428833007, 35.3317642211914, 35.29167556762695, 35.24842834472656, 35.1982192993164, 35.15359115600585, 35.10877990722657, 35.06587600708006, 35.01304626464844, 35.04892772557031, 35.0860710144043, 35.06813812255861, 35.04832458496093, 35.054847717285156, 35.06689453125, 35.08410644531249, 35.13391113281249, 35.1837158203125, 35.22308349609375, 35.195922851562514, 35.198486328125, 35.21612548828126, 35.25732421875], [-0.4420776367187475, -0.48968505859374317, -0.48901367187497996, -0.46392822265623695, -0.43780517578125483, -0.4014892578124934, -0.45285236835475906, -0.5025479793548243, -0.5510033965110781, -0.5984921050818209, -0.6125357747077965, -0.6284386515617433, -0.6421629190444986, -0.6905997395515457, -0.7325363159179297, -0.762741386890376, -0.7753486509981775, -0.8204558814562168, -0.8542934060096444, -0.8915460109710293, -0.9390006015393276, -0.9605619907379183, -0.9773917794227576, -1.0072951316833467, -1.0326693058013958, -0.9999670386314464, -0.9632468223571614, -0.9262827038764797, -0.9005736708640683, -0.8879666924476631, -0.847486853140033, -0.8066201806068343, -0.7502055764198136, -0.7040669322013883, -0.6542099714279206, -0.6052856445312569, -0.6524047851562238, -0.6578979492187519, -0.6497802734374665, -0.617980957031251, -0.5750122070312557, -0.5247192382812115, -0.4779052734374754, -0.4479980468750036]]]}