{"name": "BUNGOMA", "bounding_box": [34.36175918579101, 0.42118430137634205, 35.067573547363274, 1.1502679586410516], "lat_idx": [140, 149], "lon_idx": [152, 160], "line": [[[34.41355895996093, 34.43561935424804, 34.45449829101562, 34.47937393188476, 34.4873924255371, 34.49432754516601, 34.51778411865234, 34.572662353515625, 34.62271881103515, 34.65227508544922, 34.68073654174804, 34.713199615478516, 34.747329711914055, 34.79451370239257, 34.79620361328124, 34.81118392944335, 34.87052917480468, 34.91553878784179, 34.96667480468749, 35.018421173095696, 35.025405883789055, 35.059192657470696, 35.03835678100585, 34.988208770751946, 34.93997192382812, 34.918106079101555, 34.86907196044921, 34.83498764038085, 34.804634094238274, 34.772956848144524, 34.73756027221679, 34.696426391601555, 34.667339324951165, 34.61761856079101, 34.56751632690429, 34.51783370971679, 34.48194503784179, 34.436531066894524, 34.38780212402343, 34.39651870727538, 34.37335205078124, 34.37836456298828, 34.41334915161132, 34.40948486328124, 34.42588424682617, 34.378849029541016, 34.41278076171875], [0.8118541240692198, 0.8567560911178602, 0.9031242132186904, 0.9466778039932221, 0.9960681796073841, 1.0456233024597112, 1.0898232460022046, 1.1021769046783518, 1.1005936861038137, 1.0598739385604816, 1.0185819864273051, 0.975218176841742, 0.9344871640205394, 0.9177003502845784, 0.8676186800003072, 0.8197208046913175, 0.8263025283813438, 0.848336458206183, 0.8748876452445921, 0.8876432180404689, 0.8378793597221327, 0.8009094595909095, 0.7554153800010697, 0.7543132305145226, 0.7407391667366054, 0.6956032514572215, 0.6849278807640135, 0.6481378078460777, 0.607599556446074, 0.5686814188957184, 0.5328984856605612, 0.5040513873100233, 0.4620836675167076, 0.45670029520989097, 0.45901215076446067, 0.4502775669097945, 0.4851837158203192, 0.46379032731056175, 0.4773573577403999, 0.5270413160324052, 0.5715751051902803, 0.6222122311592144, 0.6579928994178815, 0.7091861367225636, 0.7566081881523152, 0.7737739086151084, 0.8107138872146643]]]}