{"name": "BUSIA", "bounding_box": [33.909709930419915, -0.027874941006305904, 34.43462371826171, 0.7789527773857063], "lat_idx": [136, 145], "lon_idx": [147, 153], "line": [[[34.217456817626946, 34.16720581054687, 34.1383934020996, 34.114185333251946, 34.11084365844726, 34.080913543701165, 34.06204605102538, 34.04420852661132, 34.00725173950195, 33.94933319091796, 33.929241180419915, 33.912605285644524, 33.954360961914055, 33.98623657226562, 34.01504516601562, 34.0413589477539, 34.075439453125, 34.10706710815429, 34.09677124023437, 34.09803390502929, 34.119300842285156, 34.13758468627929, 34.18257141113281, 34.22753524780273, 34.27606582641601, 34.29378509521484, 34.30880737304687, 34.34354019165038, 34.39216232299804, 34.43325805664062, 34.40921783447265, 34.383647918701165, 34.37092208862304, 34.38732910156249, 34.3854751586914, 34.365032196044915, 34.38588714599609, 34.38435745239258, 34.355144500732415, 34.29981613159179, 34.24899673461913], [0.28877171874046215, 0.2984883785247765, 0.2573956251144463, 0.21342939138413106, 0.16345323622227156, 0.12314281612635095, 0.07275313884019981, 0.007983563467855033, -0.026193538680671157, -0.02654956839978053, 0.04239375144242871, 0.0994857624173223, 0.16657681763171578, 0.20937694609164637, 0.25047597289084844, 0.2930789887905137, 0.32970017194748114, 0.36874359846114835, 0.41770637035370484, 0.4677515327930518, 0.5139583945274433, 0.5859885811805796, 0.6081330180168184, 0.6300966739654557, 0.6427295207977255, 0.6896967887878381, 0.7373988628387428, 0.7734193801879845, 0.761196196079254, 0.7325289845466687, 0.6825162768363877, 0.6365801692008891, 0.5881049633026116, 0.5403078198432918, 0.4888985157012896, 0.4431754350662225, 0.39771497249604026, 0.3475443124771194, 0.3062449097633424, 0.3095879256725231, 0.31283703446388017]]]}