{"name": "ELGEYO_MARAKWET", "bounding_box": [35.1516990661621, 0.17038002610206843, 35.72312927246093, 1.3200613260269158], "lat_idx": [138, 150], "lon_idx": [160, 166], "line": [[[35.6836814880371, 35.66794204711913, 35.64009857177734, 35.63305282592773, 35.626201629638665, 35.62548828124999, 35.63451385498046, 35.62643051147461, 35.634075164794915, 35.605010986328125, 35.597366333007805, 35.61037445068359, 35.61405181884765, 35.63919448852538, 35.653980255126946, 35.66958999633788, 35.71482849121093, 35.713977813720696, 35.7104148864746, 35.71721649169921, 35.68056488037109, 35.62889099121093, 35.579383850097656, 35.52750396728515, 35.498149871826165, 35.49954986572265, 35.50589370727539, 35.47118377685546, 35.48065567016601, 35.46202850341796, 35.46913528442382, 35.479499816894524, 35.45724487304687, 35.423580169677734, 35.4724998474121, 35.49758911132812, 35.50019073486328, 35.4899673461914, 35.46290969848632, 35.41510009765624, 35.37138366699218, 35.35018157958984, 35.32759857177734, 35.28204727172851, 35.237590789794915, 35.20209884643554, 35.17155456542968, 35.22473526000976, 35.27735137939453, 35.325305938720696, 35.37084960937499, 35.41020965576171, 35.451457977294915, 35.492683410644524, 35.5347900390625, 35.585151672363274, 35.63432693481445, 35.68441772460937, 35.70265960693359, 35.70008468627929, 35.7049674987793, 35.701484680175774], [1.0963332653045699, 1.04857742786408, 1.006861686706536, 0.9570679068565402, 0.9073969125747718, 0.8569907546043394, 0.8076627254486024, 0.7580755949020329, 0.7086179852485658, 0.6677138209342904, 0.6181266307830786, 0.5696896314620888, 0.5196326971054018, 0.47639575600623996, 0.4284001886844622, 0.3805301785469009, 0.35898464918136325, 0.3087049126625015, 0.258728951215751, 0.20917820930480616, 0.174632400274281, 0.17060276865959778, 0.17879101634026184, 0.18971934914589578, 0.2305380553007203, 0.2806313931941933, 0.33039221167564103, 0.3675097227096529, 0.4193161427974696, 0.4734121263027227, 0.5294694900512759, 0.5801911354065022, 0.6296029686927813, 0.6794444322585985, 0.7045032978057882, 0.7485055923461875, 0.7998999357223486, 0.8491036891937221, 0.8915960192680411, 0.9094498157501183, 0.940688967704772, 0.9861786961555424, 1.0326848030090312, 1.0571587085723892, 1.082835078239442, 1.1181756258010944, 1.1652656793594345, 1.1654751300811785, 1.1422233581542924, 1.119953632354731, 1.1458326578140319, 1.1781445741653491, 1.211978793144221, 1.2464022636413603, 1.2799663543701176, 1.2869395017623928, 1.3023602962493819, 1.3183917999267598, 1.2717653512954732, 1.2214806079864586, 1.171613097190862, 1.121303796768187]]]}