{"name": "EMBU", "bounding_box": [37.26687240600587, -0.9175415039062473, 37.93715286254883, -0.1495740711688895], "lat_idx": [127, 136], "lon_idx": [181, 188], "line": [[[37.30781173706056, 37.3470313159012, 37.43871768417552, 37.49892807006837, 37.53596115112305, 37.579853057861335, 37.627098083496094, 37.66567993164062, 37.711734771728516, 37.76150131225586, 37.80788803100586, 37.847728729248054, 37.87305831909181, 37.90192031860351, 37.93503189086915, 37.90860366821288, 37.88711547851563, 37.88521957397462, 37.91384506225586, 37.89412689208983, 37.90633773803712, 37.90106964111329, 37.883800506591804, 37.833923339843764, 37.783996582031264, 37.74749755859375, 37.69622802734376, 37.670898437500014, 37.62316894531249, 37.57983398437499, 37.53277587890624, 37.482177734375014, 37.440979003906236, 37.38952636718751, 37.341552734375014, 37.30615234375001, 37.269378662109375, 37.313739776611335, 37.36172866821288, 37.41026306152342, 37.45970153808593, 37.47665786743164, 37.4781608581543, 37.48392486572266, 37.45169830322266, 37.42594146728516, 37.42684555053712, 37.38835525512695, 37.35639626813653, 37.30781173706056], [-0.1495740711688895, -0.1830253979455351, -0.26123043583509176, -0.31259000301356926, -0.3464294373989049, -0.3710416853427935, -0.39070931077004195, -0.4228852391242906, -0.443799495697003, -0.44957801699637395, -0.43020206689833723, -0.39995753765105657, -0.35673716664314914, -0.3979226350783906, -0.4357298016548126, -0.47852626442908497, -0.523696362972218, -0.5736966133117528, -0.6150680184364002, -0.6610726714134064, -0.710039794445036, -0.7601144909858472, -0.8073095083236713, -0.8137207031249931, -0.8226928710937557, -0.7885131835937557, -0.7901611328124835, -0.8345947265624872, -0.8517456054687478, -0.8773803710937348, -0.8950805664062433, -0.8927612304687421, -0.8630981445312175, -0.8555908203125, -0.8414306640625001, -0.8057861328124776, -0.771404623985294, -0.7483108639717094, -0.7626385688781767, -0.7476474046706891, -0.7329462766647343, -0.6858987808227546, -0.6359177231788596, -0.5861511826515253, -0.5477846860885555, -0.504855453968044, -0.4547351598739613, -0.3364974260330225, -0.2619077200441738, -0.1495740711688895]]]}