{"name": "GARISSA", "bounding_box": [38.65875244140625, -2.036773920059212, 41.562705993652344, 0.9957407116890015], "lat_idx": [116, 147], "lon_idx": [195, 225], "line": [[[39.62350463867187, 39.5898323059082, 39.549419403076165, 39.51787567138671, 39.48058319091796, 39.43696975708007, 39.38768768310546, 39.34282684326171, 39.291030883789055, 39.240703582763665, 39.19021987915039, 39.14134979248046, 39.10677337646484, 39.06186294555664, 39.010738372802734, 38.961380004882805, 38.9159812927246, 38.86673355102538, 38.81616973876953, 38.76828002929687, 38.7400016784668, 38.72938919067382, 38.73050689697265, 38.74784088134765, 38.7499656677246, 38.737300872802734, 38.72452545166015, 38.71212005615234, 38.69935989379882, 38.68606185913085, 38.66293716430664, 38.71265411376953, 38.76266479492187, 38.80076599121094, 38.83273315429687, 38.881660461425774, 38.929431915283196, 38.97922134399413, 39.023601531982415, 39.05362319946288, 39.104568481445305, 39.152156829833984, 39.18055343627929, 39.20775985717773, 39.236335754394524, 39.27602386474609, 39.313621520996094, 39.36124801635742, 39.40793991088867, 39.45743942260742, 39.49439620971679, 39.51498794555663, 39.538616180419915, 39.552330017089844, 39.574275970458984, 39.60229492187499, 39.63740158081054, 39.66250991821288, 39.691036224365234, 39.72482299804687, 39.76350021362304, 39.80813980102538, 39.85660934448242, 39.90595626831054, 39.94786071777343, 39.99304962158203, 40.04386901855468, 40.094146728515625, 40.135231018066406, 40.180965423583984, 40.21438980102538, 40.25662612915038, 40.30569839477539, 40.35649108886719, 40.40460586547851, 40.45663070678711, 40.50652313232421, 40.54678726196289, 40.597007751464844, 40.646900177001946, 40.68355560302734, 40.70937728881836, 40.75008010864257, 40.79701614379883, 40.846416473388665, 40.89696502685546, 40.938159942626946, 40.98427581787109, 40.993133544921875, 40.99312210083008, 40.99310684204101, 40.993083953857415, 41.10845184326172, 41.220344543457024, 41.559295654296875, 41.56238937377929, 41.48709487915039, 41.39960098266601, 41.338016510009766, 41.24346923828125, 41.16341400146484, 41.076778411865234, 41.017742156982415, 40.89407730102538, 40.83727264404296, 40.74636459350586, 40.69424438476562, 40.6075210571289, 40.52134323120117, 40.44287109375, 40.37615966796874, 40.326972961425774, 40.28163146972656, 40.231189727783196, 40.19748306274413, 40.18921279907226, 40.187210083007805, 40.17336654663085, 40.1604995727539, 40.166507720947266, 40.157634735107415, 40.15953063964843, 40.144912719726555, 40.112442016601555, 40.09802627563476, 40.0844383239746, 40.07262420654296, 40.061748504638665, 40.049697875976555, 40.05657958984374, 40.03932571411132, 40.01015853881835, 39.99159622192383, 39.96768569946288, 39.9463996887207, 39.938098907470696, 39.9208755493164, 39.90423202514647, 39.8931655883789, 39.87160491943359, 39.86133575439452, 39.845134735107415, 39.82277297973633, 39.81010437011718, 39.767139434814446, 39.72439575195312, 39.63331222534179, 39.62594985961914, 39.62612915039062, 39.62634277343749], [-0.3160472810268384, -0.2790137827396315, -0.247619166970261, -0.20733729004860113, -0.1739310473203617, -0.1459412872791269, -0.1258462220430326, -0.10026941448450163, -0.09150534868240595, -0.08772698044776081, -0.08982853591442387, -0.06858903914690649, -0.026295227929957046, -0.0035809776745755824, -0.0030197899322993416, -0.01856772787869289, -0.03979297727346072, -0.05094379186630989, -0.041453350335361745, -0.026449624449020576, 0.014828462153681513, 0.06394052505493088, 0.11423052102327139, 0.16177234053611014, 0.2120148390531552, 0.2611859738826753, 0.3108333945274313, 0.3600120246410405, 0.41006883978844133, 0.4588002264499622, 0.5040131807327344, 0.5132499337196316, 0.5133221149444611, 0.5474547743797324, 0.586133718490607, 0.5966693162918111, 0.6141325831413268, 0.6224312782287542, 0.645595252513885, 0.686222612857827, 0.689325511455536, 0.7072529792785718, 0.7517457604408314, 0.7985790371894909, 0.843247413635254, 0.8845241665840179, 0.9247905611991938, 0.9539439678192079, 0.9725618958473135, 0.9906024336814919, 0.9558895826339763, 0.8977838158607402, 0.83735722303391, 0.7879862189292933, 0.742666304111486, 0.7002156972885205, 0.6640104055404636, 0.6199984550476036, 0.5780964493751446, 0.5408722162246777, 0.507391750812525, 0.48474326729774525, 0.47019127011299827, 0.4620400369167407, 0.4276842176914271, 0.4049262106418642, 0.3971579670906098, 0.36892938613892073, 0.33878603577613897, 0.30743914842605546, 0.26941809058190136, 0.2388370782136898, 0.21635258197784166, 0.19863015413285126, 0.18352864682675, 0.18516996502876643, 0.19293820858001431, 0.22373802959918354, 0.22609034180640547, 0.23128752410411688, 0.2659715116024068, 0.3096820116043031, 0.34174022078514044, 0.3601763248443549, 0.3715005815029158, 0.4014797806739763, 0.43326440453529685, 0.4564599692821484, 0.30312776565551663, 0.002492834115401894, -0.3307729661464723, -0.8289267420768772, -0.9846774339675914, -1.1357342004776056, -1.5933188199996924, -1.6561892032623224, -1.6640694141387897, -1.6717402935028105, -1.677139639854432, -1.6852257251739522, -1.6920723915100118, -1.6994818449020332, -1.705179095268253, -1.715679883956905, -1.7437751293182304, -1.7877253293991127, -1.8128551244735793, -1.854666113853459, -1.8962154388427703, -1.9311928749084453, -1.9598037004470834, -1.9826217889785693, -2.004244565963739, -2.027982950210571, -1.9901080131530835, -1.9403393268585136, -1.8893363475799498, -1.840799093246459, -1.791402339935311, -1.7413951158523602, -1.6917587518692085, -1.6388680934905935, -1.5890030860900806, -1.5448144674301176, -1.496581196784973, -1.4479502439498975, -1.3967038393020643, -1.34773445129395, -1.2991715669631958, -1.2485898733138978, -1.2008213996887267, -1.1595357656478913, -1.1117482185363774, -1.0673598051071251, -1.021679639816286, -0.9704560637474081, -0.9209620952606283, -0.87328284978867, -0.8216183185577368, -0.7741411328315747, -0.7232493758201538, -0.6756709814071574, -0.6308262944221507, -0.5823387503624019, -0.5545481443405116, -0.5282112956047051, -0.4930499494075706, -0.4309734702110257, -0.379315227270123, -0.3192969262600001]]]}