{"name": "ISIOLO", "bounding_box": [36.8637466430664, -0.08650364726782447, 39.46212768554687, 2.0991570949554514], "lat_idx": [135, 158], "lon_idx": [177, 204], "line": [[[37.2592544555664, 37.29564666748047, 37.31793212890624, 37.34491348266601, 37.36353302001953, 37.413013458251946, 37.462520599365234, 37.510322570800774, 37.5612449645996, 37.60736465454101, 37.645401000976555, 37.68507766723632, 37.73513412475585, 37.78311538696288, 37.833606719970696, 37.86139297485351, 37.91143798828125, 37.95415115356445, 37.99138641357422, 38.04056549072265, 38.04488754272461, 38.04153823852538, 38.03881072998046, 38.0367088317871, 38.03426361083984, 38.020389556884766, 37.9734878540039, 37.94816970825195, 37.967788696289055, 38.00729751586914, 38.0494270324707, 38.08850860595703, 38.12784194946289, 38.1695556640625, 38.21056365966796, 38.25013732910156, 38.29124450683594, 38.330635070800774, 38.350540161132805, 38.36193084716796, 38.37379837036132, 38.390769958496094, 38.435920715332024, 38.47952270507812, 38.52645111083984, 38.57318496704101, 38.61888122558594, 38.66913604736328, 38.7142333984375, 38.76282882690429, 38.80681228637695, 38.86224365234374, 38.92074584960937, 38.96962356567382, 38.991409301757805, 39.009586334228516, 39.04230117797851, 39.07109832763671, 39.11291885375976, 39.14274215698242, 39.16374206542968, 39.181636810302734, 39.21116638183594, 39.2574234008789, 39.30260848999023, 39.34283447265624, 39.37243270874023, 39.40923690795898, 39.377288818359375, 39.32851409912109, 39.27838134765624, 39.2990379333496, 39.318958282470696, 39.33865737915038, 39.36025619506835, 39.37880706787109, 39.400005340576165, 39.425357818603516, 39.44459152221679, 39.46212768554687, 39.41255569458008, 39.36489868164062, 39.31910705566406, 39.28021240234374, 39.24283218383788, 39.21577072143555, 39.18596649169921, 39.164966583251946, 39.11892700195312, 39.069568634033196, 39.02432250976562, 38.985969543457024, 38.93586349487304, 38.89387893676758, 38.84378051757812, 38.80767822265624, 38.77355957031249, 38.72348022460937, 38.6756362915039, 38.68528747558593, 38.69903945922851, 38.711616516113274, 38.72393035888671, 38.73673248291015, 38.749031066894524, 38.75028991699218, 38.72982788085937, 38.72903442382812, 38.73910903930664, 38.74875259399413, 38.70501708984374, 38.6558609008789, 38.60845184326171, 38.55873107910156, 38.525711059570305, 38.47997665405273, 38.42983245849609, 38.4049186706543, 38.37178802490234, 38.34399032592773, 38.32805633544921, 38.30344009399413, 38.270881652832024, 38.23469924926758, 38.191692352294915, 38.19460296630859, 38.16713714599609, 38.143367767333984, 38.12507247924805, 38.107189178466804, 38.090606689453125, 38.07236099243163, 38.01479339599609, 37.95315551757812, 37.90023803710937, 37.84103393554687, 37.769207000732415, 37.71789169311523, 37.66813659667969, 37.617988586425774, 37.58141326904297, 37.58502197265624, 37.60493087768555, 37.555259704589844, 37.54702758789062, 37.4947280883789, 37.443973541259766, 37.394023895263665, 37.392200469970696, 37.379573822021484, 37.352703094482415, 37.357444763183594, 37.33320999145507, 37.27864456176757, 37.22643280029296, 37.173980712890625, 37.124298095703125, 37.07100296020507, 37.00513076782226, 36.9519920349121, 36.89535522460937, 36.88969802856445, 36.91343688964843, 36.92580795288085, 36.965259552001946, 37.014289855957024, 37.0632095336914, 37.11122512817383, 37.153545379638665, 37.20342254638671, 37.250450134277344], [0.7620617747306769, 0.7269547581672654, 0.6810550093650836, 0.6381295323371903, 0.5909566879272494, 0.580677449703217, 0.5884820818901085, 0.569564402103432, 0.5725387334823663, 0.5937099456787076, 0.6269510388374393, 0.6577650904655479, 0.6621016263961844, 0.6777482628822353, 0.6800206303596421, 0.7223809957504244, 0.7189723849296589, 0.7457175850868194, 0.7793845534324608, 0.7893337607383788, 0.8418582677841148, 0.9018729329109152, 0.9527586698532057, 1.0038356781005784, 1.0542505979537977, 1.1024109125137262, 1.161947965621942, 1.2160100936889644, 1.280212759971616, 1.3115038871765177, 1.3455301523208691, 1.376939058303832, 1.4087048768997203, 1.4421838521957338, 1.4752941131591848, 1.5068249702453604, 1.538923978805537, 1.5697379112243715, 1.6181837320327839, 1.6672912836074865, 1.7183085680007975, 1.765491724014274, 1.7915586233139, 1.81691181659699, 1.8441984653472867, 1.8710268735885598, 1.8974032402038499, 1.9262423515319853, 1.9524577856063885, 1.9802917242050113, 2.006516695022576, 2.0413434505462633, 2.075304985046386, 2.0894873142242365, 2.0437083244323735, 1.996383309364317, 1.9583613872528103, 1.9172604084014957, 1.888825893402108, 1.8473112583160431, 1.8013439178466801, 1.7545828819274876, 1.7110563516616906, 1.69071197509765, 1.668356895446783, 1.6384947299957262, 1.5949602127075126, 1.5595287084579437, 1.5114986896514948, 1.4931842088699403, 1.4747791290283216, 1.4159644842147776, 1.3644404411315836, 1.313445329666131, 1.2577598094940219, 1.210724592208869, 1.1568539142608714, 1.0904377698898366, 1.0437481403350772, 0.9957407116890015, 0.9744381308555619, 0.9555000662803671, 0.9279657006263767, 0.8893589377403257, 0.8508243560791015, 0.8055787086486855, 0.761271178722383, 0.7151595354080205, 0.6909852623939441, 0.6804496049880959, 0.6589452624321034, 0.6262558102607798, 0.625244915485388, 0.5976746678352324, 0.5913594961166331, 0.5559296011924826, 0.518517732620245, 0.5262391567230255, 0.509930431842796, 0.4608108401298454, 0.4114013314247186, 0.36202749609946494, 0.31333184242248535, 0.263386934995659, 0.2147481292486143, 0.16422218084335535, 0.11851599067449715, 0.0681997761130413, 0.018991254270076117, -0.030512455850832197, -0.05575082078576175, -0.04646657779813301, -0.029500985518105278, -0.01969924382866072, -0.05727589502931452, -0.07763313502073177, -0.07636706531047173, -0.03266410529613814, 0.005255273543296682, 0.04695179313421399, 0.09478906542062199, 0.1387534439563732, 0.17774105072022076, 0.21295920014381517, 0.24427367746829762, 0.3021601736545592, 0.35625207424164, 0.42419248819351246, 0.47689312696457065, 0.5278180837631297, 0.5770976543426589, 0.638171970844265, 0.6495610475540166, 0.6211355328559945, 0.5968818664550797, 0.5698485374450687, 0.5437148213386521, 0.5256797075271676, 0.508687257766719, 0.4917206168174757, 0.4541164338588792, 0.4035164117813138, 0.35375842452048645, 0.3289299607276925, 0.2793777287006433, 0.27570751309394775, 0.29256981611251714, 0.2806279957294473, 0.33096554875373796, 0.37937980890273876, 0.42169612646103516, 0.471679061651228, 0.5164775848388592, 0.5222454071044943, 0.528213143348688, 0.5343663692474416, 0.5404340028762805, 0.5469584465026899, 0.5548821091651889, 0.5615208148956234, 0.5681166052818322, 0.6182026863098125, 0.662498772144312, 0.7117820978164755, 0.7431809306144754, 0.7554273605346719, 0.7670127153396601, 0.7810707688331687, 0.7535974979400583, 0.7466789484024082, 0.7641121149063117]]]}