{"name": "KAKAMEGA", "bounding_box": [34.34313964843749, 0.0892797410488208, 35.15554809570312, 0.9036028981208879], "lat_idx": [137, 146], "lon_idx": [151, 161], "line": [[[34.70360946655273, 34.654895782470696, 34.60511016845703, 34.561599731445305, 34.520427703857415, 34.47493362426757, 34.479324340820305, 34.429595947265625, 34.433120727539055, 34.38643646240234, 34.386627197265625, 34.392341613769524, 34.38359069824218, 34.41592788696288, 34.380413055419915, 34.366756439208984, 34.410781860351555, 34.46046066284179, 34.50917816162109, 34.563056945800774, 34.61180877685546, 34.65954208374023, 34.69380950927734, 34.735305786132805, 34.76650238037109, 34.8104133605957, 34.83288574218749, 34.85835266113281, 34.90759658813476, 34.9253807067871, 34.97102737426757, 35.02014160156249, 35.06518936157226, 35.046394348144524, 35.02176284790039, 35.041118621826165, 35.087303161621094, 35.124744415283196, 35.1442642211914, 35.155113220214844, 35.129985809326165, 35.086406707763665, 35.036357879638665, 34.986186981201165, 34.937854766845696, 34.860504150390625, 34.895008087158196, 34.92767715454101, 34.95198440551757, 34.95528030395507, 34.94316864013671, 34.9638442993164, 34.95009231567382, 34.90966033935547, 34.85948944091796, 34.810867309570305, 34.77266311645507, 34.7235984802246], [0.14024025201796664, 0.12747612595558985, 0.12170837074517496, 0.09680461883545245, 0.1254834681749295, 0.10368138551712519, 0.1536900848150329, 0.14845100045204265, 0.19850122928619277, 0.18018050491809062, 0.23024064302443656, 0.2800135910511095, 0.3298079967498816, 0.36795818805694086, 0.4033096432685928, 0.45253464579582126, 0.4764855206012762, 0.4692254364490448, 0.4575194120407173, 0.4588911235332548, 0.44535011053084816, 0.4612085223197872, 0.49785348773002586, 0.5261828303337145, 0.5652835369110167, 0.5892439484596174, 0.6341258883476187, 0.6774052381515452, 0.6870734691619846, 0.7340038418769881, 0.7547248601913389, 0.7447583079338085, 0.7664784193038991, 0.812903940677643, 0.856527447700508, 0.9026816487312274, 0.883438467979427, 0.8211425542831421, 0.74918532371521, 0.6987400650978035, 0.6553923487663269, 0.6303924322128268, 0.6297850012779184, 0.6288443803787221, 0.6060112714767445, 0.5576748251914934, 0.5162512660026591, 0.4711129069328361, 0.42579805850982944, 0.3718655705451885, 0.3228486776351862, 0.2770440578460714, 0.2262663692235994, 0.19655288755894515, 0.1957459598779704, 0.18393582105637293, 0.15160721540450825, 0.14197100698947696]]]}