{"name": "Kenya", "bounding_box": [33.90958023071289, -4.674901008605957, 41.89101028442383, 5.482579231262207], "lat_idx": [89, 192], "lon_idx": [147, 228], "line": [[[39.4493408203125, 39.46092987060547, 39.453670501708984], [-4.5834221839904785, -4.52810001373291, -4.578070163726807]], [[41.232120513916016, 41.26165008544922, 41.232120513916016], [-2.0126049518585205, -1.9686709642410278, -2.0126049518585205]], [[41.054969787597656, 41.10609817504883, 41.08646011352539, 41.035221099853516, 40.983238220214844, 40.97478103637695, 41.02676010131836], [-2.0584259033203125, -2.0505499839782715, -2.1005799770355225, -2.1227691173553467, -2.1277990341186523, -2.0768439769744873, -2.0720438957214355]], [[40.906490325927734, 40.899471282958984, 40.95043182373047, 40.93947982788086], [-2.309319019317627, -2.2531509399414062, -2.2408010959625244, -2.295943021774292]], [[40.88650131225586, 40.83700180053711, 40.82714080810547, 40.876888275146484], [-2.287842035293579, -2.2999210357666016, -2.250274896621704, -2.2421979904174805]], [[39.89710998535156, 39.84666061401367, 39.79602813720703, 39.83108901977539, 39.881500244140625, 39.871219635009766, 39.85050964355469, 39.83216094970703, 39.80818176269531, 39.783329010009766, 39.725059509277344, 39.74182891845703, 39.71915817260742, 39.6799201965332, 39.66426086425781, 39.642269134521484, 39.61825942993164, 39.60435104370117, 39.5837287902832, 39.560150146484375, 39.55002975463867, 39.50727844238281, 39.478431701660156, 39.434410095214844, 39.39849090576172, 39.409000396728516, 39.35723114013672, 39.32754898071289, 39.2761116027832, 39.237281799316406, 39.223018646240234, 39.11433029174805, 39.016510009765625, 38.80794906616211, 38.452049255371094, 38.279869079589844, 38.001869201660156, 37.79576110839844, 37.76607894897461, 37.749359130859375, 37.702049255371094, 37.643760681152344, 37.629608154296875, 37.64849853515625, 37.69036865234375, 37.718318939208984, 37.70317840576172, 37.69029998779297, 37.682029724121094, 37.616050720214844, 37.552059173583984, 37.50654983520508, 37.432350158691406, 37.313209533691406, 37.02693176269531, 36.8985481262207, 36.75709915161133, 36.69873809814453, 36.465309143066406, 36.39080810546875, 36.2153205871582, 35.995601654052734, 35.955780029296875, 35.52254104614258, 35.47455978393555, 35.17837142944336, 35.01605987548828, 34.887210845947266, 34.78160858154297, 34.72492980957031, 34.64155960083008, 34.59226989746094, 34.512168884277344, 34.45315170288086, 34.37334060668945, 34.25695037841797, 34.190948486328125, 34.08985900878906, 34.04096984863281, 34.01652145385742, 33.93119812011719, 33.924461364746094, 33.921138763427734, 33.918460845947266, 33.92182922363281, 33.92802047729492, 33.94007110595703, 33.980220794677734, 33.949249267578125, 33.92232894897461, 33.918121337890625, 33.95198059082031, 33.98590850830078, 34.01543045043945, 34.044761657714844, 34.07925033569336, 34.10588073730469, 34.087379455566406, 34.111610412597656, 34.11614990234375, 34.13053894042969, 34.173709869384766, 34.21839904785156, 34.26771926879883, 34.290931701660156, 34.304901123046875, 34.33782958984375, 34.38325881958008, 34.413368225097656, 34.44683837890625, 34.47264099121094, 34.486610412597656, 34.491241455078125, 34.50830841064453, 34.55731964111328, 34.6002197265625, 34.64936065673828, 34.688270568847656, 34.73870849609375, 34.791351318359375, 34.821590423583984, 34.829551696777344, 34.798309326171875, 34.79195022583008, 34.83192825317383, 34.8608283996582, 34.883060455322266, 34.936519622802734, 34.963130950927734, 34.988338470458984, 34.99380874633789, 35.00157928466797, 35.01633834838867, 35.01702880859375, 34.98495864868164, 34.968509674072266, 34.98868942260742, 34.96628952026367, 34.95001983642578, 34.94091033935547, 34.93231964111328, 34.92250061035156, 34.91326904296875, 34.93544006347656, 34.95486831665039, 34.92073059082031, 34.90863037109375, 34.85186004638672, 34.8142204284668, 34.787200927734375, 34.79616928100586, 34.786590576171875, 34.74639892578125, 34.681480407714844, 34.64250946044922, 34.60757064819336, 34.62445831298828, 34.5953483581543, 34.54104995727539, 34.50986099243164, 34.49711990356445, 34.452720642089844, 34.47657012939453, 34.44253158569336, 34.49617004394531, 34.513919830322266, 34.515419006347656, 34.52228927612305, 34.46949005126953, 34.43619155883789, 34.38404846191406, 34.33079147338867, 34.266719818115234, 34.22298049926758, 34.26906967163086, 34.24068069458008, 34.16371154785156, 34.19844055175781, 34.17005157470703, 34.13214111328125, 34.1668815612793, 34.13383865356445, 34.137451171875, 34.10057830810547, 34.142578125, 34.23699188232422, 34.38539123535156, 34.42066955566406, 34.464759826660156, 34.543670654296875, 34.61064147949219, 34.67087936401367, 34.788028717041016, 34.868160247802734, 34.934329986572266, 34.97930908203125, 35.041358947753906, 35.0767707824707, 35.15874099731445, 35.19575119018555, 35.22285079956055, 35.26810836791992, 35.32316970825195, 35.46295928955078, 35.54423141479492, 35.602970123291016, 35.662750244140625, 35.746028900146484, 35.792701721191406, 35.85622024536133, 35.873199462890625, 35.8702392578125, 35.87699890136719, 35.8644905090332, 35.85226058959961, 35.844051361083984, 35.840030670166016, 35.8389892578125, 35.90583038330078, 35.95695114135742, 35.95534896850586, 35.983829498291016, 36.0313606262207, 36.11478042602539, 36.165870666503906, 36.265159606933594, 36.34627914428711, 36.44306945800781, 36.52798080444336, 36.62940979003906, 36.717018127441406, 36.79325866699219, 36.86436080932617, 36.92382049560547, 37.0340690612793, 37.126731872558594, 37.21767044067383, 37.32577133178711, 37.42613983154297, 37.51908874511719, 37.637020111083984, 37.828338623046875, 37.89609146118164, 37.98244857788086, 38.0565185546875, 38.1084098815918, 38.15760040283203, 38.279510498046875, 38.36708068847656, 38.480690002441406, 38.549468994140625, 38.6331787109375, 38.68954849243164, 38.739280700683594, 38.774169921875, 38.82783889770508, 38.908409118652344, 38.99599075317383, 39.049049377441406, 39.10456085205078, 39.15375900268555, 39.23667907714844, 39.314788818359375, 39.33475875854492, 39.389991760253906, 39.44771957397461, 39.468048095703125, 39.5224609375, 39.543331146240234, 39.61595153808594, 39.676361083984375, 39.70949935913086, 39.75448989868164, 39.79935836791992, 39.8856315612793, 40.0207405090332, 40.18296813964844, 40.25495147705078, 40.43804168701172, 40.69873046875, 40.75360107421875, 40.818241119384766, 40.86272048950195, 40.89554977416992, 40.93027114868164, 40.977230072021484, 41.025779724121094, 41.06496810913086, 41.10213851928711, 41.130149841308594, 41.1838493347168, 41.23823928833008, 41.30255889892578, 41.35430908203125, 41.41011047363281, 41.46154022216797, 41.51139831542969, 41.566829681396484, 41.61647033691406, 41.66883087158203, 41.720951080322266, 41.77294158935547, 41.82358932495117, 41.86962127685547, 41.85158920288086, 41.72494125366211, 41.62900924682617, 41.47019958496094, 41.38338088989258, 41.2978515625, 41.17496871948242, 40.9865608215332, 40.98749923706055, 40.987548828125, 40.98688888549805, 40.9881706237793, 40.99348831176758, 40.99794006347656, 40.99592971801758, 40.98942184448242, 40.994258880615234, 40.98876190185547, 40.988670349121094, 40.995079040527344, 40.9923095703125, 40.99407958984375, 40.99882125854492, 40.99863052368164, 41.00088882446289, 41.002071380615234, 41.03874969482422, 41.115169525146484, 41.181880950927734, 41.22867965698242, 41.27540969848633, 41.36528015136719, 41.49385070800781, 41.57735824584961, 41.57522964477539, 41.51237869262695, 41.46833038330078, 41.42815017700195, 41.39112091064453, 41.35111999511719, 41.323219299316406, 41.28990173339844, 41.24076843261719, 41.19586944580078, 41.14617156982422, 41.1083984375, 41.05216979980469, 41.021358489990234, 40.969730377197266, 40.96651840209961, 40.974971771240234, 41.018348693847656, 40.96778106689453, 40.9492301940918, 40.932899475097656, 40.94036102294922, 40.8997917175293, 40.86697006225586, 40.828060150146484, 