{"name": "KERICHO", "bounding_box": [35.003963470458984, -0.6621093750000057, 35.67504119873046, 0.027889143675570525], "lat_idx": [129, 137], "lon_idx": [158, 166], "line": [[[35.64022827148437, 35.619148254394524, 35.60451507570551, 35.65405374162978, 35.657701987761335, 35.6489294031364, 35.60467129343688, 35.55878829956053, 35.50834274291991, 35.45896911621093, 35.42689514160155, 35.45299911499023, 35.45672607421875, 35.42572021484375, 35.37890624999999, 35.31207275390624, 35.30450439453126, 35.25451660156249, 35.21270751953124, 35.1990966796875, 35.19732666015625, 35.2125244140625, 35.17169189453125, 35.12207031249999, 35.08648681640624, 35.054119110107415, 35.04935455322266, 35.03397369384766, 35.04260635375977, 35.017065910807474, 35.00410461425782, 35.035503387451165, 35.054981780188825, 35.06653213500976, 35.1113395690918, 35.15681076049804, 35.206680297851555, 35.243732452392585, 35.28148651123046, 35.33161926269532, 35.331001281738274, 35.28836059570311, 35.253620147705064, 35.294658660888665, 35.341931874768434, 35.39420789998433, 35.4119758605957, 35.42034494207857, 35.46834182739258, 35.52004623413086, 35.565731048584, 35.611081150598324], [-0.05875897407528116, -0.10438754409552153, -0.15240478515675265, -0.16272996884904556, -0.216208307295971, -0.26628983527797756, -0.2922800319461287, -0.27186313271523305, -0.26853188872337724, -0.28330832719799753, -0.3225218653678877, -0.3652807772159494, -0.41577148437498757, -0.4553222656250074, -0.47430419921873374, -0.5101928710937107, -0.44201660156245853, -0.4498901367187577, -0.4782104492187152, -0.5266113281250022, -0.576904296874997, -0.624694824218747, -0.6547241210937427, -0.6618041992187091, -0.6264038085937508, -0.5878573060035506, -0.5379823446273581, -0.49026811122893815, -0.4408636093139369, -0.3978334647407421, -0.34940966963768205, -0.3104912936687534, -0.26307306225108995, -0.2124336957931493, -0.18521265685559057, -0.16417822241781813, -0.16858494281769165, -0.20260298252102185, -0.23562435805793797, -0.24083535373211484, -0.19043834507465215, -0.16074267029758899, -0.11834073066711172, -0.08945403993129523, -0.10591497774626005, -0.09125913237601585, -0.04261097684502491, 0.009404645532391153, 0.02480382099747099, 0.015635853633316352, -0.005701142828880467, -0.03012705703031666]]]}