{"name": "KILIFI", "bounding_box": [39.087196350097656, -3.994998216628998, 40.24002075195314, -2.3092062473297106], "lat_idx": [96, 114], "lon_idx": [199, 211], "line": [[[40.1799659410863, 40.167613000000124, 40.18006900000013, 40.166578000000136, 40.149350000000034, 40.15166399999998, 40.1452910000001, 40.191235000000134, 40.23858261108399, 40.20065689086916, 40.16992950439453, 40.15926100000007, 40.144460999999986, 40.118858000000046, 40.12649917602539, 40.118541717529304, 40.07641601562499, 40.0357780456543, 39.99034300000013, 39.98685455322264, 39.941627502441406, 39.965538024902344, 39.95208700382359, 39.92971263439076, 39.912479000000125, 39.89302700000001, 39.87074900000004, 39.82336799999995, 39.7803950000001, 39.79372300000011, 39.844084, 39.86680599999993, 39.85517100000005, 39.83977300000004, 39.82561099999992, 39.80253900000002, 39.78072399999995, 39.742439270019524, 39.7014389038086, 39.65057754516604, 39.61345600000009, 39.57308365388661, 39.533977508544915, 39.51030731201172, 39.47736358642578, 39.436744689941406, 39.390716552734375, 39.39171218872071, 39.35865020751952, 39.353775024414055, 39.34491729736328, 39.324729919433594, 39.273136138916016, 39.208690643310554, 39.14848709106446, 39.087196350097656, 39.10146713256835, 39.11637496948242, 39.13715744018554, 39.1645278930664, 39.17740631103515, 39.19248962402344, 39.20618057250977, 39.222751617431655, 39.27080384707732, 39.35015869140625, 39.458553314208984, 39.50545120239259, 39.55651092529297, 39.60340881347658, 39.64672851562499, 39.72219848632813, 39.7552719116211, 39.79523086547851, 39.83083724975585, 39.870483398437486, 39.97137069702149, 40.041408538818374, 40.07242965698241, 40.10281372070313, 40.13240430601545, 40.17921066284179], [-2.7170220364579474, -2.766956999999911, -2.816103999999938, -2.865929999999985, -2.913947999999917, -2.964759999999917, -3.015069999999974, -2.9926749999999855, -2.9762368202209557, -3.009220361709591, -3.049227476119995, -3.098602000000032, -3.1465959999999837, -3.190472999999995, -3.2399532794952477, -3.2894649505614866, -3.316571950912475, -3.3462164402008097, -3.373977000000023, -3.323936223983731, -3.3457179069519087, -3.3896973133087087, -3.438000567958634, -3.4841191253009978, -3.531862999999952, -3.578291999999978, -3.62617799999988, -3.610087000000016, -3.58451999999994, -3.634292999999926, -3.6361129999999977, -3.6808340000000106, -3.7294820000000226, -3.778115999999964, -3.8267709999999995, -3.8741129999999644, -3.920768999999927, -3.953037023544304, -3.9242360591888206, -3.9229462146758567, -3.9570550000000235, -3.987317867386632, -3.9538810253142915, -3.9093518257140842, -3.8711879253387513, -3.8379230499267543, -3.8174929618835525, -3.7674448490142742, -3.72926068305968, -3.6792769432067876, -3.62983632087707, -3.583914995193464, -3.569530010223382, -3.569405317306524, -3.569405317306524, -3.569599151611336, -3.5148811340331956, -3.4555511474609117, -3.3774166107177703, -3.2733466625213286, -3.2245666980743084, -3.167824029922492, -3.1160421371459956, -3.0657982826232923, -3.010821400729914, -2.92162871360775, -2.8006253242492707, -2.7482278347015328, -2.690305948257449, -2.6373000144958554, -2.5883340835571373, -2.503008604049678, -2.46518898010254, -2.4195814132690177, -2.3790605068206787, -2.333745002746579, -2.4213755130767742, -2.520647764205933, -2.564619302749616, -2.607684612274147, -2.649631680295336, -2.7159724235534735]]]}