{"name": "KISII", "bounding_box": [34.60992813110351, -0.9713623523712206, 35.01272201538085, -0.5009437799453677], "lat_idx": [126, 132], "lon_idx": [154, 159], "line": [[[34.86175537109374, 34.80517578124999, 34.7496109008789, 34.69856643676757, 34.648548126220696, 34.62328720092773, 34.61693954467773, 34.62163543701171, 34.625041961669915, 34.63466644287109, 34.634857177734375, 34.65109252929687, 34.69308090209961, 34.72793579101562, 34.77189636230468, 34.819499969482415, 34.86751174926757, 34.87625885009765, 34.888320922851555, 34.83789443969726, 34.81081771850585, 34.81966400146484, 34.857097625732415, 34.90118408203124, 34.94468688964843, 34.98073959350585, 35.01272201538085, 34.95796585083008, 34.89186477661133], [-0.9257162213325467, -0.9398842453956587, -0.9539526700973436, -0.9664427042007474, -0.9644652009010396, -0.9212309718132011, -0.871508598327636, -0.8217089176178003, -0.7673855423927395, -0.7175679802894609, -0.6674748659133936, -0.6199727058410712, -0.5923276543617244, -0.5563481450080797, -0.5323307514190665, -0.5170076489448568, -0.5030372738838266, -0.5522832870483418, -0.6009612083435009, -0.6000166535377511, -0.6421117782592736, -0.6913983225822397, -0.7246282696723922, -0.7486735582351761, -0.7734728455543516, -0.8334753513336134, -0.887904107570654, -0.9013206362724292, -0.9180963039398166]]]}