{"name": "KISUMU", "bounding_box": [34.41506576538085, -0.4143421351909698, 35.34301757812499, 0.026117712259287048], "lat_idx": [132, 137], "lon_idx": [152, 162], "line": [[[34.53036499023437, 34.483257293701165, 34.46701431274414, 34.44218444824218, 34.42763519287109, 34.4158592224121, 34.45426559448242, 34.50332260131835, 34.55335617065429, 34.59855651855468, 34.648059844970696, 34.69638442993164, 34.74632263183593, 34.79278182983398, 34.84047698974609, 34.891162872314446, 34.9406509399414, 34.98852539062499, 35.02487564086913, 35.07519912719726, 35.10289764404296, 35.147964477539055, 35.197456359863274, 35.226722717285156, 35.23863220214844, 35.280460357666016, 35.32360076904296, 35.34063720703124, 35.29126358032226, 35.24836349487304, 35.21426010131835, 35.16547775268554, 35.11692810058593, 35.07743072509765, 35.05630111694335, 35.04559326171875, 35.00662612915039, 35.00933837890624, 34.96760940551757, 34.91857147216796, 34.86930084228515, 34.8215103149414, 34.78762054443359, 34.75744247436523, 34.70500946044921, 34.648479461669915, 34.583744049072266, 34.53036499023437], [-0.27065023779869035, -0.29852837324142417, -0.25052973628043773, -0.1755996197462105, -0.12770287692546894, -0.0788644030690127, -0.04659216105937739, -0.027068259194489144, -0.018665624782436857, 0.010476326569910202, -0.0033246532548281806, -0.017611512914296162, -0.021100444719193198, 0.0002767745754746136, -0.025478851050134706, -0.02284282445906771, -0.03165172040462829, -0.017143761739133578, -0.0517382472753602, -0.052237913012512883, -0.010359477251776028, -0.03253599628806702, -0.02444585412740378, -0.06948902457952387, -0.11805516481399712, -0.14717975258826677, -0.17406766116618763, -0.2248453646898223, -0.2349104881286629, -0.20916472375392525, -0.17255741357803664, -0.16138596832752322, -0.17500478029251182, -0.20579497516155393, -0.2516472041606856, -0.3017824888229378, -0.33363384008407965, -0.38384047150611295, -0.4116790890693625, -0.4017216563224852, -0.39232957363128035, -0.37742242217064026, -0.34063482284546576, -0.30071026086807, -0.25675806403160406, -0.2612953782081543, -0.2664917111396765, -0.27065023779869035]]]}