{"name": "KWALE", "bounding_box": [38.4456787109375, -4.705271349577345, 39.64223255311532, -3.5640425682067303], "lat_idx": [89, 101], "lon_idx": [192, 205], "line": [[[39.31748580932623, 39.34702301025402, 39.3567352294923, 39.34817886352545, 39.383888244628906, 39.38069534301769, 39.419696807861385, 39.45690155029308, 39.49665069580078, 39.52276992797863, 39.54663848876959, 39.54807100000011, 39.56957000000011, 39.58078700000004, 39.63103103637701, 39.63586700000013, 39.61170300000009, 39.58861100000007, 39.58218600000015, 39.56302100000016, 39.54704900000007, 39.50961600000011, 39.48320400000006, 39.464359000000115, 39.41476000000017, 39.389686000000154, 39.40022100000016, 39.350443000000155, 39.3086600000002, 39.336499000000174, 39.28576900000013, 39.25117000000017, 39.21415900000011, 39.1610221862793, 39.118614196777344, 39.0737876892091, 39.03190231323242, 38.974937438964844, 38.80504989624035, 38.60761642456066, 38.56135177612305, 38.510253906250114, 38.468341827392635, 38.51229858398443, 38.569408416748104, 38.62961196899414, 38.68621826171875, 38.7454566955567, 38.79980850219732, 38.85641098022461, 38.903766632080135, 38.95022583007818, 38.97216415405268, 38.99310302734375, 39.014446258545036, 39.0350341796875, 38.991909027099666, 38.94044494628906, 38.96512222290039, 39.01144027709972, 39.05603408813488, 39.070621490478516, 39.084270477295036, 39.14549636840832, 39.20869064331055, 39.262432098388786, 39.312686920166016], [-3.5643880367279053, -3.604871749877873, -3.6542034149168785, -3.703657627105713, -3.7391488552093506, -3.7891252040863037, -3.820505380630493, -3.8544697761535645, -3.8864641189574627, -3.9291250705718994, -3.973254680633545, -4.023392999999942, -4.068794999999966, -4.117603999999915, -4.113656044006291, -4.163801999999976, -4.208844999999883, -4.253245999999876, -4.302963999999861, -4.350864999999885, -4.399108999999953, -4.432704999999885, -4.477069999999912, -4.523731999999995, -4.532484000000011, -4.57641499999994, -4.6259679999999435, -4.6360089999999445, -4.607455000000016, -4.56576699999988, -4.573571999999899, -4.609982999999943, -4.644170999999915, -4.637326240539551, -4.608623504638672, -4.576953887939453, -4.547760963439885, -4.507682800292912, -4.388947010040226, -4.250955104827881, -4.218611717224121, -4.183001041412297, -4.153847694396973, -4.114438056945801, -4.094091892242432, -4.072630405426025, -4.052309513092041, -4.0311522483825115, -4.01159143447876, -3.9908902645111084, -3.9739058017730144, -3.950232028961125, -3.900747776031494, -3.85346603393549, -3.8054280281065758, -3.75850510597229, -3.73222899436945, -3.701735496520996, -3.639101028442326, -3.6586012840270996, -3.684595823287964, -3.6327188014982994, -3.5808272361754803, -3.5694167613982586, -3.5694053173064617, -3.5695436000823406, -3.5667047500609783]]]}