{"name": "MAKUENI", "bounding_box": [37.14128875732421, -2.9922132492065106, 38.51941680908202, -1.5151367187499976], "lat_idx": [106, 122], "lon_idx": [179, 194], "line": [[[37.48962402343749, 37.53472900390625, 37.578491210937486, 37.62603759765626, 37.64910888671875, 37.690490722656236, 37.73535156249999, 37.779823303222656, 37.80363082885743, 37.83126831054688, 37.85089492797852, 37.83971786499023, 37.870155334472656, 37.89935684204101, 37.918651580810554, 37.915981292724624, 37.93773269653322, 37.955417633056655, 37.959163665771484, 37.96332550048829, 38.013347625732415, 38.05068969726563, 38.0699462890625, 38.09548568725586, 38.12104034423832, 38.16755676269532, 38.211891174316406, 38.233024597167976, 38.2757797241211, 38.2873764038086, 38.31759643554688, 38.33290863037111, 38.3544044494629, 38.37458419799805, 38.3949851989746, 38.41358184814453, 38.4221076965332, 38.42781829833985, 38.45070266723633, 38.4762077331543, 38.5136489868164, 38.46685028076171, 38.428131103515625, 38.38800048828126, 38.35148620605469, 38.32421112060549, 38.29267501831055, 38.26032257080078, 38.220897674560554, 38.17871856689452, 38.12874603271485, 38.08778381347664, 38.043014526367195, 37.99878692626953, 37.94731521606445, 37.92975234985352, 37.897197723388665, 37.87073135375976, 37.845439910888665, 37.81246185302735, 37.779281616210945, 37.74519348144532, 37.71092224121094, 37.67599487304688, 37.64152526855468, 37.60060119628906, 37.64685821533204, 37.677089691162124, 37.694175720214844, 37.68022155761718, 37.62559509277343, 37.57505798339844, 37.53560256958008, 37.484500885009766, 37.43541717529296, 37.39190673828125, 37.34356307983398, 37.29411697387695, 37.26607131958008, 37.22344970703125, 37.1746253967285, 37.1636848449707, 37.14303207397461, 37.15875244140625, 37.190673828125, 37.19329833984374, 37.17504882812501, 37.22869873046874, 37.25378417968749, 37.27405062385652, 37.32861328124999, 37.378723144531264, 37.39392089843749, 37.37213134765626, 37.34136962890625, 37.3714599609375, 37.421447753906264, 37.470947265625014], [-1.5167846679687391, -1.539916992187499, -1.565124511718755, -1.583251953124966, -1.6280517578125078, -1.5995483398437003, -1.576782226562497, -1.5998599529266346, -1.6438490152359075, -1.685592770576481, -1.7316974401473917, -1.7804576158523326, -1.820232987403869, -1.8609688282012993, -1.9071829319000204, -1.9572213888168346, -2.0023763179778977, -2.049267053604119, -2.0993113517761195, -2.1495754718780575, -2.1500132083892822, -2.183403015136684, -2.229805469512929, -2.272798776626582, -2.3161330223083523, -2.3345465660095184, -2.3578200340271085, -2.4032919406890896, -2.429367542266852, -2.478099107742318, -2.51803851127625, -2.5657050609588605, -2.6108863353729004, -2.656749725341793, -2.703243732452398, -2.749835729598973, -2.799186468124395, -2.8488881587981907, -2.893415212631231, -2.9367001056670783, -2.9700095653533998, -2.988108634948732, -2.9532873630523713, -2.9226636886596533, -2.8837225437164293, -2.8416097164153857, -2.8026835918426496, -2.7604057788848824, -2.7291402816772425, -2.7002062797546387, -2.698107481002811, -2.726818084716804, -2.7502603530883767, -2.774198532104491, -2.7751669883727756, -2.7281055450439413, -2.6892588138580313, -2.6464333534240363, -2.5991401672363206, -2.561171531677242, -2.522695541381841, -2.4829373359679847, -2.4428920745849654, -2.4032955169677366, -2.363817691802946, -2.316914796829217, -2.2972939014434886, -2.2574350833892853, -2.210396528244026, -2.1606791019439715, -2.160497903823824, -2.13927435874938, -2.1077716350555322, -2.08627438545227, -2.061091184616085, -2.0294978618621577, -2.009831190109217, -2.0005509853363073, -1.958913683891295, -1.932090401649482, -1.9193222522735582, -1.8705232143401946, -1.8224173784256037, -1.7720336914062185, -1.7271118164062518, -1.6671752929687413, -1.6168212890624993, -1.5919189453125022, -1.638122558593755, -1.6848158431824394, -1.6998291015624758, -1.702575683593745, -1.654418945312505, -1.6087646484374973, -1.568420410156244, -1.5280151367187484, -1.5300292968749716, -1.5181274414062387]]]}