{"name": "MANDERA", "bounding_box": [39.78514862060546, 2.1761491298675493, 41.906055450439446, 4.28213882446289], "lat_idx": [158, 180], "lon_idx": [206, 228], "line": [[[41.70864868164062, 41.75822067260742, 41.805732727050774, 41.856914520263665, 41.90484619140625, 41.85883331298828, 41.83007049560546, 41.79557418823242, 41.75070571899413, 41.711570739746094, 41.67907714843749, 41.643196105957024, 41.61369323730468, 41.5821189880371, 41.55068206787109, 41.518802642822266, 41.48652648925781, 41.45319747924805, 41.4177131652832, 41.381084442138665, 41.345558166503906, 41.29996109008788, 41.246841430664055, 41.19908905029296, 41.126708984375, 41.08662033081054, 41.04391098022461, 41.00268936157226, 40.99376678466797, 40.993412017822266, 40.99327087402344, 40.99362182617187, 40.9932632446289, 40.99314880371093, 40.992916107177734, 40.99282836914062, 40.99210357666015, 40.94365310668945, 40.90032577514648, 40.864509582519524, 40.83620071411132, 40.78517150878906, 40.7292594909668, 40.69887542724609, 40.664817810058594, 40.63909912109374, 40.60454559326171, 40.58171081542968, 40.56239700317383, 40.546085357666016, 40.52664184570312, 40.50323486328125, 40.51874160766601, 40.50204086303711, 40.493335723876946, 40.43874740600585, 40.38393783569335, 40.33213806152343, 40.270156860351555, 40.23536300659179, 40.18549728393554, 40.15134811401367, 40.11325073242187, 40.077083587646484, 40.0336570739746, 39.978679656982415, 39.91472244262694, 39.84500885009765, 39.79286575317383, 39.78541946411133, 39.78554153442382, 39.7854881286621, 39.785282135009766, 39.78514862060546, 39.81628417968749, 39.83866882324218, 39.86533737182616, 39.990005493164055, 40.117568969726555, 40.1624526977539, 40.21047973632812, 40.25878524780273, 40.34345245361328, 40.39408874511718, 40.44059753417968, 40.50263214111328, 40.58002853393555, 40.65509033203125, 40.70006561279296, 40.74925231933593, 40.801910400390625, 40.84898376464843, 40.88579940795898, 40.90345001220703, 40.95143127441406, 40.99423217773437, 41.031448364257805, 41.068061828613274, 41.104995727539055, 41.136238098144524, 41.181133270263665, 41.23139572143554, 41.28131866455078, 41.32984542846679, 41.37950897216796, 41.43373489379883, 41.48276138305664, 41.53346633911133, 41.5871696472168, 41.6364860534668, 41.685745239257805], [3.9883978366851784, 3.9765000343322687, 3.9608399868011515, 3.9625825881958017, 3.978001594543453, 3.9082503318786683, 3.8655891418457062, 3.819092035293578, 3.7546396255493177, 3.6983129978180025, 3.6520996093749933, 3.6015770435333208, 3.5593209266662638, 3.514602661132807, 3.469400644302374, 3.4241986274719314, 3.3777213096618612, 3.329837083816529, 3.278743028640748, 3.226857423782351, 3.1763348579406694, 3.124493122100829, 3.07225584983826, 3.0256905555725155, 2.9558620452880806, 2.9160568714141797, 2.8751187324523957, 2.8345344066619864, 2.7523746490478582, 2.6678774356842063, 2.5846550464630185, 2.498457908630376, 2.4105708599090603, 2.359888792037972, 2.3084523677825968, 2.24242329597474, 2.1904067993164102, 2.1773045063018883, 2.2028193473815896, 2.240754842758173, 2.2847561836242685, 2.304205179214472, 2.319936990737907, 2.360249519348143, 2.3979806900024414, 2.4419670104980518, 2.4790029525756894, 2.526861906051637, 2.573237419128414, 2.6206459999084486, 2.6673841476440376, 2.7145111560821493, 2.7634499073028596, 2.812615633010857, 2.8630969524383625, 2.8942530155181827, 2.9198529720306445, 2.9433481693267813, 2.971740007400507, 3.0149073600768976, 3.072592973709114, 3.1109068393707298, 3.1523561477661204, 3.19135737419128, 3.2335798740386954, 3.2593085765838565, 3.284822463989257, 3.3129565715789746, 3.3342611789703356, 3.4199721813201904, 3.4778196811676074, 3.5385658740997243, 3.6152427196502783, 3.6953125000000013, 3.7617821693420344, 3.80958843231202, 3.8678534030914253, 3.9329748153686483, 3.999163150787359, 4.021495342254641, 4.043588161468502, 4.063486099243158, 4.097380638122557, 4.113847255706796, 4.137869358062743, 4.162836551666253, 4.194261074066158, 4.225136756896971, 4.247134685516365, 4.269917488098139, 4.265692710876458, 4.246229171752935, 4.211979389190672, 4.162490844726559, 4.144385337829583, 4.113077640533446, 4.077268600463867, 4.042868137359628, 4.0071187019348224, 3.9677922725677455, 3.945106506347651, 3.951898574829108, 3.9556343555450457, 3.9432370662689302, 3.954093694686889, 3.9522457122802828, 3.963680028915414, 3.9773662090301545, 3.9745943546295117, 3.987645387649535, 3.9760379791259806]]]}