{"name": "MARSABIT", "bounding_box": [36.04948425292969, 1.2634196281433143, 39.34588623046874, 4.457602977752687], "lat_idx": [149, 182], "lon_idx": [168, 202], "line": [[[38.940547943115234, 38.96051788330078, 38.904109954833984, 38.83542251586913, 38.7885856628418, 38.741008758544915, 38.690906524658196, 38.6473274230957, 38.5989761352539, 38.55251693725585, 38.50780868530273, 38.46223831176758, 38.418621063232415, 38.379741668701165, 38.36833953857422, 38.35705184936523, 38.34557723999023, 38.31478881835937, 38.27375411987304, 38.233943939208984, 38.194812774658196, 38.153980255126946, 38.114662170410156, 38.07523345947265, 38.03522109985351, 37.99346923828124, 37.94631576538085, 37.94893646240234, 37.951663970947266, 37.898880004882805, 37.853496551513665, 37.817657470703125, 37.767513275146484, 37.71588516235351, 37.666606903076165, 37.61996078491211, 37.57058334350585, 37.5358543395996, 37.507671356201165, 37.48398208618163, 37.45709228515624, 37.42949295043945, 37.40049743652343, 37.37346649169921, 37.33443450927734, 37.29813003540038, 37.285362243652344, 37.25509643554687, 37.21144104003906, 37.17077636718749, 37.13539505004882, 37.086807250976555, 37.036731719970696, 36.97651290893554, 36.927040100097656, 36.920417785644524, 36.9137954711914, 36.89672851562499, 36.864612579345696, 36.83723831176757, 36.81567764282226, 36.796150207519524, 36.77706146240234, 36.75920867919922, 36.70937728881835, 36.69973373413085, 36.660415649414055, 36.61802673339844, 36.56824874877929, 36.52927017211913, 36.5275535583496, 36.522205352783196, 36.492313385009766, 36.45495605468749, 36.434803009033196, 36.44680786132812, 36.42055892944335, 36.398853302001946, 36.37890243530273, 36.33641052246093, 36.290699005126946, 36.26268768310546, 36.22040557861328, 36.17100143432617, 36.12443542480468, 36.14041519165039, 36.15245819091796, 36.149124145507805, 36.149394989013665, 36.11237716674804, 36.06369400024413, 36.05143737792968, 36.051258087158196, 36.0511245727539, 36.05099868774413, 36.05059051513671, 36.05037689208984, 36.04977416992187, 36.04959869384765, 36.04956436157226, 36.04949188232421, 36.05031585693359, 36.17142105102539, 36.23339080810547, 36.297080993652344, 36.35768508911132, 36.41926956176757, 36.47546005249023, 36.546916961669915, 36.62557983398437, 36.68035125732421, 36.74016571044921, 36.814006805419915, 36.87973022460937, 36.9413833618164, 36.987861633300774, 37.0389404296875, 37.08062744140624, 37.11327362060546, 37.15856552124023, 37.2117576599121, 37.25530624389648, 37.29853439331054, 37.355083465576165, 37.405296325683594, 37.454780578613274, 37.50082397460937, 37.555118560791016, 37.60187530517578, 37.64823913574218, 37.69032669067382, 37.741939544677734, 37.785713195800774, 37.83689498901367, 37.88430404663085, 37.93336105346679, 37.98019409179687, 38.01872253417969, 38.059803009033196, 38.104766845703125, 38.15217971801758, 38.211128234863274, 38.28215026855468, 38.35897827148437, 38.41152954101562, 38.48066329956054, 38.522537231445305, 38.56533050537109, 38.61528015136718, 38.664375305175774, 38.7129783630371, 38.759063720703125, 38.83962249755859, 38.89132690429687, 38.959663391113274, 39.01217651367187, 39.06173706054687, 39.113006591796875, 39.1598892211914, 39.20730972290038, 39.25764083862304, 39.307830810546875, 39.29924011230468, 39.315315246582024, 39.32272338867187, 39.333755493164055, 39.34229660034179, 39.34323120117187, 39.345401763916016, 39.33682250976562, 39.29027557373047, 39.25408172607422, 39.21060562133788, 39.15497589111328, 39.119300842285156, 39.082550048828125, 39.06914901733398, 39.066814422607415, 39.05361175537109, 39.0331916809082, 39.010704040527344, 38.98687362670898, 38.93885040283203, 38.88759994506835, 38.89909744262695, 38.91374206542968, 38.92925262451172, 38.93147659301757, 38.92948913574219, 38.9330940246582, 38.93645477294921], [2.147864341735839, 2.100552558898932, 2.0655918121337895, 2.0259828567504887, 1.9949611425399716, 1.9677758216857941, 1.9389605522155802, 1.9137738943100027, 1.8859579563140847, 1.8590700626373213, 1.8334671258926336, 1.8069537878036561, 1.7816005945205646, 1.7438504695892376, 1.6946704387664824, 1.6458642482757624, 1.5967210531234812, 1.557305216789243, 1.5252777338028003, 1.494020462036128, 1.4626710414886446, 1.4295489788055458, 1.3980448246002213, 1.366280198097237, 1.3341206312179597, 1.3006135225296107, 1.2634196281433143, 1.322735667228706, 1.3873043060302748, 1.4258701801300084, 1.4591770172119094, 1.422753691673287, 1.413739323616027, 1.4077558517456077, 1.3982118368148786, 1.3775655031204197, 1.388375401496882, 1.4365482330322306, 1.486640691757195, 1.5321035385131776, 1.5767660140991275, 1.6187278032302912, 1.664246916770941, 1.7068511247634879, 1.7405323982238736, 1.7776008844375562, 1.8267028331756503, 1.8709233999252322, 1.8972538709640487, 1.9278061389923085, 1.9656479358673034, 1.977846145629878, 1.9834022521972678, 2.0086433887481725, 2.018771886825561, 2.0700955390930154, 2.1263861656189, 2.1831057071685827, 2.254452228546137, 2.296915531158442, 2.3567872047424268, 2.4113452434539733, 2.4642271995544442, 2.514775037765512, 2.5075654983520486, 2.457604646682746, 2.4264440536499046, 2.398002862930292, 2.404642581939702, 2.4369544982910223, 2.487567424774166, 2.537848234176634, 2.5779540538787886, 2.6115241050720193, 2.6578586101532053, 2.706740617752068, 2.749683380126955, 2.7952015399932906, 2.8413426876068106, 2.8685770034790115, 2.8888525962829674, 2.930925369262704, 2.957936763763426, 2.969177484512332, 2.9882271289825426, 3.035824775695802, 3.0850031375885005, 3.1357772350311293, 3.186511039733886, 3.220125436782836, 3.23186683654785, 3.3002064228057937, 3.3741784095764213, 3.4300296306610063, 3.4805355072021515, 3.6495833396911705, 3.7373375892639134, 3.9851660728454568, 4.05628919601441, 4.131849288940424, 4.2630720138549885, 4.4514355659484846, 4.451299190521235, 4.4512295722961355, 4.450042724609376, 4.448668003082279, 4.447293758392336, 4.446397781372063, 4.444294452667235, 4.454312324523933, 4.441295623779299, 4.444398880004892, 4.4481444358825675, 4.431751728057862, 4.411017417907721, 4.392422199249266, 4.377947330474854, 4.3474292755127015, 4.306523323059081, 4.2803239822387695, 4.246070861816402, 4.2181067466735795, 4.189744949340829, 4.153229713439948, 4.120666980743402, 4.089699745178221, 4.059123992919925, 4.019294738769531, 3.986880064010627, 3.955754756927491, 3.9244139194488548, 3.890341520309441, 3.8610491752624565, 3.8280909061431867, 3.7971093654632644, 3.7648341655731206, 3.7388484477996817, 3.7059261798858576, 3.6689064502716024, 3.632677555084235, 3.615009307861329, 3.6209819316863996, 3.616320371627808, 3.611064434051519, 3.607676982879634, 3.615711212158202, 3.6440153121948198, 3.615374088287355, 3.6115295886993377, 3.5957980155944758, 3.583643436431883, 3.560573816299445, 3.5361728668212846, 3.5203495025634735, 3.5179257392883265, 3.5176749229431135, 3.527648210525506, 3.5195920467376745, 3.497948408126832, 3.480370044708246, 3.4744911193847607, 3.487215518951425, 3.436848640441894, 3.387348651885982, 3.3336341381073025, 3.28383135795594, 3.231093406677244, 3.1739234924316495, 3.115333795547487, 3.0637269020080566, 3.037839889526373, 2.9999742507934557, 2.972790479660033, 2.9547743797302295, 2.918532609939574, 2.8828592300415083, 2.8315122127532932, 2.776823520660409, 2.727508544921868, 2.6815652847289995, 2.6278133392333984, 2.5829291343688907, 2.557990074157713, 2.5444610118866, 2.4944882392883363, 2.4463648796081623, 2.398724317550667, 2.348591089248655, 2.298037528991696, 2.246304035186773, 2.1960618495941104]]]}