{"name": "MURANG'A", "bounding_box": [36.70576858520508, -1.0934110344864676, 37.42120361328124, -0.5643848776817254], "lat_idx": [125, 131], "lon_idx": [175, 183], "line": [[[37.34249674064948, 37.378295898437486, 37.42010498046875, 37.382060250768966, 37.33428955078125, 37.29547119140624, 37.25628662109374, 37.2081298828125, 37.1602783203125, 37.11029052734375, 37.06488037109374, 37.015502929687514, 36.974487304687486, 36.93652343749999, 36.89752197265624, 36.85650634765626, 36.81152343749998, 36.7689208984375, 36.72467041015624, 36.719739414498896, 36.71065565846097, 36.70849990844727, 36.71102336506675, 36.7413591933942, 36.7923812866211, 36.83723831176758, 36.884220123291016, 36.93299102783204, 36.97863006591796, 37.027317047119155, 37.07205581665038, 37.113731384277344, 37.16368484497071, 37.20253372192383, 37.24387741088868, 37.265376850679104, 37.26266860961914, 37.24126815795899, 37.26778226799128, 37.30774878956917, 37.33356213180008], [-0.961403888914395, -0.9963989257812379, -1.0323486328124882, -1.0655874038252016, -1.0806274414062451, -1.0484008789062025, -1.0172119140625069, -1.0322265624999953, -1.0469970703124838, -1.0364990234374913, -1.0145874023437547, -1.0051269531249947, -0.9746093749999786, -0.940795898437492, -0.9094848632812236, -0.880493164062482, -0.8569946289062507, -0.8306884765625004, -0.8065795898437524, -0.7566321785221762, -0.7072748343800009, -0.6572012901305894, -0.6070676084410404, -0.5671574680297731, -0.5686097145080603, -0.5920963883399882, -0.6093532443046319, -0.5981363654136632, -0.5774739980697622, -0.5899853706359487, -0.6128767132759093, -0.6407073736190226, -0.6355685591697452, -0.6671420931816121, -0.695814907550813, -0.7410029542997566, -0.7911015748977613, -0.8372073769569343, -0.8812816987802081, -0.9115049345541237, -0.9549450483585868]]]}