{"name": "NAROK", "bounding_box": [34.590164184570305, -2.1045989990234384, 36.34778213500976, -0.45408412814140425], "lat_idx": [115, 132], "lon_idx": [154, 172], "line": [[[36.172893524169915, 36.198585510253906, 36.248760223388665, 36.28547286987304, 36.31073379516601, 36.33521652221679, 36.34024047851562, 36.34538269042968, 36.32657241821288, 36.290496826171875, 36.255744934082024, 36.218460083007805, 36.18363952636718, 36.14358901977539, 36.1082420349121, 36.07094573974609, 36.06604003906249, 36.08501815795898, 36.0643424987793, 36.05344009399413, 36.0433006286621, 36.0356101989746, 36.01589965820312, 36.04763031005859, 36.026172637939446, 36.04242324829101, 36.03675842285156, 36.02260971069336, 36.00221633911132, 35.80852508544921, 35.764892578125, 35.71439361572265, 35.66695404052734, 35.618728637695305, 35.56811523437499, 35.495864868164055, 35.44884872436523, 35.39833068847656, 35.34930419921875, 35.29319763183593, 35.24665451049804, 35.198448181152344, 35.1515884399414, 35.10392761230468, 35.05856323242187, 34.93412780761718, 34.876045227050774, 34.82663345336913, 34.78025817871093, 34.73084640502929, 34.71358108520507, 34.70038986206054, 34.68798065185546, 34.653430938720696, 34.63035583496093, 34.61494064331054, 34.592151641845696, 34.62222290039062, 34.66989135742187, 34.73168945312499, 34.78035354614258, 34.83080673217773, 34.888355255126946, 34.941612243652344, 34.99507522583007, 35.05508422851562, 35.1050682067871, 35.14480972290038, 35.19226455688476, 35.23743057250976, 35.283634185791016, 35.325298309326165, 35.37293624877929, 35.416755676269524, 35.42993927001953, 35.46623229980468, 35.49848556518554, 35.54054641723633, 35.498542785644524, 35.45382690429687, 35.41999816894531, 35.40201187133788, 35.44682312011718, 35.49802017211913, 35.55379486083984, 35.59500885009765, 35.62561035156249, 35.670696258544915, 35.6885757446289, 35.71228408813476, 35.7459373474121, 35.785476684570305, 35.82876205444335, 35.864334106445305, 35.90452575683594, 35.95175170898437, 35.9755516052246, 35.95321655273437, 35.90328216552734, 35.920207977294915, 35.97065353393554, 36.01171112060546, 36.0618896484375, 36.10781860351562, 36.14923095703124, 36.175952911376946, 36.1883544921875, 36.162696838378906], [-0.8754766583442706, -0.9196379184722864, -0.9170027375221235, -0.9521607160568324, -0.9988105297088659, -1.043979167938236, -1.0943020582199166, -1.1475886106491138, -1.1953303813934364, -1.2342346906661927, -1.2719014883041462, -1.3117303848266553, -1.348292112350463, -1.390453815460211, -1.4278153181076005, -1.4670859575271573, -1.517226219177242, -1.5636457204818657, -1.6099827289581325, -1.6588182449340825, -1.70798265933991, -1.757619023323056, -1.8040821552276556, -1.843228578567506, -1.8884298801422177, -1.9357466697692896, -1.9855302572250435, -2.033813953399658, -2.0818769931793186, -1.9952025413513168, -1.9705147743225084, -1.9421421289444034, -1.915490746498106, -1.888131141662595, -1.8594468832016036, -1.8181183338165328, -1.7917939424514777, -1.764093875885013, -1.7362979650497439, -1.704424023628238, -1.6797541379928627, -1.6524164676666195, -1.6258338689804155, -1.5985400676727322, -1.5725535154342623, -1.501975536346436, -1.4693269729614333, -1.4412416219711226, -1.4149252176284808, -1.3869132995605535, -1.3173481225967376, -1.2677580118179328, -1.2150835990905768, -1.1789227724075377, -1.1293059587478638, -1.081677317619328, -1.0346847772598269, -0.9859791994094907, -0.97028416395188, -0.9583399891853384, -0.9462405443191589, -0.9335299134254414, -0.9190146327018816, -0.9054206013679429, -0.8924005031585707, -0.8980574011802593, -0.923225402832034, -0.9559429883956837, -0.9950595498085048, -1.0316880941390931, -1.0120444297790576, -0.9841814637184154, -0.9688107967376753, -0.9445452094078106, -0.8960864543914758, -0.861119091510766, -0.8227286934852629, -0.7950823903083856, -0.7673126459121786, -0.7406247258186295, -0.7026969790458756, -0.6556761860847551, -0.6284386515617433, -0.6134205460548406, -0.5969551205635037, -0.6331362724304174, -0.6795508861541742, -0.65764725208283, -0.6107768416404721, -0.5667002797126789, -0.5293027758598298, -0.49540954828261974, -0.4699136912822686, -0.5101265907287532, -0.5438897609710623, -0.5663537979125975, -0.61456668376922, -0.66106164455414, -0.6342865228652977, -0.6814223527908299, -0.692269146442415, -0.6610751748085081, -0.6552861332893333, -0.6816576123237614, -0.7103991508483933, -0.7530072927474937, -0.8019101619720463, -0.8478196263313339]]]}