{"name": "NYANDARUA", "bounding_box": [36.200786590576165, -0.9186250567436162, 36.736682891845696, 0.1402402669191319], "lat_idx": [127, 138], "lon_idx": [170, 176], "line": [[[36.58874511718749, 36.59439468383788, 36.561599731445305, 36.55305862426757, 36.55005264282226, 36.53720474243163, 36.544143676757805, 36.526016235351555, 36.46794509887695, 36.45144653320312, 36.40397644042969, 36.397285461425774, 36.388450622558594, 36.37355804443359, 36.32263565063476, 36.272022247314446, 36.23515319824218, 36.2139663696289, 36.24608612060546, 36.22018432617187, 36.20453643798828, 36.2206802368164, 36.25063705444335, 36.26950073242187, 36.31121826171874, 36.3644676208496, 36.41841506958007, 36.4338035583496, 36.46115493774413, 36.50501632690429, 36.57723236083984, 36.6033706665039, 36.65053939819335, 36.59072875976562, 36.55582427978515, 36.572540283203125, 36.63504409790038, 36.65633773803711, 36.67459106445312, 36.65036392211913, 36.624099731445305, 36.610271453857415, 36.63185882568359, 36.65071487426757, 36.6657829284668, 36.6636848449707, 36.67995452880859, 36.705921173095696, 36.70793914794921, 36.71329498291015, 36.72933197021484, 36.68054199218749, 36.648975372314446, 36.6056785583496], [-0.8257730603218009, -0.876060545444496, -0.9141358137130765, -0.8602536916732724, -0.8013262748718297, -0.751027703285213, -0.6946584582328827, -0.6474595665931766, -0.6245362758636528, -0.5635915398597665, -0.5465350151062085, -0.4966952800750777, -0.44738385081291215, -0.3994995355606125, -0.38492298126221014, -0.3758572340011606, -0.3419154882430997, -0.29257729649543623, -0.25261434912681086, -0.20925278961658472, -0.15304040908812996, -0.1031859815120649, -0.05775816738606155, -0.010278601199392888, 0.019309271126990678, 0.021583462133999195, 0.0411343351006537, 0.08891145884990437, 0.13112308084963958, 0.09586358815431834, 0.07033000141381957, 0.005459962412720344, -0.013711101375515589, -0.01737554185091718, -0.05321022495626837, -0.10125666856765797, -0.10424691438674162, -0.15076166391371998, -0.1999282985925619, -0.24456860125065694, -0.291593551635744, -0.34055790305137246, -0.3860567808151327, -0.4331134259700757, -0.48144191503524436, -0.5316410660743668, -0.5800965428352274, -0.6241269707679777, -0.6741315126419044, -0.7241659760475144, -0.7715834379196096, -0.75980877876282, -0.7998120784759566, -0.8279442787170438]]]}