{"name": "NYERI", "bounding_box": [36.60403823852538, -0.6447684168815631, 37.30781173706054, 0.016347559168932633], "lat_idx": [130, 137], "lon_idx": [174, 182], "line": [[[37.03201675415038, 36.98431396484374, 36.93842315673828, 36.88983154296874, 36.841743469238274, 36.797588348388665, 36.74716186523437, 36.710071563720696, 36.67032241821289, 36.66230773925781, 36.66622924804687, 36.64276504516601, 36.61901473999023, 36.60979461669921, 36.62988662719726, 36.65436935424804, 36.67840576171874, 36.68920898437499, 36.737720489501946, 36.78739547729492, 36.83154296874999, 36.86790466308593, 36.841175079345696, 36.87286376953124, 36.92029190063476, 36.97247314453125, 37.002849578857415, 37.01461410522461, 37.0024070739746, 36.98260116577148, 37.015247344970696, 37.05048751831054, 37.10029983520507, 37.161048889160156, 37.25046157836914, 37.30781173706054, 37.27222061157226, 37.249881744384766, 37.227161407470696, 37.204986572265625, 37.17606735229492, 37.16952896118163, 37.14834976196288, 37.17704010009765, 37.14446640014648, 37.09580993652344, 37.05308532714843], [-0.5904141068458537, -0.5753495097160282, -0.5957642197608897, -0.6080712080001845, -0.5924157500267091, -0.5677618384361283, -0.5680920481681802, -0.6018496751785269, -0.5710570216178815, -0.5203208327293475, -0.4697731733322161, -0.422557502985005, -0.37826693058014177, -0.32783991098403736, -0.28122836351394775, -0.2366834133863453, -0.1926472187042173, -0.14026705920695454, -0.12119331210852394, -0.1063821241259543, -0.13229425251484586, -0.16720093786716547, -0.21160681545733714, -0.25039401650429155, -0.26875394582749096, -0.28635719418525796, -0.2464597523212447, -0.1934392452240059, -0.1447316855192205, -0.09767862409352923, -0.05276631563902571, -0.013611502945419676, -0.022747002542019914, -0.05329725146293858, -0.11201131343841468, -0.14957407116890636, -0.24416068196296184, -0.30407094955444414, -0.36358618736267123, -0.42161244153976224, -0.4624933600425767, -0.5125941038131695, -0.5579285621643109, -0.5989063382148694, -0.6371036767959665, -0.6255303025245631, -0.5992803573608436]]]}