{"name": "SIAYA", "bounding_box": [33.94793319702148, -0.4283954799175183, 34.56017303466796, 0.31358391046523504], "lat_idx": [132, 140], "lon_idx": [147, 155], "line": [[[34.48298263549804, 34.42182540893554, 34.375904083251946, 34.33282470703125, 34.28556823730468, 34.25601577758788, 34.21060562133788, 34.15138244628906, 34.09310150146484, 34.042388916015625, 33.97966003417968, 33.983081817626946, 33.94933319091796, 33.99956893920898, 34.04209899902344, 34.06204605102538, 34.077102661132805, 34.11119842529296, 34.11337661743163, 34.1383934020996, 34.16720581054687, 34.202739715576165, 34.24035644531249, 34.2893943786621, 34.34064483642578, 34.38858795166015, 34.39761734008788, 34.390754699707024, 34.436172485351555, 34.44139099121093, 34.48424530029296, 34.534339904785156, 34.556533813476555, 34.55218124389648, 34.53889846801757, 34.49180603027343, 34.44693756103515, 34.41529464721679, 34.43129348754882, 34.45307540893554, 34.46969985961913], [-0.29869073629379855, -0.3348317742347681, -0.37338748574256253, -0.4095595777034683, -0.42664617300034247, -0.37873438000678805, -0.3381441235542362, -0.33814412355422835, -0.3381441235542379, -0.3381441235542245, -0.3381441235542278, -0.1288033425807994, -0.02654956839978053, -0.026362976059317346, 0.00031421380117700867, 0.07275313884019981, 0.1211704090237613, 0.15997876226901928, 0.2102178335189885, 0.2573956251144463, 0.2984883785247765, 0.2630111277103462, 0.2977371215820311, 0.30778494477271384, 0.3092310726642651, 0.2945414185523986, 0.24459022283554502, 0.19492621719837702, 0.2161188423633528, 0.1661874502897245, 0.14035716652870328, 0.13670666515826518, 0.09147393703460278, 0.04165085032582412, -0.0065529379062290605, -0.02844099886715975, -0.05239597707987346, -0.09212994575499861, -0.14323136210441456, -0.20802310109138356, -0.25827050209045405]]]}