{"name": "TAITA_TAVETA", "bounding_box": [37.58435440063476, -4.1379475593566974, 39.21977996826171, -2.6791622638702353], "lat_idx": [95, 110], "lon_idx": [184, 201], "line": [[[37.70352554321288, 37.69487762451171, 37.75033950805663, 37.80025482177734, 37.84832000732422, 37.85397720336914, 37.85540008544921, 37.87671279907226, 37.88414764404296, 37.89040756225586, 37.91349029541015, 37.92799758911133, 37.974414825439446, 38.04301452636719, 38.08778381347656, 38.128746032714844, 38.178718566894524, 38.22023391723632, 38.260322570800774, 38.29267501831055, 38.32421112060546, 38.35148620605468, 38.385486602783196, 38.42689132690429, 38.45822143554687, 38.50755310058594, 38.557746887207024, 38.60707092285156, 38.65043640136719, 38.69848251342773, 38.747730255126946, 38.79727172851562, 38.84650802612304, 38.891544342041016, 38.94157028198242, 38.990909576416016, 39.04101943969726, 39.082168579101555, 39.121326446533196, 39.159168243408196, 39.20807266235351, 39.20618057250976, 39.19248962402344, 39.177406311035156, 39.1645278930664, 39.146533966064446, 39.12846374511718, 39.110366821289055, 39.09508514404297, 39.08217620849609, 39.06866455078124, 39.02425003051758, 38.97412490844726, 38.94258880615234, 38.972583770751946, 39.01842498779296, 39.01740646362305, 38.997119903564446, 38.97378921508788, 38.95276260375976, 38.908348083496094, 38.8564109802246, 38.799808502197266, 38.74545669555664, 38.68621826171875, 38.62961196899413, 38.56940841674804, 38.512298583984375, 38.45229339599609, 38.395339965820305, 38.35070419311523, 38.30712890624999, 38.05826568603515, 38.015998840332024, 37.96884536743164, 37.92373275756835, 37.872676849365234, 37.82349014282226, 37.78134536743163, 37.77716445922851, 37.75774765014648, 37.72344970703124, 37.678108215332024, 37.629127502441406, 37.62425994873046, 37.58438873291015, 37.61813354492187, 37.663223266601555, 37.70162963867187, 37.70515823364257], [-3.25774836540223, -3.1993215084075874, -3.1736266613006547, -3.169498443603512, -3.1839127540588406, -3.129246711730953, -3.0792374610900897, -3.027028322219844, -2.971001625061039, -2.919482946395873, -2.871690273284908, -2.8185207843780598, -2.787388801574705, -2.7502603530883767, -2.726818084716804, -2.698107481002811, -2.7002062797546387, -2.728523969650271, -2.7604057788848824, -2.8026835918426496, -2.841609716415403, -2.8837225437164293, -2.9207355976104705, -2.951817512512209, -2.991154670715333, -2.9825062751769944, -2.98530507087707, -2.994617700576787, -3.0196731090545654, -3.0339601039886435, -3.044104099273687, -3.051354885101321, -3.0601835250854528, -3.0383479595184326, -3.0349462032318044, -3.026190280914314, -3.023238420486448, -3.0521445274352956, -3.0210020542144727, -3.0546381473541224, -3.0659832954406805, -3.1160421371459956, -3.167824029922492, -3.224566698074342, -3.2733466625213623, -3.3417828083038392, -3.4101104736328174, -3.4785559177398757, -3.539330959320067, -3.5889112949371405, -3.639468431472778, -3.6660892963409477, -3.6368362903595037, -3.676278829574578, -3.7204878330230753, -3.748337984085081, -3.7986981868743896, -3.844593763351436, -3.897110223770138, -3.944431304931639, -3.9724352359771764, -3.99089026451111, -4.011591434478761, -4.031152248382573, -4.052309513092035, -4.072630405426025, -4.0940918922424325, -4.114438056945809, -4.135613441467294, -4.102871417999271, -4.071424961090082, -4.040903091430663, -3.866134166717538, -3.836473703384393, -3.803313493728645, -3.771961688995365, -3.735984325408935, -3.7014343738555824, -3.6654760837555003, -3.615435361862177, -3.5692498683929452, -3.5324840545654275, -3.510840654373166, -3.521081686019902, -3.4711458683013916, -3.438088417053216, -3.4002962112426687, -3.3560926914215163, -3.3237130641937243, -3.2688622474670366]]]}