{"name": "TANA RIVER", "bounding_box": [38.4193229675293, -3.0701267719267653, 40.734239259723545, -0.0015442260773273874], "lat_idx": [105, 137], "lon_idx": [192, 216], "line": [[[40.34526824951172, 40.441806793213, 40.4898452758789, 40.53995132446294, 40.59214782714849, 40.64136123657226, 40.69135665893555, 40.66691207885736, 40.63055419921886, 40.579296112060604, 40.53278732299816, 40.50336299999992, 40.45672600000011, 40.50610000000011, 40.45753479003917, 40.407882690429744, 40.361469268798885, 40.315341949463, 40.2705688476563, 40.23232269287103, 40.20286560058599, 40.11178207397466, 40.072429656982415, 40.041408538818416, 39.98775482177746, 39.908527374267685, 39.85498046875005, 39.80934906005864, 39.76614761352544, 39.72428894042974, 39.67712402343749, 39.622074127197266, 39.57637023925792, 39.538257598877, 39.48715209960937, 39.362838745117244, 39.28812408447276, 39.2492065429688, 39.208530426025504, 39.159168243408196, 39.122829437255916, 39.084930419921925, 38.62349319458013, 38.67348480224609, 38.71720504760753, 38.75749206542974, 38.92972183227538, 38.986549377441456, 39.01342773437506, 38.95838165283214, 38.99685287475585, 38.98513412475591, 38.98057174682628, 38.974422454834034, 38.96953964233409, 38.963459014892514, 38.94746017456054, 38.92552185058599, 38.898624420166016, 38.86684417724604, 38.84508132934575, 38.822650909423935, 38.78646087646489, 38.75133132934581, 38.721309661865284, 38.693935394287216, 38.662708282470696, 38.633728027343864, 38.60762405395513, 38.57966232299815, 38.55376052856439, 38.52434539794921, 38.495658874511825, 38.46752929687505, 38.4193229675293, 38.46882247924816, 38.51573562622075, 38.54705810546881, 38.59704208374035, 38.64353561401378, 38.69309616088872, 38.73721313476562, 38.76216888427734, 38.81118774414062, 38.86484909057611, 38.915016174316456, 38.96138000488286, 39.01073837280284, 39.06186294555675, 39.10677337646495, 39.13906860351562, 39.18436431884776, 39.23506927490239, 39.28520202636724, 39.33567428588873, 39.37806320190441, 39.423748016357415, 39.469451904296925, 39.50980377197276, 39.54246139526373, 39.583621978759815, 39.61753463745117, 39.62618637084966, 39.62594985961919, 39.63175964355469, 39.69255828857421, 39.72556686401372, 39.772270202636655, 39.814632415771534, 39.82939910888677, 39.85079193115245, 39.86680221557616, 39.879180908203175, 39.90047454833983, 39.90518569946293, 39.923164367675774, 39.93877410888666, 39.94910049438482, 39.97088241577159, 39.99497985839849, 40.013996124267685, 40.04130554199224, 40.057357788086044, 40.04889297485363, 40.06327056884776, 40.07551574707059, 40.08580780029308, 40.10494613647472, 40.11680603027349, 40.148811340332024, 40.159866333007805, 40.15807723999023, 40.16368484497075, 40.16160583496093, 40.177825927734375, 40.18695831298828, 40.188228607177734, 40.19636535644536, 40.214248657226555, 40.22461700439458, 40.23416519165039, 40.24383163452159, 40.25030899047862, 40.25029373168957, 40.25029373168957, 40.299419403076165], [-2.398638725280649, -2.3989975452423025, -2.413509368896314, -2.4288604259490336, -2.444801807403504, -2.4596619606017005, -2.4627778530120836, -2.5067238807678263, -2.54439806938166, -2.5504686832427996, -2.5305352210998624, -2.4882039999998864, -2.513187999999785, -2.5230629999999206, -2.5393469333648615, -2.5581488609313423, -2.5809934139251762, -2.608677148818973, -2.6434798240661, -2.6814618110656823, -2.7229599952697217, -2.620398998260502, -2.5646193027496325, -2.520647764205882, -2.444597482681277, -2.3323004245758, -2.3516325950622528, -2.403494834899845, -2.4527041912078884, -2.50047755241388, -2.5538485050200848, -2.6161510944365953, -2.6678671836852486, -2.710919380187868, -2.768816947937012, -2.9073185920715403, -2.9910619258880597, -3.0362107753753653, -3.065793037414546, -3.0546381473540714, -3.0202214717865057, -3.0532865524292, -2.4126486778259237, -2.4151175022125333, -2.3905849456786568, -2.36045622825622, -2.0815985202789364, -1.9710553884506297, -1.9154833555221487, -1.704642295837353, -1.6329009532927907, -1.4379979372024034, -1.3620960712431733, -1.2598019838333092, -1.178555250167854, -1.0774297714233332, -1.021835446357674, -0.9761757254599362, -0.9187805652617278, -0.8521307706832237, -0.8059055209159358, -0.7587659955024659, -0.6926493048667399, -0.6335608363151501, -0.5831345319746709, -0.5371959805488613, -0.4827005565165939, -0.43337249755860086, -0.38916024565691704, -0.34145992994308366, -0.29788717627513245, -0.24800674617279858, -0.19993844628334764, -0.15197443962097387, -0.07020106166577608, -0.0805193111299911, -0.06185459345579451, -0.022331299260263372, -0.03315350413322009, -0.054378312081093214, -0.04622101411212323, -0.07059856504196346, -0.026026224717503602, -0.0397175401447518, -0.05030234903085899, -0.03979297727345642, -0.01856772787869289, -0.0030197899322319277, -0.0035809776745755824, -0.026295227929889628, -0.06653223186726098, -0.08795054256915422, -0.0862961038946528, -0.09168422967178609, -0.09418822824948864, -0.12094553560018956, -0.1450449079275198, -0.16723459959030915, -0.20241178572166482, -0.2405949831008902, -0.2694411575793152, -0.31033077836031686, -0.36334073543543666, -0.4309734702109752, -0.4806854724884002, -0.49314671754830897, -0.5311318635940607, -0.5593443512915979, -0.5882644653320259, -0.6366562843322761, -0.6836586594581524, -0.7317069768905665, -0.7854994535445066, -0.8324099183082092, -0.8825350999831661, -0.9296793341636619, -0.9780378937721241, -1.0283700227736357, -1.0735502243041914, -1.1177620887756308, -1.1656761169433578, -1.2080523967742862, -1.2580717802047712, -1.3080372810363219, -1.3564114570617665, -1.408734679222048, -1.4595963954925615, -1.5075623989105151, -1.5562438964843741, -1.595525264739984, -1.6459954977035596, -1.6961523294448895, -1.7468012571334897, -1.7972137928007819, -1.8459966182708807, -1.896701931953429, -1.9472577571868979, -1.9974821805953948, -2.047524690628057, -2.106035470962524, -2.1598651409148637, -2.2141683101652965, -2.2729821205139227, -2.326462984085081, -2.382531881332282, -2.398373842239373]]]}