{"name": "THARAKA-NITHI", "bounding_box": [37.3078117370606, -0.4515838325023128, 38.31042098999023, 0.06369594610964704], "lat_idx": [131, 138], "lon_idx": [181, 192], "line": [[[37.93619178899564, 37.98107910156244, 38.00250244140624, 38.0437622070313, 38.09077453613281, 38.140869140625114, 38.18283462524413, 38.22945404052734, 38.27614212036138, 38.30204010009776, 38.26118469238287, 38.214859008789176, 38.185829162597706, 38.174957275390675, 38.14209365844738, 38.10518646240246, 38.05492782592784, 38.00591659545909, 37.98093032836925, 37.972560882568466, 37.965557098388665, 37.915554046630795, 37.89212799072271, 37.84959411621099, 37.812084197998104, 37.766567230224716, 37.71604919433599, 37.66911315917974, 37.63212203979486, 37.58562850952148, 37.53596115112315, 37.498928070068416, 37.3078117370606, 37.3979988098145, 37.49093246459972, 37.57947158813487, 37.62373733520502, 37.67395401000976, 37.72370147705083, 37.75998306274413, 37.80994796752929, 37.849773406982415, 37.8904266357423, 37.924819946289055], [-0.037044699390329255, -0.002380371093752257, 0.05389404296874642, 0.025444528087973803, 0.04262205213314363, 0.045589648187157224, 0.017891753464993804, -0.002911267103628881, -0.022104740142819185, -0.06503854691983098, -0.09394410997622665, -0.11387233436108066, -0.15520460903644065, -0.20454896986484905, -0.2422584891319257, -0.2764380574226297, -0.27602338790888215, -0.265280306339266, -0.30885741114610216, -0.3584997653961201, -0.4087545573711428, -0.4131574332713434, -0.3688093721866043, -0.3952359557151836, -0.4284926950930935, -0.44937318563460743, -0.44537290930741763, -0.42573505640024056, -0.39171594381332236, -0.37314188480370963, -0.3464294373989049, -0.312590003013603, -0.149574071168839, -0.16160900890821658, -0.17196013033390167, -0.17993538081640925, -0.2036386281251919, -0.20652793347835577, -0.20097143948071927, -0.16623263061040205, -0.17870806157583705, -0.1460581272839876, -0.10801851749419526, -0.07098987698555229]]]}