{"name": "TRANS-NZOIA", "bounding_box": [34.57942581176757, 0.8072218894958577, 35.36264038085937, 1.2838234901428256], "lat_idx": [144, 150], "lon_idx": [154, 163], "line": [[[34.649360656738274, 34.68825912475585, 34.73787689208984, 34.78800201416015, 34.819011688232415, 34.89612197875976, 34.937915802001946, 34.9938621520996, 35.03334808349609, 35.06151580810547, 35.11483383178711, 35.1640281677246, 35.19540786743163, 35.23146438598632, 35.272937774658196, 35.320850372314446, 35.34778976440429, 35.35391616821288, 35.31203842163085, 35.27201843261718, 35.223308563232415, 35.17325592041015, 35.12370300292968, 35.07565307617187, 35.02566146850585, 34.970767974853516, 34.92764663696288, 34.87782669067382, 34.82194519042968, 34.7973518371582, 34.79922103881835, 34.75530624389648, 34.71878433227538, 34.686538696289055, 34.65619277954101, 34.62885284423828, 34.58614349365234, 34.628067016601555], [1.1800720691680846, 1.211808919906623, 1.2199391126632677, 1.222430825233455, 1.2617598772048877, 1.2811493873596114, 1.2535810470581128, 1.2591995000839284, 1.2262861728668186, 1.1818108558654825, 1.1883144378662098, 1.1758356094360316, 1.1289942264556865, 1.09319961071015, 1.0626225471496602, 1.0350444316864085, 0.9919120669364879, 0.9341485500335708, 0.9032914042472807, 0.9336035847663807, 0.9214568734169051, 0.9217223525047239, 0.9140579700469904, 0.8993448019027774, 0.897353589534754, 0.8813285827636657, 0.8557714819908097, 0.829899907112125, 0.8112689256668066, 0.8550277948379488, 0.9050048589706431, 0.930103600025177, 0.9676097631454389, 1.0104180574417176, 1.0528243780136184, 1.0958632230758676, 1.1416465044021613, 1.1690682172775284]]]}