{"name": "Lakes", "bounding_box": [28.467327, 5.674201, 31.693703, 7.833143], "lat_idx": [193, 215], "lon_idx": [93, 126], "line": [[[30.704826, 30.744909, 30.786818, 30.826034, 30.865576, 30.907746, 30.94989, 30.992927, 31.031845, 31.073337, 31.111863, 31.158919, 31.199445, 31.227105, 31.262871, 31.287818, 31.30998, 31.333115, 31.366485, 31.386594, 31.415093, 31.442488, 31.47535, 31.499591, 31.524692, 31.546742, 31.563782, 31.587745, 31.605694, 31.631947, 31.656194, 31.670399, 31.693703, 31.643661, 31.592592, 31.541855, 31.490851, 31.43344, 31.378805, 31.327541, 31.273311, 31.219928, 31.167792, 31.116691, 31.063999, 31.008467, 30.964759, 30.924066, 30.884597, 30.844347, 30.800266, 30.759538, 30.717367, 30.674643, 30.634862, 30.587607, 30.559544, 30.536814, 30.497814, 30.440116, 30.389018, 30.33776, 30.281596, 30.227427, 30.203711, 30.18972, 30.164193, 30.145644, 30.131143, 30.089921, 30.034712, 29.98093, 29.93454, 29.898548, 29.846058, 29.791976, 29.78816, 29.787875, 29.78716, 29.786445, 29.743452, 29.699664, 29.652577, 29.622104, 29.6114, 29.601987, 29.585455, 29.575781, 29.565129, 29.506563, 29.455789, 29.403181, 29.346464, 29.294931, 29.243443, 29.187952, 29.133953, 29.083025, 29.026568, 28.976889, 28.925574, 28.878386, 28.835288, 28.793462, 28.757905, 28.729482, 28.702811, 28.676191, 28.62947, 28.57275, 28.557362, 28.54767, 28.531944, 28.498292, 28.477815, 28.498323, 28.482941, 28.467775, 28.522272, 28.570138, 28.623983, 28.670555, 28.719373, 28.768979, 28.821137, 28.875734, 28.91783, 28.951827, 28.982201, 28.999583, 29.001294, 28.996967, 28.989574, 28.979256, 28.960129, 28.936298, 28.916995, 28.898342, 28.879213, 28.888029, 28.915997, 28.939094, 28.960729, 28.990635, 29.018098, 29.046034, 29.073948, 29.10549, 29.15491, 29.192848, 29.230818, 29.266464, 29.306351, 29.345325, 29.400337, 29.453086, 29.508206, 29.554917, 29.597227, 29.633109, 29.673825, 29.724714, 29.782241, 29.831848, 29.882577, 29.931677, 29.949152, 29.975389, 29.998115, 30.019743, 30.041599, 30.061865, 30.084728, 30.104201, 30.123849, 30.150879, 30.173401, 30.189356, 30.219316, 30.254011, 30.308682, 30.364696, 30.418277, 30.468658, 30.522148, 30.561295, 30.58664, 30.614131, 30.662091], [7.214726, 7.183007, 7.14978, 7.109315, 7.075664, 7.048239, 7.010616, 6.974109, 6.93236, 6.896733, 6.859421, 6.833192, 6.79448, 6.744079, 6.706051, 6.661755, 6.616626, 6.571272, 6.531586, 6.485475, 6.438738, 6.388824, 6.34546, 6.297458, 6.249251, 6.202369, 6.152884, 6.098104, 6.051174, 6.008241, 5.96258, 5.913304, 5.865737, 5.871733, 5.872468, 5.885876, 5.882568, 5.89127, 5.896679, 5.891278, 5.894374, 5.899954, 5.899732, 5.912434, 5.913814, 5.912733, 5.949477, 5.980953, 6.015222, 6.053729, 6.089747, 6.120162, 6.159018, 6.194752, 6.227351, 6.207732, 6.164729, 6.118114, 6.08444, 6.085957, 6.081217, 6.087143, 6.082103, 6.081617, 6.131692, 6.181903, 6.227741, 6.275283, 6.325484, 6.356986, 6.364816, 6.364303, 6.340649, 6.304903, 6.311811, 6.304764, 6.248852, 6.196561, 6.141103, 6.085589, 6.051071, 6.016353, 5.986777, 5.941355, 5.885567, 5.832389, 5.778098, 5.728474, 5.676415, 5.68307, 5.687192, 5.69346, 5.699249, 5.699957, 5.705306, 5.710455, 5.71936, 5.72028, 5.717721, 5.734902, 5.758938, 5.784912, 5.812007, 5.850658, 5.895515, 5.940177, 5.98541, 6.030215, 6.061025, 6.075147, 6.126661, 6.1765, 6.230155, 6.27272, 6.318754, 6.369726, 6.417407, 6.470714, 6.485331, 6.466086, 6.450842, 6.431038, 6.413454, 6.400439, 6.39133, 6.397688, 6.425643, 6.470917, 6.519613, 6.566734, 6.617682, 6.668113, 6.724119, 6.777066, 6.824319, 6.871599, 6.923558, 6.972081, 7.026739, 7.078989, 7.12328, 7.168239, 7.213773, 7.260459, 7.306317, 7.3537, 7.395876, 7.439046, 7.486774, 7.526022, 7.569884, 7.60562, 7.638988, 7.672262, 7.677263, 7.688454, 7.695815, 7.718485, 7.75064, 7.786778, 7.817325, 7.827579, 7.819858, 7.810051, 7.803823, 7.789174, 7.737915, 7.678319, 7.628425, 7.577144, 7.524837, 7.474387, 7.428203, 7.380145, 7.332262, 7.276195, 7.225358, 7.17587, 7.128423, 7.089653, 7.087023, 7.084769, 7.079609, 7.06888, 7.068958, 7.101279, 7.149206, 7.193218, 7.219224]]]}