{"name": "Warap", "bounding_box": [27.833333, 6.389177, 29.703512, 10.166667], "lat_idx": [200, 239], "lon_idx": [86, 106], "line": [[[29.698389, 29.659103, 29.61173, 29.573383, 29.531895, 29.478586, 29.429212, 29.379609, 29.32798, 29.288575, 29.253756, 29.212893, 29.174822, 29.13324, 29.08977, 29.063385, 29.035528, 29.007285, 28.980613, 28.953697, 28.924661, 28.897645, 28.867807, 28.882881, 28.901319, 28.926335, 28.94775, 28.964485, 28.981479, 28.990475, 28.99943, 28.999508, 28.998883, 28.975293, 28.945605, 28.913336, 28.861471, 28.80916, 28.754237, 28.704914, 28.657845, 28.610926, 28.560439, 28.496484, 28.499535, 28.495762, 28.496326, 28.498261, 28.494879, 28.494814, 28.496335, 28.495417, 28.497491, 28.496477, 28.496144, 28.491873, 28.503658, 28.508664, 28.515715, 28.526699, 28.533754, 28.490542, 28.453532, 28.416589, 28.374934, 28.337649, 28.301952, 28.290441, 28.303102, 28.299022, 28.272321, 28.240277, 28.210018, 28.179108, 28.152161, 28.101948, 28.052412, 27.996608, 27.947048, 27.895963, 27.868793, 27.869873, 27.870844, 27.877298, 27.909624, 27.911401, 27.906483, 27.898552, 27.933258, 27.945213, 27.928976, 27.963209, 27.997273, 27.986158, 27.975118, 27.964473, 27.923423, 27.886198, 27.877437, 27.906293, 27.922291, 27.951309, 27.964904, 27.988554, 28.01431, 28.036385, 28.012315, 27.989243, 27.968273, 27.9479, 27.920474, 27.833333, 27.833334, 29.000001, 29.0, 28.968121, 28.928101, 28.887646, 28.852052, 28.812338, 28.789119, 28.765957, 28.77948, 28.805302, 28.805302, 28.798729, 28.781756, 28.768925, 28.727822, 28.772903, 28.82897, 28.879948, 28.932739, 28.987571, 29.039409, 29.092909, 29.121152, 29.146204, 29.172674, 29.20036, 29.223509, 29.244508, 29.276535, 29.321119, 29.359435, 29.40325, 29.44016, 29.478871, 29.521859, 29.565034, 29.607037, 29.650106, 29.657177, 29.661745, 29.668732, 29.673664, 29.676589, 29.681994, 29.687346, 29.69563, 29.695957, 29.699832], [7.833143, 7.795759, 7.768346, 7.733369, 7.702955, 7.691922, 7.682972, 7.675392, 7.666616, 7.630389, 7.592307, 7.550973, 7.514156, 7.463196, 7.427949, 7.382868, 7.335808, 7.288079, 7.241935, 7.193988, 7.145298, 7.095474, 7.050741, 7.001824, 6.954443, 6.907987, 6.856605, 6.808832, 6.760326, 6.709764, 6.659488, 6.606344, 6.552489, 6.504756, 6.463761, 6.419197, 6.395553, 6.389177, 6.404781, 6.417587, 6.434485, 6.454929, 6.47053, 6.498489, 6.553864, 6.605872, 6.660477, 6.712706, 6.792961, 6.843887, 6.894701, 6.952287, 7.00425, 7.06026, 7.117831, 7.172087, 7.225959, 7.281524, 7.332941, 7.386726, 7.437076, 7.474882, 7.51368, 7.548227, 7.578874, 7.616646, 7.653516, 7.702394, 7.752939, 7.802885, 7.846863, 7.891461, 7.934944, 7.978334, 8.023033, 8.032145, 8.047124, 8.055837, 8.066995, 8.0738, 8.11933, 8.172276, 8.222726, 8.277295, 8.321313, 8.376644, 8.428112, 8.499404, 8.536612, 8.588473, 8.638764, 8.680588, 8.720078, 8.770487, 8.822654, 8.877212, 8.9104, 8.944965, 8.998019, 9.039449, 9.092648, 9.149553, 9.200033, 9.247944, 9.298891, 9.343867, 9.39383, 9.440422, 9.48776, 9.535762, 9.580623, 9.794445, 10.166666, 10.166667, 9.673559, 9.633744, 9.600738, 9.565287, 9.528374, 9.493716, 9.44734, 9.399092, 9.336198, 9.290658, 9.237859, 9.186079, 9.134901, 9.0865, 9.05745, 9.025846, 9.030561, 9.032866, 9.034388, 9.037948, 9.036889, 9.03494, 8.987706, 8.936782, 8.883043, 8.833288, 8.783203, 8.736515, 8.694852, 8.663676, 8.630998, 8.597091, 8.558552, 8.526268, 8.495993, 8.466344, 8.436752, 8.410393, 8.356647, 8.303158, 8.249353, 8.194748, 8.130649, 8.073463, 8.023098, 7.967849, 7.917254, 7.865878]]]}